{"items": [{"smiles": "CCC", "logP": 1.4163, "TPSA": 0.0, "MW": 44.09700000000002, "HBD": 0, "HBA": 0, "RotB": 2}, {"smiles": "CC=C", "logP": 1.1923000000000001, "TPSA": 0.0, "MW": 42.08100000000002, "HBD": 0, "HBA": 0, "RotB": 1}, {"smiles": "C=C", "logP": 0.8022, "TPSA": 0.0, "MW": 28.053999999999995, "HBD": 0, "HBA": 0, "RotB": 0}, {"smiles": "CCCl", "logP": 1.2451, "TPSA": 0.0, "MW": 64.51500000000001, "HBD": 0, "HBA": 0, "RotB": 1}]}