{"items": [{"smiles": "CCC", "logP": 1.4163, "TPSA": 0.0, "MW": 44.09700000000002, "HBD": 0, "HBA": 0, "RotB": 2}, {"smiles": "CC=C", "logP": 1.1923000000000001, "TPSA": 0.0, "MW": 42.08100000000002, "HBD": 0, "HBA": 0, "RotB": 1}]}