Cpptraj Generated trajectory and mutated by gmx_MMPBSA for alanine scanning     
  42.590  32.810  22.530  42.140  33.310  23.280  43.390  33.310  22.180  41.860
  32.700  21.840  43.160  31.530  23.020  43.430  30.950  22.130  44.390  31.740
  23.910  44.040  32.470  24.650  45.300  32.090  23.410  44.890  30.480  24.730
  45.120  29.660  24.050  43.990  30.280  25.320  46.140  30.650  25.570  45.990
  31.500  26.240  47.060  30.870  25.030  46.190  29.450  26.600  46.170  28.540
  26.000  45.220  29.540  27.080  47.370  29.420  27.460  47.290  28.670  28.130
  48.170  29.230  26.870  47.760  30.210  27.940  42.030  30.750  23.680  41.210
  31.260  24.460  41.950  29.380  23.460  42.620  29.090  22.750  41.240  28.430
  24.340  40.410  28.960  24.800  40.620  27.270  23.530  41.450  26.760  23.050
  39.690  27.710  22.370  39.400  26.920  21.680  38.750  28.070  22.780  40.200
  28.470  21.780  39.810  26.180  24.270  39.640  25.240  23.750  40.470  25.790
  25.040  38.930  26.580  24.770  42.270  27.930  25.400  43.350  27.620  25.060
  41.910  28.030  26.680  41.070  28.470  27.030  42.650  27.350  27.750  43.700
  27.470  27.470  42.500  28.190  29.020  42.690  27.510  29.850  41.490  28.540
  29.250  43.400  29.380  29.070  43.050  30.610  28.470  42.080  30.720  28.020
  43.990  31.670  28.520  43.930  32.570  27.920  45.130  31.630  29.310  45.960
  32.310  29.340  45.430  30.420  29.990  46.300  30.220  30.600  44.490  29.370
  29.940  44.690  28.470  30.500  42.350  25.900  27.970  41.240  25.390  27.900
  43.400  25.110  28.360  44.270  25.610  28.290  43.260  23.790  29.040  44.170
  23.220  28.840  42.410  23.430  28.460  42.650  23.920  30.480  43.090  24.680
  31.260  41.790  23.010  30.820  41.680  22.200  30.220  41.070  23.030  32.100
  40.370  23.860  32.220  40.120  21.820  32.260  40.780  20.960  32.180  39.380
  21.720  31.470  39.500  21.710  33.710  38.990  22.670  33.810  40.340  21.650
  34.390  38.660  20.390  33.950  37.800  20.500  33.300  38.340  20.220  34.980
  39.330  19.160  33.540  39.270  18.930  32.560  40.050  18.380  34.310  40.530
  17.300  33.800  40.460  17.150  32.800  40.940  16.620  34.410  40.410  18.660
  35.540  40.290  19.610  35.840  40.840  17.990  36.160  42.100  23.150  33.310
  41.960  23.920  34.230  43.150  22.190  33.310  43.160  21.570  32.520  44.170
  22.280  34.350  43.760  22.310  35.350  44.870  20.950  34.420  45.530  20.950
  35.280  45.480  20.770  33.530  43.870  19.560  34.710  45.200  23.440  34.290
  45.710  23.780  35.300  45.490  23.960  33.090  45.020  23.610  32.270  46.150
  25.290  32.870  47.110  25.390  33.370  46.360  25.430  31.310  45.380  25.600
  30.880  46.840  24.510  30.970  47.290  26.560  31.060  48.280  26.350  31.480
  46.860  27.520  31.360  47.400  26.790  29.590  46.250  26.750  28.880  48.360
  27.220  29.070  45.290  26.450  33.380  45.880  27.240  34.080  43.960  26.450
  33.170  43.460  25.810  32.570  43.120  27.530  33.690  43.520  28.500  33.410
  41.660  27.360  33.200  41.310  26.410  33.600  41.710  27.360  32.110  40.720
  28.460  33.680  40.660  28.270  34.750  41.270  29.820  33.470  40.460  30.560
  33.500  42.010  30.100  34.210  41.770  29.880  32.510  39.370  28.330  33.070
  38.670  28.980  33.600  39.360  28.470  31.990  38.930  27.340  33.240  43.230
  27.560  35.230  43.580  28.540  35.770  43.020  26.260  35.840  42.730  25.610
  35.120  43.220  26.060  37.230  42.590  26.680  37.880  42.810  24.620  37.490
  42.500  24.500  38.520  41.960  24.370  36.860  43.720  24.100  37.180  44.710
  26.390  37.700  44.910  26.710  38.880  45.760  26.330  36.860  45.560  25.910
  35.960  47.150  26.660  37.330  47.390  26.340  38.340  48.230  25.990  36.420
  49.250  26.200  36.740  48.060  24.920  36.370  48.030  26.270  35.380  47.390
  28.160  37.470  47.920  28.610  38.430  46.970  28.860  36.320  46.680  28.280
  35.550  46.790  30.300  36.310  47.700  30.890  36.370  46.100  30.580  34.970
  45.690  31.590  34.930  46.870  30.460  34.210  45.330  29.840  34.740  45.950
  30.750  37.550  46.430  31.480  38.310  44.820  30.170  37.850  44.220  29.620
  37.250  43.990  30.540  39.040  43.900  31.630  39.040  42.560  30.050  38.970
  42.140  30.260  39.950  42.530  28.970  38.790  41.850  30.710  37.840  42.330
  30.360  36.930  42.010  31.790  37.870  40.120  30.250  37.640  39.520  31.440
  36.430  38.490  31.240  36.120  39.570  32.460  36.810  40.100  31.290  35.510
  44.630  30.120  40.380  44.320  30.700  41.440  45.610  29.240  40.490  45.730
  28.690  39.650  46.300  28.870  41.800  45.680  29.000  42.690  46.760  27.360
  41.780  47.260  27.130  40.840  45.800  26.850  41.720  47.540  26.910  42.970
  48.530  27.380  42.950  47.610  25.840  42.810  46.850  27.100  44.300  45.830
  26.730  44.220  46.750  28.120  44.660  47.700  26.310  45.310  48.640  26.830
  45.500  47.940  25.300  44.990  47.020  26.300  46.630  47.400  25.500  47.130
  47.350  27.090  47.170  46.010  26.320  46.630  47.510  29.790  42.050  47.640
  30.330  43.170  48.340  30.110  41.000  48.020  29.800  40.090  49.350  31.180
  41.000  49.870  31.150  41.960  50.400  31.010  39.920  50.550  29.930  39.860
  51.310  31.580  40.060  49.920  31.530  38.570  49.680  32.590  38.550  49.020
  30.930  38.420  50.930  31.300  37.460  51.840  31.650  37.930  50.650  31.880
  36.580  50.990  29.850  37.080  51.140  29.290  37.900  51.000  29.380  35.870
  50.720  30.050  34.770  50.380  30.990  34.860  50.680  29.510  33.920  51.380
  28.100  35.750  51.560  27.550  36.570  51.350  27.580  34.880  48.830  32.620
  41.130  49.530  33.450  41.710  47.490  32.900  40.740  46.980  32.220  40.210
  46.810  34.160  41.140  47.500  34.970  41.350  45.990  34.730  40.000  45.570
  35.660  40.390  45.150  34.090  39.730  46.670  34.970  38.670  46.080  34.950
  37.440  46.980  35.280  36.570  46.860  35.480  35.520  48.200  35.410  37.170
  48.990  35.820  36.700  48.040  35.190  38.490  48.900  35.250  39.140  45.910
  34.100  42.310  45.330  35.080  42.800  45.780  32.860  42.880  46.350  32.080
  42.590  45.350  32.660  44.240  45.720  33.440  44.900  45.770  31.740  44.650
  43.890  32.820  44.380  43.330  33.050  45.460  43.050  32.790  43.270  43.490
  32.610  42.380  41.590  32.570  43.400  41.200  33.320  44.100  40.870  32.490
  42.060  39.800  32.500  42.280  41.200  31.670  41.420  40.980  33.740  41.100
  42.010  33.940  40.810  40.080  33.510  39.870  40.070  34.440  39.310  40.370
  32.690  39.200  39.110  33.350  40.320  40.490  34.950  41.880  40.460  35.840
  41.240  39.510  34.760  42.310  41.160  35.140  42.710  41.180  31.260  44.170
  40.050  31.150  44.560  42.120  30.300  44.180  43.060  30.530  43.880  42.020
  29.270  45.180  41.250  28.620  44.750  43.390  28.630  45.270  44.080  29.320
  45.750  43.760  28.250  44.320  43.220  27.350  46.200  42.160  26.720  46.110
  44.190  26.850  46.760  41.620  29.730  46.580  42.520  30.260  47.290  40.380
  29.560  47.010  39.740  29.090  46.390  39.710  29.980  48.270  38.700  29.570
  48.250  40.260  29.230  49.470  41.270  29.560  49.690  40.400  28.160  49.310
  39.430  29.230  50.680  38.430  28.580  50.740  39.840  29.890  51.730  40.750
  30.330  51.780  39.200  30.120  52.480  39.400  31.450  48.510  39.280  31.910
  49.660  39.440  32.300  47.480  39.620  31.850  46.590  39.240  33.710  47.540
  39.800  34.120  48.390  39.770  34.360  46.250  39.130  33.910  45.490  40.810
  34.090  46.060  39.550  35.870  46.190  38.340  36.380  45.850  37.410  35.830
  45.840  38.210  37.780  45.720  37.400  38.450  45.450  39.400  38.570  45.900
  39.180  39.910  45.790  39.980  40.450  45.810  40.640  38.050  46.130  41.540
  38.610  46.350  40.700  36.630  46.400  41.690  36.310  46.700  37.770  33.990
  47.810  36.910  33.550  47.100  37.540  34.820  48.870  38.360  35.250  49.280
  36.270  35.010  49.570  36.460  35.350  50.580  35.360  36.030  48.820  34.410
  36.040  49.350  35.270  35.620  47.810  35.800  37.570  48.590  35.060  38.030
  47.930  36.780  37.370  48.170  35.930  38.390  49.830  35.450  37.900  50.670
  35.510  39.370  49.620  37.390  38.560  50.140  37.770  38.060  50.930  38.110
  39.660  49.850  37.700  40.650  49.070  36.870  40.480  48.520  38.200  41.520
  49.120  39.320  39.860  50.320  39.750  39.400  51.110  39.850  40.580  49.830
  35.550  33.640  49.910  34.310  33.640  50.110  36.230  32.550  49.860  37.220
  32.710  50.030  35.740  31.170  50.280  34.810  31.270  50.840  36.600  30.770
  50.820  35.460  30.120  49.220  34.970  29.090  49.580  35.770  30.460  47.950
  36.100  31.410  47.860  35.340  29.620  46.830  34.600  28.910  47.200  34.460
  30.510  45.870  34.320  30.010  44.910  35.170  31.300  45.640  33.240  31.160
  46.500  31.940  30.700  45.950  31.850  29.850  45.280  30.840  31.510  46.290
  29.900  31.210  45.870  30.950  32.730  46.900  29.850  33.550  46.890  30.010
  34.310  47.460  32.190  33.170  47.440  32.280  34.160  47.870  33.310  32.270
  47.200  34.310  32.660  47.360  36.570  28.960  46.240  37.630  29.520  46.050
  36.520  27.630  46.230  35.600  27.250  46.430  37.560  26.660  46.010  38.320
  26.790  46.780  37.040  25.240  46.290  36.560  25.190  47.270  37.880  24.540
  46.270  36.210  24.760  45.310  35.680  24.040  45.650  38.080  26.860  44.570
  37.280  27.290  43.730  39.280  26.540  44.190  39.810  26.090  44.930  39.890
  26.670  42.870  40.170  27.720  42.770  41.180  25.890  42.890  41.020  24.850
  43.170  41.810  26.220  43.710  41.910  25.960  41.530  41.270  25.620  40.720
  42.380  27.380  41.110  43.050  27.310  40.260  41.510  27.980  40.850  42.960
  27.740  41.960  43.170  25.100  41.530  43.560  25.080  40.510  43.920  25.620
  42.120  42.920  24.150  41.990  38.910  26.250  41.760  38.790  26.940  40.750
  38.310  25.100  41.900  38.500  24.600  42.760  37.410  24.530  40.950  37.240
  23.490  41.230  37.880  24.480  39.970  36.010  25.170  40.670  35.450  25.090
  39.690  35.590  25.930  41.810  36.180  26.180  42.590  34.420  26.820  41.670
  33.580  26.140  41.540  34.220  27.660  42.960  33.690  28.560  42.670  35.160
  27.940  43.440  33.200  26.980  44.010  31.990  27.100  43.810  33.720  26.190
  44.950  34.720  26.060  44.870  33.210  25.660  45.640  34.590  27.800  40.460
  33.640  27.890  39.590  35.690  28.450  40.200  36.520  28.160  40.690  35.890
  29.410  39.110  35.040  30.080  39.090  37.170  30.100  39.460  37.330  30.910
  38.750  38.030  29.430  39.410  37.160  30.730  40.820  37.800  30.180  41.920
  38.460  29.330  41.830  37.590  30.940  43.030  37.760  30.740  44.010  36.850
  32.060  42.730  36.340  32.960  43.610  36.510  32.970  44.670  35.540  34.070
  43.140  35.200  34.800  43.860  35.330  34.170  41.750  34.700  34.990  41.450
  35.810  33.130  40.900  35.450  33.200  39.880  36.620  32.040  41.320  36.020
  28.770  37.640  35.590  29.280  36.690  36.700  27.610  37.620  37.130  27.140
  38.410  36.710  26.720  36.500  37.120  27.240  35.630  37.680  25.560  36.820
  37.210  24.850  37.500  38.140  24.780  35.580  38.880  24.000  35.780  37.310
  24.240  35.140  38.520  25.360  34.740  39.020  26.030  37.420  39.610  25.170
  37.740  39.700  26.620  36.820  38.830  26.540  38.370  35.260  26.300  36.050
  34.990  26.270  34.900  34.370  25.960  37.030  34.710  25.880  37.980  32.990
  25.550  36.660  32.930  24.770  35.900  32.350  25.010  37.930  32.070  25.790
  38.640  33.080  24.290  38.310  30.840  24.030  37.590  32.150  26.750  35.980
  31.400  26.610  35.000  32.300  28.000  36.440  32.920  28.110  37.240  31.830
  29.140  35.780  30.740  29.110  35.680  32.150  30.360  36.600  31.630  31.250
  36.240  31.840  30.240  37.640  33.220  30.530  36.710  32.400  29.340  34.390
  31.640  29.240  33.450  33.780  29.340  34.230  34.390  29.390  35.040  34.410
  29.450  32.950  33.980  30.320  32.450  35.890  29.660  33.260  36.500  29.650
  32.350  36.030  30.640  33.700  36.150  28.790  33.860  34.170  28.300  31.990
  34.500  28.420  30.830  33.600  27.120  32.400  33.320  27.110  33.370  33.170
  26.070  31.400  33.970  26.150  30.650  33.120  24.630  32.050  32.450  24.730
  32.910  34.100  24.400  32.460  32.720  23.470  31.140  31.650  23.600  30.950
  32.940  22.590  31.740  33.480  23.400  29.740  34.490  23.810  29.790  32.920
  23.970  28.990  33.570  21.910  29.410  32.560  21.530  29.530  34.350  21.490
  30.040  34.070  21.680  28.010  33.330  21.900  27.360  34.830  22.260  27.690
  34.240  20.690  27.910  31.790  26.400  30.920  31.620  26.380  29.670  30.840
  26.750  31.800  31.090  26.820  32.780  29.440  26.840  31.400  29.040  26.150
  30.660  28.470  26.320  32.530  27.450  26.550  32.210  28.750  26.820  33.450
  28.610  24.790  32.570  28.100  24.050  31.550  27.560  24.630  30.820  28.270
  22.650  31.610  27.990  21.950  30.840  28.970  22.000  32.660  29.220  20.950
  32.760  29.390  22.780  33.830  29.880  22.380  34.710  29.120  24.230  33.790
  29.420  24.780  34.670  29.130  28.290  30.880  28.080  28.450  30.240  30.080
  29.210  31.070  30.970  29.140  31.550  29.920  30.540  30.260  28.870  30.770
  30.100  30.710  31.700  30.940  30.780  32.580  30.290  31.690  31.360  31.260
  29.970  32.350  32.130  30.590  33.140  32.560  29.940  31.570  32.890  28.530
  32.900  31.830  28.100  33.050  30.740  27.890  33.300  32.900  30.360  30.370
  28.820  29.680  30.840  27.960  31.560  29.730  28.610  32.050  29.570  29.480
  32.300  30.030  27.430  31.730  30.200  26.520  33.280  31.190  27.690  32.720
  32.050  28.060  33.920  31.370  26.830  33.950  30.740  28.860  34.300  31.490
  29.350  33.190  28.780  27.000  33.810  28.840  25.960  33.210  27.710  27.770
  32.550  27.470  28.490  34.090  26.570  27.350  34.190  26.020  28.290  33.400
  25.680  26.320  33.300  26.200  25.370  32.530  25.180  26.740  34.210  24.320
  26.000  35.000  23.810  26.790  34.040  23.810  24.820  33.260  24.070  24.230
  34.610  23.040  24.490  35.630  26.920  27.210  36.330  26.440  26.300  36.130
  27.790  28.060  35.610  28.130  28.850  37.550  28.200  28.150  37.690  28.850
  29.010  38.460  26.970  28.430  39.430  27.440  28.640  38.690  26.440  27.500
  37.910  26.070  29.540  37.950  24.600  29.430  38.380  24.200  28.520  37.500
  23.750  30.380  37.470  22.680  30.460  36.900  24.290  31.540  36.420  23.700
  32.310  36.750  25.660  31.740  36.260  26.040  32.630  37.290  26.540  30.700
  37.100  27.580  30.930  37.970  29.040  26.890  39.150  29.170  26.710  37.010
  29.660  26.200  36.070  29.350  26.410  37.180  30.520  24.970  38.090  30.260
  24.420  36.080  30.280  23.910  35.160  30.610  24.400  36.070  29.200  23.810
  36.220  31.000  22.650  37.200  31.730  22.350  35.460  30.740  21.640  34.690
  30.110  21.820  35.490  31.260  20.780  37.310  32.010  25.310  36.400  32.710
  25.660  38.540  32.510  25.350  39.370  31.950  25.250  38.760  33.940  25.580
  38.450  34.310  26.550  40.210  34.340  25.680  40.280  35.420  25.840  40.910
  33.670  26.770  41.800  34.250  27.010  40.300  33.740  27.680  41.190  32.630
  26.610  41.040  34.130  24.490  41.530  34.960  24.430  38.040  34.980  24.620
  37.890  36.050  24.910  37.720  34.500  23.340  37.730  33.530  23.050  37.390
  35.460  22.270  37.790  36.460  22.430  37.890  35.000  20.920  37.390  35.590
  20.150  37.430  34.020  20.730  39.420  35.120  20.770  39.760  34.380  20.050
  39.980  35.000  21.690  39.680  36.440  19.980  39.280  36.740  18.830  40.490
  37.310  20.570  40.850  37.070  21.480  40.570  38.160  20.020  35.790  35.690
  22.140  35.310  36.450  21.380  35.050  34.860  22.890  35.670  34.180  23.310
  33.600  34.640  22.890  33.230  34.250  21.940  33.360  33.600  24.020  32.350
  33.210  23.890  34.010  32.740  23.840  33.440  34.040  25.010  32.920  35.950
  23.320  33.230  36.650  24.290  31.860  36.260  22.490  31.750  35.570  21.760
  30.940  37.400  22.870  31.100  37.580  23.930  31.300  38.710  22.070  30.460
  39.400  22.060  32.580  39.350  22.660  32.730  40.390  22.370  32.490  39.250
  23.740  33.450  38.740  22.450  31.580  38.560  20.690  32.470  38.220  20.580
  29.450  37.010  22.700  29.030  36.550  21.710  28.660  37.410  23.720  28.960
  37.920  24.540  27.230  37.250  23.740  27.020  36.780  22.770  26.820  36.410
  24.890  26.970  36.940  25.840  27.430  35.510  24.890  25.330  36.030  24.870
  24.680  35.670  23.780  24.620  36.170  25.950  24.970  36.770  26.680  23.800
  35.590  26.040  26.600  38.620  23.910  27.040  39.440  24.710  25.540  38.860
  23.200  25.110  38.190  22.580  24.860  40.140  23.080  25.500  40.980  23.350
  24.320  40.320  21.680  23.960  39.340  21.380  25.200  40.450  21.070  23.290
  41.430  21.450  22.440  41.320  22.110  22.900  41.540  20.440  23.810  42.880
  21.690  24.380  42.960  22.620  22.960  43.560  21.710  24.760  43.370  20.650
  25.650  42.900  20.650  24.430  44.210  19.670  25.280  44.450  18.700  26.050
  43.800  18.600  24.970  45.060  17.960  23.380  44.910  19.620  22.640  44.800
  20.300  23.180  45.670  18.970  23.670  40.110  24.100  22.860  39.200  24.070
  23.380  41.240  24.750  24.000  42.030  24.800  22.230  41.390  25.610  21.920
  40.400  25.960  22.670  42.240  26.880  21.810  42.520  27.480  23.200  43.170
  26.680  23.700  41.570  27.730  24.840  41.430  27.340  23.230  41.010  28.760
  22.250  40.810  28.910  23.860  40.360  29.210  21.060  42.240  24.980  21.370
  43.110  24.190  19.870  42.020  25.390  19.730  41.190  25.950  18.680  42.740
  24.840  18.760  42.750  23.750  17.400  41.980  25.160  16.630  42.720  24.950
  17.230  40.650  24.410  16.460  40.040  24.870  16.840  40.870  23.410  18.150
  40.070  24.410  17.340  41.700  26.570  16.400  41.530  26.660  18.650  44.260
  25.150  17.790  44.970  24.570  19.630  44.840  25.870  20.330  44.220  26.270
  19.680  46.200  26.220  18.780  46.790  26.060  19.780  46.300  27.750  18.880
  45.810  28.140  19.550  47.320  28.060  21.040  45.850  28.490  21.900  45.230
  27.880  21.080  46.150  29.700  20.800  47.020  25.630  21.110  48.130  25.990
  21.440  46.350  24.670  21.250  45.390  24.440  22.670  46.890  24.060  22.590
  47.950  23.800  22.700  46.310  23.130  24.020  46.620  24.710  25.090  46.810
  24.080  24.050  46.030  25.940  23.340  45.940  26.650  25.290  45.450  26.470
  26.150  46.070  26.230  25.230  45.530  28.040  24.850  46.500  28.370  26.210
  45.210  28.410  24.310  44.560  28.530  23.460  44.830  28.180  25.720  44.100
  25.830  25.050  43.610  24.860  26.970  43.650  26.030  27.520  44.190  26.680
  27.650  42.450  25.530  26.810  41.790  25.330  28.530  43.020  24.400  29.190
  43.770  24.820  29.440  42.000  23.840  30.180  42.390  23.150  30.090  41.550
  24.590  28.910  41.190  23.340  27.840  43.520  23.260  27.010  43.860  23.600
  28.510  41.970  26.750  29.060  42.720  27.490  28.710  40.650  26.800  28.340
  40.080  26.050  29.660  39.990  27.730  29.880  40.730  28.500  28.980  38.820
  28.460  29.680  38.470  29.220  28.790  37.970  27.800  27.620  39.290  29.090
  26.670  38.490  28.960  27.600  40.270  29.760  31.060  39.710  26.980  31.090
  39.110  25.940  32.190  40.200  27.580  32.170  40.670  28.470  33.490  40.150
  26.890  33.420  39.950  25.820  34.070  41.590  26.930  35.140  41.380  26.880
  33.920  42.020  27.930  33.430  42.470  25.830  33.900  42.700  24.510  34.850
  42.270  24.250  33.170  43.610  23.660  33.580  43.730  22.670  32.090  44.310
  24.110  31.410  45.240  23.330  30.810  45.760  23.880  31.580  44.080  25.440
  30.710  44.590  25.820  32.240  43.120  26.230  31.850  42.910  27.220  34.320
  39.100  27.660  34.530  39.140  28.820  34.690  38.100  26.780  34.220  38.040
  25.900  35.670  37.040  27.050  36.630  37.480  27.330  36.030  36.610  26.110
  35.450  35.940  28.120  34.340  35.630  28.420  36.500  35.290  28.580  37.480
  35.470  28.390  36.400  33.890  29.100  35.980  33.400  28.230  37.790  33.330
  29.360  38.370  33.510  28.450  38.520  34.140  30.460  39.590  33.970  30.340
  38.400  35.220  30.390  38.230  33.840  31.460  37.880  31.760  29.650  37.430
  31.310  28.760  37.150  31.470  30.410  39.260  31.200  29.910  39.290  30.120
  29.770  39.960  31.710  29.250  39.550  31.390  30.950  35.510  33.750  30.280
  34.680  32.780  30.320  35.460  34.740  31.150  36.130  35.490  31.050  34.520
  34.810  32.290  34.370  33.770  32.580  35.290  35.400  33.570  34.570  35.190
  34.360  35.350  36.490  33.480  36.680  34.850  33.900  37.380  35.120  33.100
  36.660  33.290  33.880  37.660  32.890  34.040  35.980  32.900  34.640  36.380
  32.980  32.870  37.140  35.430  35.230  38.160  35.140  35.460  37.200  36.500
  35.080  36.410  35.170  36.000  33.130  35.390  32.030  32.170  35.220  32.810
  32.920  36.020  30.840  33.750  36.030  30.260  31.630  36.640  30.350  31.880
  37.150  29.420  30.640  35.550  30.010  29.640  36.000  29.970  30.580  34.790
  30.780  30.870  34.800  28.750  30.110  34.020  28.710  31.890  34.440  28.620
  30.730  35.630  27.410  29.720  35.510  26.750  31.740  36.360  27.020  32.590
  36.510  27.550  31.610  36.940  26.210  31.170  37.630  31.380  30.040  37.620
  32.010  31.990  38.730  31.560  32.860  38.510  31.100  31.760  39.960  32.250
  31.040  39.750  33.050  33.090  40.390  32.980  33.630  40.790  32.130  32.710
  41.400  34.030  33.610  41.940  34.330  31.950  42.120  33.730  32.260  40.880
  34.870  33.820  39.140  33.590  34.150  38.470  32.800  33.170  38.610  34.280
  35.020  39.560  34.370  35.450  38.640  34.780  35.720  40.100  33.750  34.730
  40.140  35.240  31.110  40.990  31.440  31.650  41.350  30.350  29.980  41.510
  31.870  29.630  41.060  32.700  29.110  42.430  31.090  29.050  42.080  30.060
  27.820  42.450  31.870  27.930  42.780  32.900  27.400  41.440  31.890  26.740
  43.250  31.250  26.520  44.380  31.670  26.260  42.850  30.150  26.610  41.980
  29.770  25.600  43.510  29.770  29.640  43.850  30.900  30.330  44.410  31.750
  29.180  44.550  29.820  28.640  44.030  29.140  29.490  46.010  29.560  30.450
  46.260  30.020  29.770  46.070  28.090  30.490  45.320  27.750  30.160  47.070
  27.880  28.660  45.820  27.340  28.730  46.230  26.480  28.570  47.130  30.100
  28.860  48.290  29.870  27.420  46.830  30.770  27.130  45.900  31.040  26.650
  47.880  31.350  26.660  48.740  30.690  25.120  47.480  31.370  24.950  46.740
  32.150  24.840  46.950  30.460  24.140  48.600  31.650  24.390  49.580  31.240
  24.100  48.850  32.710  22.720  48.190  31.200  22.570  47.230  31.690  22.570
  47.950  30.150  21.780  49.170  31.720  22.050  49.940  32.310  20.440  49.100
  31.630  19.770  48.310  30.920  20.250  47.490  30.580  18.760  48.290  31.020
  19.860  50.090  32.230  20.420  50.810  32.660  18.880  50.230  32.040  27.290
  48.270  32.670  27.200  49.550  33.050  27.870  47.430  33.510  27.720  46.470
  33.240  28.360  47.870  34.880  28.270  48.940  35.060  27.610  46.930  35.850
  27.720  47.330  36.860  27.990  45.910  35.900  26.100  46.820  35.660  25.370
  45.770  35.330  25.700  44.760  35.130  24.030  46.100  35.080  23.250  45.580
  34.700  23.920  47.440  35.210  22.730  48.240  35.120  21.790  47.840  34.780
  22.830  49.630  35.460  21.910  50.180  35.310  24.110  50.110  35.830  23.950
  51.140  36.120  25.270  49.310  35.880  26.150  49.820  36.250  25.110  47.910
  35.700  29.870  47.820  34.930  30.560  48.660  35.530  30.530  46.780  34.400
  29.960  46.260  33.750  31.880  46.360  34.820  32.170  46.670  35.820  31.800
  44.860  35.000  32.700  44.570  35.540  31.890  44.400  34.020  30.934  44.449
  35.519  32.890  46.720  33.760  33.750  47.620  34.260  32.800  46.450  32.460
  32.020  45.890  32.160  33.640  47.050  31.430  34.470  47.600  31.880  34.370
  45.900  30.640  34.920  45.160  31.210  35.160  46.290  30.000  33.380  44.970
  29.560  32.970  48.120  30.540  31.710  48.080  30.440  33.760  49.040  29.980
  34.760  48.940  30.090  33.290  49.900  28.870  32.210  49.830  28.950  33.670
  51.400  29.240  34.620  51.410  29.780  32.910  51.850  29.870  33.600  52.240
  27.980  32.530  52.790  27.700  34.630  52.350  27.120  35.570  52.110  27.400
  34.440  53.010  26.370  33.820  49.420  27.450  34.970  49.040  27.400  32.860
  49.380  26.450  31.960  49.550  26.850  32.990  49.140  25.030  34.070  48.990
  25.050  32.280  47.910  24.650  32.710  47.080  25.210  32.310  47.800  23.560
  30.750  47.880  24.870  30.060  46.930  24.840  30.230  49.150  25.040  32.970
  50.370  24.170  33.180  50.430  22.960  32.640  51.440  24.760  32.730  51.340
  25.760  32.430  52.740  24.050  33.120  52.850  23.220  32.640  53.470  24.830
  31.010  52.830  23.510  30.480  53.960  23.520  30.250  51.740  23.280  30.810
  50.900  23.330  28.990  51.700  22.550  28.720  52.750  22.380  29.110  51.030
  21.170  29.990  51.490  20.700  28.280  51.290  20.510  29.310  49.530  21.220
  28.420  49.060  21.640  30.220  49.210  21.720  29.410  49.100  19.690  30.390
  49.370  19.290  28.660  49.620  19.110  29.230  47.640  19.530  29.960  46.990
  19.770  28.040  47.200  19.220  27.830  45.880  19.020  28.610  45.250  19.100
  26.880  45.570  18.890  26.820  47.770  19.180  26.750  48.720  19.500  26.050
  47.240  18.810  27.810  50.990  23.270  26.750  51.020  22.760  28.080  50.570
  24.520  28.990  50.330  24.890  26.990  50.390  25.450  26.160  49.940  24.890
  27.420  49.460  26.600  28.370  49.820  26.990  26.400  49.180  27.740  26.700
  48.400  28.430  26.410  50.060  28.390  25.410  49.010  27.320  27.640  48.170
  26.010  28.480  48.280  25.580  26.620  51.750  26.070  27.500  52.410  26.620
  25.300  52.090  26.120  24.170  51.460  25.440  23.640  50.950  26.250  24.410
  50.830  24.590  23.330  52.660  24.910  22.270  52.410  24.810  23.750  52.980
  23.960  23.570  53.620  26.070  22.840  53.330  26.830  23.360  54.660  25.790
  24.940  53.430  26.610  25.630  54.150  26.180  25.030  53.600  28.130  24.560
  52.740  28.870  25.650  54.710  28.570  26.110  55.360  27.950  25.820  55.080
  29.990  24.780  55.060  30.320  26.530  55.900  30.050  26.490  54.000  30.920
  26.540  54.150  32.060  27.290  53.050  30.320  27.230  52.990  29.320  28.160
  52.100  31.060  27.600  51.260  31.460  29.170  51.410  30.180  29.900  52.080
  29.730  28.620  51.000  29.330  29.770  50.440  30.990  29.580  49.590  30.590
  29.020  52.690  32.230  29.740  53.660  32.070  28.980  52.030  33.430  28.480
  51.150  33.450  29.530  52.490  34.690  29.300  53.560  34.620  28.640  51.890
  35.940  29.000  52.360  36.850  28.630  50.810  36.090  27.200  52.340  35.690
  26.630  52.020  36.560  26.790  51.830  34.820  26.970  53.850  35.550  27.020
  54.170  34.510  27.730  54.390  36.110  25.640  54.260  36.040  25.560  54.200
  37.050  24.550  54.450  35.240  24.530  54.380  33.960  25.420  54.280  33.510
  23.760  54.720  33.390  23.400  54.770  35.860  23.300  54.800  36.860  22.630
  54.900  35.220  31.030  52.320  34.910  31.530  52.990  35.860  31.750  51.550
  34.090  31.400  51.100  33.260  33.150  51.510  34.320  33.460  50.730  33.640
  33.810  52.790  33.620  33.210  53.550  34.140  33.260  52.910  32.690  35.270
  52.950  33.620  35.960  52.140  32.980  35.900  54.000  34.170  35.410  54.520
  34.880  36.910  54.040  34.220  33.640  51.040  35.690  34.750  51.380  36.120
  32.910  50.160  36.450  32.090  49.830  35.960  33.270  49.780  37.790  33.470
  50.640  38.430  32.090  48.930  38.300  32.400  48.450  39.230  31.900  48.100
  37.630  30.720  49.600  38.620  30.270  50.000  37.710  29.720  48.580  39.190
  28.720  49.020  39.220  29.640  47.650  38.630  29.920  48.360  40.240  30.860
  50.670  39.660  29.860  51.090  39.760  31.210  50.290  40.630  31.360  51.600
  39.390  34.600  49.080  37.930  35.170  49.130  39.020  35.020  48.310  36.890
  34.400  48.410  36.090  36.350  47.730  36.820  36.650  47.430  37.830  36.220
  46.390  36.010  36.880  46.380  35.150  35.200  46.260  35.640  36.440  44.930
  37.040  37.490  48.640  36.360  38.690  48.300  36.520  37.190  49.770  35.750
  36.220  50.000  35.620  38.120  50.760  35.140  37.460  51.520  34.750  38.930
  51.500  36.210  39.800  50.850  36.380  38.330  51.690  37.100  39.410  52.850
  35.640  38.740  53.610  35.010  40.630  53.160  35.930  41.090  52.550  36.590
  40.880  54.130  35.750  39.020  50.210  33.900  40.030  50.840  33.570  38.530
  49.180  33.270  37.600  48.850  33.490  39.200  48.650  32.060  40.080  49.260
  31.830  39.780  47.250  32.260  40.280  47.040  31.320  40.800  47.200  33.390
  41.290  46.230  33.460  41.640  47.820  33.070  40.330  47.530  34.320  38.680
  46.210  32.480  37.920  46.290  31.710  38.240  46.300  33.480  39.170  44.760
  32.310  38.290  44.140  32.430  39.690  44.600  31.370  39.910  44.510  33.080
  38.320  48.730  30.740  37.100  48.650  30.870  38.910  48.780  29.530  40.360
  48.890  29.240  40.850  48.100  29.810  40.740  49.830  29.650  40.600  48.710
  27.730  40.880  47.700  27.440  41.300  49.460  27.360  39.190  49.050  27.200
  39.040  48.540  26.250  39.080  50.140  27.180  38.240  48.620  28.250  37.350
  49.240  28.230  37.790  47.130  28.280  38.580  46.250  28.500  36.580  46.860
  27.750  36.000  47.670  27.610  36.040  45.560  27.410  35.870  45.020  28.340
  34.680  45.760  26.760  34.400  44.840  26.240  34.840  46.500  25.990  33.400
  46.270  27.940  36.930  44.730  26.440  37.040  43.490  26.610  37.710  45.400
  25.570  37.530  46.380  25.370  38.730  44.850  24.680  38.310  43.950  24.220
  39.110  45.790  23.590  38.310  46.020  22.890  39.830  45.240  22.980  39.740
  46.940  24.160  40.700  46.960  24.150  40.050  44.410  25.440  40.930  43.830
  24.770  40.220  44.550  26.750  39.570  45.070  27.310  41.270  43.970  27.570
  42.120  43.750  26.920  41.650  44.880  28.650  42.410  44.470  29.310  42.170
  45.710  28.170  40.840  45.120  29.340  40.950  42.570  28.130  41.760  41.760
  28.430  39.640  42.350  28.340  38.910  43.030  28.210  39.150  41.000  28.740
  39.740  40.740  29.620  37.690  40.960  29.100  37.330  39.940  29.240  37.300
  41.310  28.140  37.150  41.870  30.310  37.570  42.860  30.160  35.670  42.050
  30.380  35.340  42.710  31.180  35.270  42.490  29.460  35.150  41.110  30.530
  37.780  41.220  31.590  37.420  41.710  32.500  37.460  40.180  31.630  38.860
  41.260  31.470  39.530  39.940  27.750  39.940  38.850  28.090  39.330  40.230
  26.420  39.050  41.180  26.210  39.510  39.300  25.290  38.930  38.440  25.630
  39.000  39.780  23.970  39.120  38.980  23.240  39.550  40.650  23.620  37.490
  40.110  23.800  37.290  40.990  24.420  37.250  40.450  22.330  36.170  40.600
  22.310  37.750  41.360  22.000  37.490  39.610  21.670  36.590  38.980  24.260
  35.570  39.180  23.910  36.960  38.010  23.920  36.530  38.950  25.350  40.950
  38.860  25.130  41.210  38.010  24.290  41.900  39.360  25.920  41.620  39.910
  26.720  43.240  38.900  25.980  43.740  39.270  25.090  43.880  39.720  27.100
  43.400  39.430  28.030  43.680  40.760  26.820  45.290  39.520  27.280  45.360
  39.670  28.230  43.370  37.430  26.060  42.530  36.770  26.650  44.420  36.880
  25.480  44.990  37.420  24.840  44.830  35.480  25.700  43.980  34.820  25.820
  45.680  35.030  24.550  46.180  34.110  24.830  46.460  35.770  24.380  44.830
  34.820  23.440  44.820  35.690  23.030  45.650  35.340  27.020  45.800  34.240
  27.480  46.080  36.460  27.650  45.980  37.330  27.140  46.440  36.570  29.060
  46.780  35.620  29.480  47.600  37.560  29.260  47.540  38.470  28.670  48.510
  37.060  28.930  47.800  37.860  30.680  48.270  38.960  31.090  47.510  36.940
  31.530  45.220  36.930  29.890  44.820  38.090  29.900  44.620  35.940  30.500
  45.020  35.020  30.380  43.520  36.050  31.490  42.760  36.650  31.000  42.880
  34.680  31.750  42.010  34.810  32.390  42.250  34.210  30.400  41.800  33.240
  30.590  41.700  35.040  29.960  43.040  34.010  29.680  43.910  33.640  32.280
  44.370  34.010  33.200  44.820  33.560  31.680  43.380  32.150  32.460  44.100
  31.430  32.850  42.540  32.120  33.160  42.910  31.910  31.510  43.880  36.670
  32.800  43.040  36.900  33.660  45.170  37.100  33.070  45.860  36.850  32.370
  45.580  37.820  34.240  45.390  37.330  35.190  47.120  38.180  34.300  47.290
  39.030  33.630  47.640  38.600  35.660  48.710  38.790  35.600  47.160  39.480
  36.090  47.450  37.790  36.370  47.910  37.060  34.030  47.880  36.940  33.080
  44.840  39.130  34.350  44.430  39.590  35.440  44.680  39.880  33.240  45.320
  39.540  32.540  43.810  41.040  33.170  44.130  41.750  33.930  44.070  41.710
  31.830  43.310  42.440  31.560  44.980  42.310  31.800  44.150  40.910  31.080
  42.270  40.820  33.550  41.650  41.560  34.210  41.770  39.600  33.090  42.300
  38.870  32.650  40.400  39.050  33.570  39.580  39.730  33.320  40.030  37.740
  32.820  39.150  37.250  33.260  40.890  37.090  32.700  39.590  38.160  31.560
  40.350  38.180  30.970  40.290  38.740  35.070  39.280  39.040  35.690  41.350
  38.160  35.670  42.120  37.740  35.160  41.510  37.830  37.090  40.650  37.230
  37.370  42.730  37.080  37.350  43.620  37.560  36.930  42.670  35.630  36.730
  43.290  34.960  37.320  41.650  35.260  36.850  43.000  35.720  35.700  42.980
  36.850  38.890  43.730  36.080  39.060  43.410  37.710  39.400  42.030  36.570
  39.350  41.410  39.130  37.890  40.590  39.220  38.790  42.270  40.170  37.480
  42.960  40.020  36.760  42.190  41.280  38.330  42.310  40.950  39.360  43.490
  42.210  38.020  43.310  43.090  38.640  43.380  42.630  37.010  44.670  41.460
  38.450  44.960  41.420  39.660  45.570  41.110  37.570  45.200  41.060  36.630
  46.370  40.530  37.780  40.940  42.130  38.300  40.750  42.760  39.300  40.030
  41.890  37.400  40.140  41.180  36.690  38.710  42.520  37.410  38.700  43.490
  37.900  38.300  42.730  35.950  38.390  41.760  35.460  39.010  43.430  35.510
  36.600  43.420  35.810  37.700  41.710  38.110  36.970  42.290  39.050  37.640
  40.410  38.000  38.220  40.050  37.250  36.810  39.540  38.740  35.780  39.810
  38.530  36.820  38.130  38.150  35.890  37.560  38.270  36.940  38.190  37.070
  37.700  37.530  38.390  36.930  39.540  40.290  36.040  39.520  41.000  38.200
  39.850  40.730  38.930  39.730  40.040  38.490  40.100  42.170  38.310  39.250
  42.820  40.010  40.240  42.360  40.320  40.750  43.280  40.480  40.820  41.560
  40.730  38.850  42.220  40.810  38.440  41.210  40.260  38.100  42.850  42.120
  39.010  42.700  42.260  39.420  43.700  42.740  39.670  42.080  42.730  37.590
  42.740  42.590  37.100  41.780  42.430  36.980  43.590  44.200  37.740  42.960
  44.710  36.870  43.040  44.700  38.210  42.220  44.300  38.320  43.790  37.900
  41.320  42.770  37.650  41.430  43.990  37.430  42.230  41.880  37.550  42.170
  40.870  36.610  43.390  42.310  36.880  43.670  43.330  36.840  44.570  41.310
  36.450  45.530  41.670  36.360  44.360  40.350  38.370  44.850  41.130  38.940
  44.020  40.710  38.760  45.110  42.120  38.480  46.130  40.290  37.900  46.980
  40.640  38.040  45.910  39.320  39.970  46.440  40.020  40.520  45.590  39.620
  40.270  46.860  40.980  40.010  47.510  39.010  40.970  47.800  38.900  39.570
  47.150  38.180  39.630  48.300  39.520  35.140  43.010  42.470  34.440  43.760
  43.070  34.660  41.850  41.940  35.360  41.160  41.730  33.290  41.530  41.610
  32.660  42.420  41.730  32.990  41.220  40.090  33.350  40.200  39.950  31.520
  41.200  39.790  31.450  40.930  38.740  30.970  40.470  40.380  31.170  42.220
  39.970  33.680  42.290  39.210  34.690  42.600  39.470  33.180  43.240  39.420
  33.510  42.060  37.750  34.240  42.520  37.090  33.550  41.020  37.430  32.520
  42.400  37.430  32.680  40.500  42.530  31.440  40.620  42.910  33.370  39.570
  43.080  34.330  39.340  42.850  32.830  38.650  44.080  31.820  38.340  43.840
  33.670  37.420  44.040  33.860  37.140  43.000  35.080  37.650  44.640  35.620
  36.700  44.660  35.600  38.210  43.870  35.170  38.160  45.600  33.020  36.230
  44.720  33.700  35.400  44.880  32.650  36.570  45.690  32.200  35.840  44.120
  32.850  39.310  45.500  32.280  38.800  46.410  33.510  40.480  45.550  34.040
  40.890  44.800  33.530  41.260  46.780  33.370  40.670  47.680  34.900  41.880
  47.000  34.990  42.270  48.010  35.000  42.690  46.280  35.900  40.860  46.770
  36.320  41.090  45.940  32.530  42.470  46.710  32.500  43.270  47.600  31.570
  42.540  45.670  31.410  41.790  45.020  30.690  43.760  45.480  31.200  44.640
  45.870  30.280  43.760  43.960  30.010  42.710  43.860  31.180  44.040  43.410
  29.060  44.700  43.710  28.170  44.200  43.080  29.230  45.970  44.000  29.560
  43.560  46.430  29.640  44.000  47.540  28.510  42.730  46.090  28.510  42.140
  45.270  27.370  42.690  46.860  26.760  43.600  46.880  27.410  42.600  47.950
  26.380  41.470  46.650  25.320  41.350  47.290  26.770  40.500  45.830  27.550
  40.670  45.220  26.080  39.160  45.710  25.470  39.030  46.600  25.060  39.280
  44.520  25.570  39.100  43.570  24.560  40.250  44.470  23.960  38.350  44.750
  23.810  37.790  45.730  23.180  38.000  43.630  23.410  38.460  42.760  22.310
  37.540  43.860  26.990  37.980  45.530  26.600  36.890  45.640  28.290  38.340
  45.180  28.650  39.280  45.090  29.370  37.340  45.160  29.300  36.700  46.030
  30.330  37.840  45.160  29.490  36.650  43.740  29.570  37.330  42.750  29.740
  35.330  43.740  29.730  34.670  44.510  29.720  34.580  42.460  30.410  35.130
  41.810  30.230  33.210  42.560  30.270  32.790  41.560  29.640  32.470  43.090
  31.680  33.170  43.010  31.760  33.310  44.090  32.270  33.970  42.560  32.650
  31.600  42.790  32.870  31.320  41.030  32.020  30.750  40.650  32.770  32.240
  40.450  33.790  30.800  40.760  28.350  34.490  41.820  28.300  34.360  40.620
  27.260  34.770  42.510  27.100  34.850  43.500  25.930  34.780  41.880  25.750
  33.760  41.550  24.870  35.280  42.880  23.950  35.560  42.360  25.230  36.070
  43.530  24.570  34.230  43.940  24.080  33.150  43.600  25.140  34.410  45.100
  25.620  35.270  45.310  25.370  33.590  45.660  25.760  35.720  40.680  24.700
  35.680  40.010  26.750  36.660  40.450  27.530  36.670  41.100  26.580  37.560
  39.320  25.690  38.170  39.460  27.820  38.540  39.430  27.640  39.400  38.780
  27.790  38.960  40.440  28.760  38.070  39.140  26.500  36.910  37.880  25.600
  37.220  37.120  27.410  35.990  37.520  28.080  35.670  38.200  27.440  35.150
  36.350  27.460  35.720  35.420  28.740  34.350  36.310  28.810  33.640  35.480
  28.820  33.560  37.050  29.960  35.220  36.250  30.450  35.890  35.190  30.060
  35.940  34.180  31.630  36.480  35.420  32.310  37.070  34.970  32.070  36.050
  36.770  33.290  36.250  37.480  34.030  36.850  36.980  33.440  35.670  38.680
  34.320  35.760  39.300  32.430  34.850  39.240  32.530  34.300  40.160  31.180
  34.660  38.490  30.450  33.990  38.920  31.010  35.330  37.220  26.240  34.130
  36.230  26.050  33.260  37.070  25.490  34.150  35.060  25.920  34.810  34.420
  24.330  33.320  34.870  23.730  33.590  35.730  23.420  33.770  33.600  22.790
  34.560  34.030  24.340  34.180  32.450  23.790  34.160  31.510  24.650  35.220
  32.480  25.160  33.480  32.290  22.510  32.640  33.190  21.840  32.890  32.370
  23.110  31.820  32.790  21.960  32.210  34.020  24.630  31.870  35.050  23.940
  31.070  35.690  25.690  31.430  34.390  26.290  32.130  33.980  26.040  30.080
  34.340  25.210  29.430  34.050  27.050  29.870  33.220  27.080  28.780  33.140
  26.700  30.260  32.270  27.980  30.370  33.500  26.470  29.490  35.700  26.370
  28.310  36.010  26.990  30.360  36.570  27.180  31.310  36.260  27.270  30.010
  37.930  27.760  29.040  37.920  28.340  30.890  38.520  27.920  31.870  38.710
  29.170  31.040  37.830  28.920  30.410  39.790  29.860  29.510  39.960  30.400
  29.130  39.110  29.950  29.160  41.260  30.630  28.540  41.670  29.100  29.900
  42.050  28.730  29.730  43.400  29.430  29.070  43.890  27.680  30.540  43.900
  27.510  30.430  44.960  27.050  31.470  43.110  26.220  32.030  43.520  27.280
  31.470  41.740  26.620  32.020  41.080  28.350  30.640  41.170  26.040  29.790
  38.850  26.000  28.730  39.480  25.120  30.710  38.710  25.190  31.560  38.170
  23.820  30.350  39.250  23.920  30.300  40.340  22.770  31.510  38.890  21.820
  31.000  39.080  22.720  31.580  37.810  22.890  32.740  39.710  23.630  33.390
  39.250  23.170  32.610  40.760  21.560  33.630  39.630  21.700  34.480  40.300
  20.790  33.150  40.250  21.150  33.990  38.270  20.380  33.460  37.890  21.730
  34.840  37.450  21.180  34.980  36.300  20.290  34.650  35.970  21.640  35.680
  35.720  22.870  35.480  37.740  23.250  35.430  38.670  23.240  36.190  37.120
  23.250  28.990  38.770  22.850  28.250  39.610  23.210  28.620  37.440  23.540
  29.380  36.860  22.370  27.570  36.990  21.690  27.400  37.830  21.630  28.230
  35.720  21.290  27.330  35.200  22.340  28.720  35.050  20.520  29.160  36.090
  20.600  29.820  37.100  19.520  29.340  35.300  19.380  28.730  34.500  18.730
  29.790  35.720  23.010  26.190  36.610  22.250  25.250  36.230  24.280  26.020
  36.660  24.710  26.830  37.100  24.980  24.850  36.200  24.270  24.020  36.270
  25.370  24.970  34.710  26.110  24.260  34.330  25.930  25.860  34.410  24.130
  24.930  33.800  23.360  25.650  34.070  23.820  23.880  33.830  24.450  25.290
  32.370  23.770  24.730  31.710  25.380  24.820  32.040  24.480  26.740  32.170
  24.050  27.300  32.890  24.930  27.310  31.120  25.370  26.730  30.060  25.210
  25.730  30.080  25.740  27.100  29.200  24.970  28.630  30.930  24.490  29.230
  31.590  25.330  28.960  30.050  26.280  24.370  37.020  26.980  23.470  36.630
  26.390  24.980  38.290  25.650  25.660  38.300  27.630  24.760  39.120  27.930
  23.720  39.050  28.690  25.800  38.750  29.520  25.660  39.450  28.360  26.840
  38.770  29.400  25.440  37.130  27.230  25.040  40.630  27.590  24.220  41.420
  26.610  26.190  41.020  26.600  26.830  40.230  25.920  26.460  42.300  26.710
  26.490  43.050  25.120  27.780  42.170  24.510  27.820  41.270  25.780  28.640
  42.170  24.230  28.120  43.400  24.770  27.890  44.320  23.410  27.420  43.280
  23.790  29.560  43.450  23.130  29.800  42.620  24.710  30.140  43.430  22.890
  30.080  44.650  23.630  30.320  45.410  22.200  29.280  44.920  22.190  31.360
  44.400  21.910  31.760  45.280  22.740  32.060  43.920  21.410  31.180  43.780
  25.110  25.250  42.590  24.100  25.050  41.900  25.550  24.440  43.570  26.340
  24.730  44.120  24.790  23.220  44.000  23.780  23.230  43.590  24.760  23.160
  45.090  25.430  21.840  43.550  24.970  20.860  44.030  26.560  21.900  42.870
  27.020  22.780  42.720  27.220  20.700  42.330  26.610  19.810  42.460  27.550
  20.730  40.820  28.030  19.810  40.490  26.250  20.930  39.950  26.320  20.890
  38.870  25.670  20.020  40.150  25.780  21.850  40.290  28.460  21.800  40.450
  28.100  22.610  40.800  28.430  20.120  43.120  28.740  20.680  44.240  29.150
  19.230  42.560  28.850  18.560  41.860  30.560  18.750  43.080  30.550  18.870
  44.160  30.760  17.260  42.950  30.840  16.850  41.940  29.970  16.830  43.570
  31.910  16.680  43.660  31.880  15.450  43.930  32.910  17.450  43.990  31.610
  19.600  42.290  32.180  19.120  41.300  31.790  20.800  42.770  31.350  21.090
  43.630  32.680  21.760  42.100  32.360  21.690  41.060  32.350  23.120  42.680
  32.900  23.830  42.070  30.840  23.410  42.610  30.670  24.350  43.130  30.600
  23.420  41.540  30.250  22.610  43.060  32.900  23.270  44.120  32.430  24.120
  44.620  32.760  22.400  44.750  33.950  23.570  44.000  34.160  21.330  42.240
  34.970  22.030  41.590  34.620  20.400  43.030  34.020  19.780  43.550  36.010
  19.880  43.060  36.600  20.790  42.980  36.220  19.140  44.350  35.690  18.190
  44.300  35.780  19.880  45.020  37.680  18.720  44.730  38.390  19.520  44.510
  37.940  17.840  44.150  37.790  18.420  46.190  38.000  19.300  47.000  37.740
  17.100  46.640  37.510  16.450  45.910  37.810  16.850  47.610  36.340  19.040
  41.800  37.540  18.920  41.430  35.360  18.420  41.200  34.380  18.550  41.430
  35.460  17.610  39.960  35.880  16.670  40.330  34.080  17.400  39.390  34.230
  16.810  38.490  33.450  16.830  40.090  33.580  18.300  39.050  36.430  18.160
  38.930  37.260  17.460  38.340  36.350  19.520  38.730  35.780  20.100  39.330
  37.200  20.230  37.780  37.230  19.600  36.890  36.570  21.570  37.440  37.000
  22.030  36.550  36.630  22.320  38.220  35.060  21.540  37.220  34.170  21.700
  38.220  34.420  22.000  39.220  32.920  21.330  37.630  32.100  21.350  38.210
  32.960  20.900  36.350  32.060  20.400  35.430  31.060  20.220  35.800  32.540
  19.890  34.190  31.810  19.370  33.590  33.880  20.100  33.880  34.270  19.660
  32.980  34.780  20.720  34.780  35.840  20.830  34.600  34.420  21.180  36.030
  38.690  20.450  38.100  39.460  20.840  37.250  39.120  20.080  39.270  38.380
  19.840  39.910  40.500  20.050  39.700  41.220  20.260  38.920  40.800  21.100
  40.810  41.800  21.110  41.230  40.720  22.510  40.150  40.730  23.280  40.920
  41.600  22.690  39.530  39.850  22.540  39.490  39.860  20.950  42.030  39.790
  19.900  42.290  38.880  21.320  41.730  40.380  21.680  43.300  39.660  21.610
  44.110  41.310  21.190  43.590  40.660  22.730  43.180  41.020  18.630  40.070
  42.110  18.520  40.620  40.260  17.560  39.800  39.310  17.730  39.490  40.630
  16.140  39.790  41.340  15.990  40.600  39.520  15.090  39.890  40.100  14.180
  39.740  38.960  15.090  38.960  38.740  15.220  41.140  38.530  16.280  41.300
  39.130  14.890  42.100  37.430  14.570  41.140  37.570  13.500  40.960  36.860
  14.820  40.240  36.490  14.750  42.320  36.990  14.610  43.190  35.230  14.840
  42.480  34.330  14.720  41.540  34.580  14.510  40.580  33.360  14.630  41.800
  34.710  15.060  43.680  35.240  15.030  44.540  33.760  15.400  43.750  41.490
  15.860  38.510  41.230  16.570  37.500  42.500  14.990  38.500  42.580  14.590
  39.420  43.470  14.820  37.460  43.000  14.980  36.500  44.060  13.910  37.590
  44.650  15.880  37.570  45.760  15.520  37.520  44.250  17.170  37.690  43.280
  17.410  37.540  45.240  18.310  37.860  45.920  18.250  37.010  44.380  19.550
  37.850  45.120  20.350  37.760  43.960  19.670  38.850  43.080  19.800  36.630
  46.040  18.200  39.130  45.450  18.250  40.240  47.370  18.070  38.990  47.770
  18.210  38.070  48.270  18.080  40.120  47.640  18.060  41.010  49.190  16.910
  40.040  49.830  17.100  39.180  48.700  15.940  40.130  49.940  16.780  41.360
  50.480  15.850  41.500  49.270  16.460  42.170  50.910  17.900  41.790  50.970
  17.840  42.880  50.650  18.930  41.580  52.320  17.680  41.380  52.630  16.740
  41.580  53.190  18.550  40.950  54.450  18.200  40.680  54.890  17.310  40.850
  55.030  18.980  40.380  52.780  19.740  40.540  51.870  19.880  40.960  53.510
  20.430  40.440  48.810  19.550  40.090  49.700  19.650  39.120  48.280  20.480
  40.730  47.340  20.340  41.080  48.750  21.910  40.590  48.980  21.980  39.530
  47.730  22.990  40.940  48.150  23.990  40.840  47.500  22.940  42.010  46.260
  23.110  40.290  45.910  24.080  40.610  46.400  22.950  38.800  45.420  23.090
  38.330  47.220  23.540  38.400  46.640  21.890  38.670  45.440  22.070  40.920
  44.380  22.220  40.710  45.660  21.070  40.540  45.610  22.020  42.000  50.200
  22.130  41.100  50.750  21.160  41.690  50.820  23.230  40.890  29.850  39.670
  36.880  29.580  39.490  35.370  28.250  38.760  35.080  30.890  40.030  36.910
  29.900  38.730  37.440  29.190  40.400  37.350  30.430  38.950  34.940  29.530
  40.430  34.810  28.120  37.790  35.570  28.230  38.660  33.990  27.380  39.340
  35.400
  42.694  32.470  22.338  42.097  33.067  22.904  43.388  33.073  21.926  42.022
  32.140  21.659  43.265  31.270  23.096  43.783  30.703  22.320  44.196  31.681
  24.235  43.608  32.199  24.991  44.931  32.334  23.782  44.807  30.390  24.753
  45.365  29.912  23.946  44.023  29.788  25.215  45.757  30.661  25.913  45.380
  31.357  26.658  46.492  31.334  25.470  46.408  29.420  26.551  46.906  28.853
  25.765  45.594  28.737  26.814  47.359  29.720  27.630  47.823  28.828  27.756
  48.133  30.264  27.278  46.980  30.068  28.488  42.119  30.460  23.559  41.052
  30.999  23.954  42.251  29.139  23.546  43.110  28.841  23.099  41.444  28.259
  24.360  40.667  28.807  24.886  40.779  27.188  23.435  41.555  26.471  23.141
  40.144  27.825  22.231  39.472  27.226  21.623  39.619  28.681  22.645  40.869
  28.317  21.569  39.693  26.490  24.278  39.040  25.850  23.681  40.258  25.870
  24.982  39.026  27.157  24.823  42.358  27.630  25.485  43.487  27.341  25.228
  41.836  27.490  26.735  40.968  27.947  26.961  42.641  26.971  27.869  43.681
  26.953  27.531  42.514  27.750  29.155  42.799  27.153  30.019  41.465  28.027
  29.292  43.312  29.025  29.189  42.860  30.214  28.621  41.950  30.057  28.061
  43.538  31.401  28.755  43.194  32.361  28.399  44.797  31.457  29.447  45.333
  32.393  29.402  45.328  30.247  30.005  46.258  30.284  30.556  44.561  29.111
  29.900  44.815  28.212  30.435  42.281  25.476  28.208  41.138  25.053  28.238
  43.386  24.721  28.633  44.269  25.154  28.412  43.127  23.436  29.290  44.093
  22.930  29.315  42.444  22.937  28.592  42.525  23.518  30.699  42.641  24.571
  31.383  41.758  22.525  31.134  41.604  21.733  30.528  41.027  22.578  32.442
  40.342  23.432  32.457  40.138  21.274  32.519  40.753  20.408  32.254  39.400
  21.414  31.717  39.395  20.985  33.749  38.730  21.840  33.913  40.104  21.055
  34.570  38.626  19.670  33.656  38.117  19.577  32.695  37.904  19.559  34.465
  39.499  18.514  33.703  39.577  18.059  32.816  40.014  17.897  34.798  40.727
  16.762  34.605  40.766  16.386  33.667  41.012  16.204  35.389  39.784  18.326
  36.005  39.660  19.307  36.199  40.030  17.728  36.779  41.955  22.628  33.593
  41.718  23.256  34.610  43.111  21.860  33.419  43.128  21.235  32.633  44.151
  22.069  34.360  43.720  22.247  35.348  44.892  20.746  34.618  45.541  20.876
  35.479  45.502  20.517  33.741  43.843  19.365  35.055  45.118  23.241  34.144
  45.999  23.581  34.984  45.014  23.885  32.971  44.423  23.495  32.262  45.812
  25.088  32.605  46.811  24.954  33.027  46.025  25.108  31.035  44.976  25.303
  30.772  46.169  24.105  30.651  47.031  26.089  30.591  48.059  25.774  30.754
  47.006  27.003  31.176  47.136  26.460  29.059  46.027  26.493  28.407  48.120
  27.011  28.617  45.310  26.415  33.177  46.044  27.164  33.803  44.021  26.622
  33.034  43.508  25.992  32.426  43.267  27.651  33.787  43.613  28.637  33.481
  41.817  27.627  33.275  41.540  26.590  33.460  41.729  27.692  32.194  40.832
  28.578  34.008  40.779  28.344  35.069  41.162  30.044  33.760  40.275  30.592
  34.076  42.013  30.343  34.359  41.444  30.247  32.729  39.472  28.393  33.397
  38.765  29.021  33.942  39.505  28.667  32.345  39.235  27.346  33.603  43.273
  27.370  35.338  43.388  28.364  36.113  43.344  26.132  35.725  43.551  25.397
  35.060  43.430  25.860  37.197  42.724  26.537  37.672  43.031  24.454  37.475
  42.908  24.271  38.545  42.080  24.237  36.994  43.788  23.806  37.039  44.812
  26.184  37.757  44.971  26.350  38.957  45.863  26.242  36.868  45.623  25.979
  35.920  47.216  26.735  37.137  47.662  26.358  38.060  48.145  26.283  35.991
  49.165  26.419  36.362  47.959  25.233  35.757  48.181  26.998  35.167  47.235
  28.256  37.239  47.667  28.789  38.266  46.611  28.924  36.274  46.330  28.511
  35.396  46.390  30.386  36.345  47.412  30.731  36.495  45.816  31.013  35.121
  45.562  32.055  35.275  46.537  31.024  34.302  44.963  30.476  34.703  45.731
  30.778  37.652  46.275  31.599  38.418  44.577  30.227  37.974  44.183  29.556
  37.327  43.867  30.588  39.161  43.904  31.678  39.095  42.405  30.127  38.991
  41.754  30.266  39.850  42.558  29.055  38.858  41.691  30.825  37.846  42.291
  30.606  36.958  41.517  31.877  38.080  40.017  30.093  37.458  39.107  31.525
  36.789  38.115  31.259  36.419  38.950  32.310  37.524  39.721  31.997  36.027
  44.543  30.162  40.494  44.084  30.661  41.551  45.467  29.276  40.551  45.755
  28.769  39.724  46.213  28.848  41.754  45.492  28.967  42.562  46.563  27.375
  41.653  47.214  27.326  40.784  45.690  26.750  41.465  47.258  26.768  42.927
  48.220  27.224  43.166  47.371  25.716  42.694  46.407  26.881  44.216  45.493
  26.286  44.138  46.213  27.943  44.339  47.231  26.302  45.360  48.263  26.635
  45.310  47.215  25.222  45.266  46.531  26.634  46.667  46.767  27.555  47.012
  45.540  26.450  46.637  46.766  25.987  47.401  47.508  29.772  42.031  47.659
  30.157  43.189  48.202  30.192  41.039  48.081  29.837  40.101  49.328  31.185
  41.195  49.816  30.988  42.147  50.280  31.252  39.956  50.704  30.249  39.922
  51.035  31.999  40.213  49.585  31.629  38.643  49.201  32.641  38.577  48.701
  31.004  38.525  50.525  31.346  37.446  51.437  31.833  37.794  50.170  31.994
  36.642  50.687  29.973  37.034  50.891  29.276  37.728  50.915  29.475  35.817
  50.621  30.140  34.743  50.297  31.093  34.787  50.890  29.784  33.835  51.458
  28.300  35.665  52.025  27.911  36.398  51.537  27.895  34.737  48.777  32.611
  41.606  49.450  33.301  42.373  47.660  32.975  40.942  47.137  32.335  40.355
  46.837  34.221  41.154  47.383  35.139  41.400  45.981  34.570  39.991  45.637
  35.583  40.215  45.078  33.985  39.823  46.803  34.637  38.722  46.164  34.474
  37.472  47.157  34.673  36.632  47.109  34.827  35.571  48.288  35.059  37.221
  49.141  35.432  36.820  48.096  34.988  38.572  48.867  35.297  39.251  45.865
  34.064  42.374  45.190  35.061  42.807  45.746  32.878  42.930  46.282  32.122
  42.535  45.142  32.559  44.271  45.794  32.940  45.070  45.275  31.479  44.328
  43.664  32.980  44.567  43.416  33.478  45.624  42.804  32.640  43.558  43.241
  32.063  42.851  41.313  32.561  43.756  41.127  33.406  44.421  40.665  32.497
  42.385  39.626  32.745  42.612  40.819  31.484  42.001  41.023  33.539  41.320
  42.072  33.361  41.062  40.144  33.447  40.089  40.628  33.879  39.217  40.047
  32.377  39.925  39.136  33.815  40.276  40.881  34.963  41.982  40.747  35.750
  41.247  40.010  34.993  42.640  41.791  35.111  42.572  40.934  31.298  44.613
  39.822  31.207  45.062  41.918  30.463  44.879  42.840  30.695  44.539  41.730
  29.380  45.805  40.807  28.824  45.607  42.944  28.451  45.702  43.808  29.116
  45.709  42.874  28.186  44.643  42.875  27.227  46.589  41.913  27.048  47.418
  43.750  26.351  46.495  41.492  29.979  47.151  42.345  30.687  47.698  40.299
  29.660  47.711  39.607  29.201  47.133  39.721  30.220  48.947  38.718  29.806
  48.878  40.384  29.443  50.103  41.376  29.848  50.332  40.328  28.401  49.808
  39.603  29.515  51.331  38.519  28.951  51.293  40.125  30.167  52.338  41.087
  30.431  52.258  39.654  30.105  53.228  39.630  31.791  49.008  39.592  32.278
  50.115  39.717  32.594  47.894  39.766  32.169  46.976  39.486  34.066  47.885
  40.008  34.517  48.713  40.002  34.665  46.532  39.530  34.153  45.704  41.082
  34.558  46.444  39.792  36.176  46.403  38.886  36.716  45.539  38.304  36.206
  44.791  38.655  38.138  45.530  37.909  38.579  44.887  39.379  38.908  46.427
  39.377  40.229  46.479  39.777  40.441  47.329  40.354  38.337  47.272  40.987
  38.976  47.879  40.536  36.976  47.300  41.233  36.746  48.092  37.998  34.296
  47.981  37.175  33.747  47.263  37.622  35.213  48.856  38.375  35.761  49.244
  36.311  35.215  49.554  36.492  35.640  50.542  35.288  36.128  48.817  34.398
  36.297  49.435  34.846  35.626  47.949  35.598  37.543  48.359  34.771  37.875
  47.716  36.468  37.484  47.711  35.743  38.658  49.423  35.091  38.517  50.273
  35.400  39.588  48.957  37.153  38.752  49.885  37.548  38.053  50.489  37.880
  39.816  49.640  37.507  40.814  48.863  36.578  40.778  48.462  37.873  41.704
  49.159  38.980  40.033  50.300  39.236  39.506  51.113  39.526  40.859  50.116
  35.732  33.771  49.911  34.540  33.620  50.140  36.555  32.777  50.188  37.536
  33.011  50.098  36.206  31.462  50.605  35.455  31.441  51.404  37.093  31.109
  51.138  35.751  30.419  49.570  35.164  29.375  49.985  36.024  30.550  48.290
  36.509  31.345  47.896  35.579  29.547  47.305  34.884  28.864  47.788  34.975
  30.224  46.030  34.821  29.470  45.254  35.759  30.826  45.588  33.730  31.052
  46.084  32.507  30.527  45.655  32.422  29.634  45.040  31.251  31.236  45.829
  30.340  30.939  45.350  31.349  32.528  46.372  30.173  33.217  46.626  30.307
  34.000  47.162  32.541  32.984  46.941  32.705  33.837  47.586  33.787  32.345
  46.686  34.718  32.652  47.136  36.724  28.647  46.872  37.827  29.169  46.620
  36.496  27.398  46.689  35.613  26.904  46.800  37.541  26.458  46.215  38.421
  26.646  46.836  37.042  25.002  46.313  36.669  24.830  47.324  37.797  24.236
  46.139  36.030  24.603  45.374  35.615  23.787  45.658  37.865  26.848  44.744
  37.100  27.458  43.999  39.043  26.398  44.328  39.589  25.878  45.002  39.647
  26.647  43.017  39.884  27.684  42.792  41.052  25.938  43.073  40.925  24.921
  43.449  41.705  26.468  43.761  41.894  25.985  41.744  41.263  25.565  40.956
  42.424  27.400  41.397  43.145  27.361  40.588  41.629  28.083  41.082  42.915
  27.842  42.265  43.089  25.109  41.981  43.509  24.931  40.993  43.711  25.619
  42.709  42.792  24.204  42.516  38.804  26.016  41.970  38.669  26.581  40.846
  38.127  24.962  42.235  38.304  24.606  43.157  37.214  24.192  41.298  36.967
  23.317  41.893  37.783  23.934  40.410  35.939  25.029  41.061  35.340  24.856
  39.961  35.463  25.897  41.946  35.993  26.038  42.786  34.340  26.852  41.579
  33.437  26.296  41.350  34.014  27.701  42.813  33.570  28.571  42.338  34.965
  28.087  43.172  33.248  27.012  43.866  31.957  26.920  43.765  33.813  26.454
  44.860  34.802  26.268  44.803  33.159  25.972  45.462  34.708  27.813  40.464
  33.851  28.064  39.561  35.900  28.175  40.333  36.588  27.935  41.036  36.348
  29.137  39.328  35.563  29.881  39.193  37.552  29.932  39.846  38.017  30.575
  39.092  38.357  29.218  40.031  37.465  30.680  41.131  37.720  30.135  42.355
  38.123  29.144  42.501  37.404  31.063  43.379  37.732  31.047  44.339  36.912
  32.253  42.831  36.388  33.360  43.424  36.258  33.497  44.493  35.936  34.368
  42.608  35.490  35.214  43.122  35.827  34.211  41.169  35.383  34.990  40.574
  36.321  33.094  40.616  36.061  32.820  39.607  36.863  31.996  41.453  36.566
  28.467  37.942  35.819  28.846  36.969  37.118  27.264  37.900  37.655  26.955
  38.703  37.195  26.436  36.695  37.710  27.099  36.002  38.146  25.201  36.893
  37.591  24.549  37.566  38.393  24.352  35.629  38.857  23.421  35.965  37.542
  24.054  35.019  39.127  24.834  34.997  39.538  25.576  37.493  40.072  24.632
  37.469  39.994  26.350  36.879  39.337  25.723  38.552  35.753  26.083  36.245
  35.543  25.877  35.046  34.771  26.024  37.114  34.980  26.048  38.104  33.381
  25.840  36.743  33.356  24.937  36.148  32.546  25.443  38.004  32.430  26.208
  38.770  33.131  24.722  38.579  30.883  24.791  37.645  32.699  27.001  35.995
  32.109  26.798  34.936  32.786  28.194  36.609  33.294  28.135  37.480  32.334
  29.454  36.171  31.254  29.482  36.309  32.960  30.615  37.075  32.697  31.595
  36.689  32.658  30.513  38.125  34.050  30.538  37.037  32.758  29.683  34.720
  31.860  29.834  33.948  33.998  29.532  34.243  34.696  29.372  34.955  34.381
  29.822  32.812  33.777  30.694  32.566  35.874  30.173  32.842  36.157  30.385
  31.801  35.929  31.115  33.386  36.558  29.380  33.157  34.006  28.659  31.858
  33.898  28.753  30.667  33.817  27.413  32.364  34.075  27.337  33.345  33.381
  26.221  31.601  34.051  26.122  30.732  33.361  24.946  32.508  32.591  25.155
  33.246  34.299  24.713  33.021  32.914  23.625  31.795  31.905  23.779  31.393
  32.988  22.879  32.589  33.903  23.192  30.629  34.891  22.928  31.002  33.939
  24.048  29.954  33.146  21.983  29.945  32.148  22.207  29.572  32.930  21.219
  30.699  33.935  21.522  28.828  34.121  22.287  28.184  34.802  21.078  29.082
  33.472  20.901  28.171  31.993  26.467  31.007  31.774  26.321  29.808  31.054
  26.837  31.864  31.343  26.861  32.824  29.595  26.884  31.491  29.421  26.161
  30.705  28.651  26.486  32.562  27.662  26.640  32.140  28.883  27.030  33.480
  28.841  25.057  32.911  28.426  23.985  32.096  27.968  24.203  31.145  28.427
  22.688  32.574  28.213  21.875  31.888  28.923  22.452  33.846  29.087  21.453
  34.232  29.459  23.533  34.611  29.666  23.338  35.652  29.308  24.872  34.233
  29.613  25.713  34.838  29.365  28.313  30.893  28.237  28.587  30.430  30.351
  29.236  30.789  31.159  29.074  31.371  30.150  30.643  30.161  29.112  30.939
  30.008  30.876  31.693  30.956  31.132  32.468  30.242  31.803  31.290  31.349
  30.068  32.315  32.091  30.623  33.134  32.557  30.032  31.530  32.856  28.702
  32.862  31.786  28.283  32.818  30.606  27.963  33.262  32.693  30.742  30.582
  28.762  30.135  30.870  27.729  32.050  30.193  28.716  32.527  29.965  29.578
  32.812  30.321  27.446  32.146  30.691  26.663  34.028  31.194  27.463  33.824
  32.217  27.767  34.400  31.306  26.453  35.033  30.662  28.258  35.026  31.306
  28.964  33.305  28.995  26.865  33.886  28.895  25.766  33.337  27.889  27.721
  32.867  28.097  28.589  34.059  26.654  27.559  34.005  26.190  28.542  33.415
  25.732  26.503  33.280  26.287  25.570  32.403  25.480  26.813  34.126  24.316
  26.343  34.731  23.748  27.247  34.125  23.799  25.115  33.689  24.308  24.362
  34.459  22.866  24.941  35.571  26.933  27.330  36.180  26.474  26.363  36.025
  27.755  28.266  35.377  28.233  28.882  37.389  28.387  28.314  37.363  29.172
  29.059  38.372  27.293  28.692  39.284  27.789  29.020  38.588  26.557  27.926
  38.024  26.372  29.866  37.946  24.992  29.784  38.343  24.425  28.948  37.319
  24.232  30.858  37.313  23.181  30.634  37.011  24.851  32.014  36.537  24.288
  32.796  37.110  26.271  32.126  36.812  26.718  33.063  37.566  27.012  31.072
  37.593  28.092  31.086  37.935  29.036  26.991  39.147  29.288  26.821  37.070
  29.587  26.167  36.089  29.474  26.356  37.427  30.418  24.982  38.375  30.060
  24.596  36.425  29.978  23.893  35.375  29.976  24.162  36.649  28.935  23.690
  36.583  30.940  22.608  37.399  31.844  22.524  35.942  30.538  21.549  35.457
  29.651  21.514  35.907  31.143  20.736  37.526  31.889  25.274  36.559  32.497
  25.659  38.670  32.500  24.942  39.437  31.923  24.627  38.938  33.930  25.254
  38.458  34.069  26.223  40.400  34.262  25.475  40.447  35.343  25.638  41.115
  33.705  26.679  42.147  34.059  26.768  40.555  33.893  27.597  41.118  32.624
  26.605  41.140  33.971  24.297  41.586  34.756  23.993  38.206  34.920  24.468
  38.223  36.152  24.831  37.626  34.627  23.308  37.570  33.637  23.124  36.963
  35.536  22.372  37.478  36.464  22.598  37.333  35.186  20.975  36.938  35.965
  20.320  36.877  34.247  20.670  38.823  35.144  20.617  38.922  34.728  19.620
  39.438  34.605  21.341  39.422  36.540  20.480  38.829  37.511  19.994  40.564
  36.966  21.009  41.009  36.337  21.653  40.850  37.913  20.794  35.483  35.657
  22.600  34.768  36.247  21.805  34.898  35.006  23.602  35.595  34.816  24.305
  33.477  35.027  23.880  32.955  34.466  23.113  33.400  34.185  25.205  32.379
  34.103  25.574  33.774  33.162  25.141  33.872  34.707  26.033  32.785  36.312
  24.062  33.229  37.144  24.828  31.658  36.555  23.339  31.264  35.805  22.793
  30.976  37.818  23.091  31.179  38.541  23.887  31.572  38.457  21.818  30.827
  39.130  21.403  32.876  39.190  22.086  33.171  39.814  21.242  32.719  39.836
  22.962  33.681  38.497  22.301  31.977  37.449  20.884  32.875  37.185  21.097
  29.454  37.517  22.910  29.002  36.954  21.953  28.704  37.798  24.018  29.147
  38.329  24.745  27.314  37.676  24.006  26.931  37.104  23.169  26.926  36.675
  25.152  26.818  37.202  26.098  27.731  35.941  25.217  25.612  36.062  24.793
  25.548  35.186  23.818  24.464  36.382  25.250  24.457  37.116  25.946  23.641
  35.905  24.911  26.411  38.923  24.108  26.284  39.560  25.154  25.624  39.162
  23.046  25.963  38.675  22.229  24.702  40.307  22.938  25.217  41.186  23.343
  24.306  40.631  21.505  23.741  39.733  21.230  25.287  40.692  21.046  23.484
  41.886  21.337  22.502  41.734  21.806  23.306  42.031  20.276  24.012  43.245
  21.820  24.520  43.187  22.791  23.257  44.020  21.904  25.047  43.813  20.878
  25.974  43.427  20.912  24.842  44.328  19.695  25.723  44.217  18.707  26.498
  43.592  18.861  25.397  44.664  17.854  23.716  44.933  19.350  23.096  45.141
  20.118  23.741  45.468  18.497  23.470  40.241  23.976  22.684  39.275  23.851
  23.295  41.267  24.820  24.000  41.982  24.767  22.155  41.519  25.717  21.659
  40.594  25.992  22.580  42.542  26.782  21.713  43.020  27.238  23.266  43.306
  26.409  23.444  41.813  27.877  24.615  41.916  27.908  22.798  41.142  28.760
  21.798  41.068  28.729  23.335  40.693  29.494  21.091  42.181  24.832  21.376
  42.874  23.918  19.810  42.171  25.150  19.616  41.797  26.062  18.756  42.883
  24.375  18.765  42.577  23.326  17.332  42.404  24.815  16.636  42.855  24.112
  17.223  40.954  24.653  16.211  40.601  24.824  17.463  40.747  23.615  18.039
  40.442  25.177  16.983  42.884  26.142  16.032  42.751  26.251  18.816  44.453
  24.426  18.171  45.142  23.611  19.658  44.972  25.254  20.413  44.339  25.469
  19.716  46.364  25.566  18.870  46.836  25.072  19.345  46.534  27.025  18.451
  45.961  27.257  19.122  47.606  27.058  20.502  46.222  27.978  21.579  45.763
  27.552  20.350  46.311  29.247  20.962  47.173  25.103  21.108  48.314  25.457
  21.769  46.543  24.208  21.643  45.582  23.923  22.974  47.212  23.676  22.811
  48.284  23.759  23.234  46.975  22.647  24.231  46.879  24.499  25.324  47.310
  24.099  24.075  46.146  25.623  23.153  45.904  25.984  25.240  45.533  26.379
  25.945  46.348  26.215  25.057  45.383  27.909  25.092  46.405  28.293  25.923
  44.900  28.353  23.802  44.754  28.401  23.056  45.277  28.107  25.682  44.197
  25.767  25.030  43.606  24.909  26.909  43.751  26.121  27.461  44.272  26.789
  27.492  42.535  25.649  26.638  41.889  25.471  28.285  42.752  24.319  28.961
  43.598  24.335  29.078  41.535  23.847  29.500  41.586  22.837  29.927  41.453
  24.529  28.482  40.618  23.841  27.379  43.122  23.245  26.641  43.529  23.712
  28.307  41.966  26.803  28.930  42.656  27.510  28.388  40.636  26.871  27.996
  40.104  26.104  29.353  40.045  27.796  29.606  40.728  28.602  28.844  38.813
  28.582  29.542  38.613  29.394  28.710  38.020  27.847  27.514  38.975  29.259
  26.492  38.469  28.841  27.487  39.651  30.305  30.773  39.812  27.099  30.690
  39.177  26.023  31.863  40.069  27.749  31.776  40.615  28.596  33.215  40.128
  27.191  33.073  39.713  26.193  33.734  41.583  26.933  34.784  41.555  26.675
  33.736  42.048  27.921  32.940  42.292  25.938  33.342  42.262  24.589  34.198
  41.645  24.344  32.779  43.160  23.673  33.110  43.042  22.644  31.844  44.109
  24.106  31.261  44.927  23.241  30.603  45.474  23.677  31.443  44.169  25.425
  30.646  44.836  25.730  31.915  43.171  26.322  31.603  43.149  27.351  34.198
  39.185  27.868  34.386  39.231  29.128  34.884  38.406  27.013  34.645  38.372
  26.033  35.968  37.581  27.419  36.581  38.201  28.067  36.668  37.342  26.622
  35.609  36.277  28.086  34.477  35.905  28.197  36.724  35.562  28.422  37.637
  35.915  28.181  36.654  34.125  28.890  36.272  33.543  28.053  38.070  33.517
  29.086  38.421  33.319  28.077  39.005  34.446  29.862  39.191  35.321  29.247
  38.465  34.665  30.780  39.912  33.983  30.256  38.121  32.121  29.704  37.388
  31.542  29.136  37.899  32.068  30.764  39.476  31.361  29.530  39.319  30.303
  29.726  39.818  31.453  28.500  40.207  31.721  30.259  35.691  33.888  30.060
  35.085  32.832  30.015  35.636  34.854  30.975  36.171  35.700  30.860  34.754
  34.756  32.154  34.627  33.688  32.330  35.386  35.469  33.391  34.734  35.278
  34.251  35.393  36.548  33.215  36.853  34.991  33.695  37.557  35.463  33.014
  37.253  33.489  33.625  38.333  33.392  33.617  36.978  32.895  34.498  36.822
  33.116  32.696  37.225  35.567  35.033  38.264  35.562  35.354  36.921  36.609
  35.066  36.641  35.155  35.864  33.348  35.374  31.928  32.516  35.284  32.758
  33.073  35.958  30.725  33.875  36.050  30.115  31.868  36.644  30.359  32.173
  37.177  29.466  30.722  35.659  29.973  29.857  36.314  29.808  30.337  34.996
  30.746  30.789  34.812  28.768  29.915  34.188  28.910  31.675  34.186  28.763
  30.796  35.664  27.473  29.767  35.727  26.851  31.850  36.266  27.121  32.690
  36.333  27.672  31.745  36.872  26.307  31.354  37.783  31.282  30.233  37.743
  31.800  32.140  38.858  31.407  32.991  38.810  30.868  31.847  40.095  32.239
  31.145  39.924  33.059  33.209  40.560  32.898  33.813  41.002  32.097  32.856
  41.867  33.741  33.758  42.254  34.220  32.462  42.606  33.036  32.144  41.776
  34.550  33.760  39.362  33.756  33.916  38.556  33.051  33.027  39.030  34.497
  35.111  39.636  34.346  35.485  38.737  34.822  35.894  39.847  33.616  35.025
  40.461  35.062  31.074  41.055  31.363  31.548  41.436  30.271  29.926  41.485
  31.879  29.633  41.122  32.770  28.912  42.328  31.282  28.751  41.923  30.274
  27.610  42.161  32.041  27.731  42.586  33.039  27.403  41.123  32.287  26.546
  42.843  31.246  26.091  43.838  31.710  26.204  42.269  30.119  26.579  41.414
  29.744  25.406  42.580  29.576  29.252  43.805  31.154  29.825  44.416  31.982
  28.967  44.390  29.991  28.645  43.888  29.183  29.446  45.746  29.673  30.386
  45.813  30.224  29.679  45.875  28.143  30.405  45.099  27.898  30.166  46.841
  27.978  28.519  45.668  27.393  28.444  46.325  26.699  28.523  46.894  30.146
  28.860  48.062  30.079  27.360  46.525  30.726  27.014  45.577  30.741  26.425
  47.485  31.379  26.451  48.341  30.704  25.022  47.044  31.490  24.817  46.410
  32.343  24.639  46.432  30.673  24.150  48.340  31.621  24.305  49.065  30.827
  24.340  48.685  32.639  22.668  48.059  31.591  22.442  47.225  32.255  22.358
  47.766  30.592  21.765  49.187  31.883  22.170  50.076  32.148  20.394  49.156
  31.951  19.658  48.129  31.616  20.026  47.562  30.870  18.688  48.166  31.914
  19.710  50.143  32.485  20.194  50.923  32.911  18.771  50.197  32.123  27.017
  48.088  32.687  26.944  49.251  33.000  27.619  47.089  33.483  27.663  46.117
  33.209  28.220  47.523  34.772  27.895  48.467  35.206  27.652  46.381  35.637
  28.022  46.744  36.596  28.076  45.427  35.343  26.161  46.341  35.725  25.505
  45.223  35.301  25.989  44.288  35.087  24.086  45.472  35.357  23.382  44.815
  35.060  23.874  46.776  35.750  22.659  47.543  35.694  21.716  47.097  35.425
  22.717  48.904  35.916  21.932  49.628  35.771  23.990  49.487  36.194  24.047
  50.558  36.298  25.196  48.730  36.200  26.217  49.024  36.390  25.147  47.328
  35.908  29.771  47.653  34.853  30.255  48.524  35.579  30.556  46.675  34.260
  30.161  45.904  33.734  31.914  46.459  34.693  32.055  46.913  35.671  32.014
  44.949  34.802  32.881  44.687  35.404  32.113  44.572  33.784  31.210  44.433
  35.327  33.008  46.977  33.822  33.962  47.674  34.329  32.939  46.800  32.532
  32.236  46.192  32.135  33.694  47.359  31.460  34.527  47.926  31.888  34.328
  46.180  30.658  34.692  45.402  31.323  35.132  46.652  30.086  33.265  45.440
  29.471  32.941  48.359  30.643  31.711  48.357  30.672  33.688  49.190  29.910
  34.677  49.005  29.982  33.256  50.207  28.873  32.166  50.324  28.801  33.894
  51.545  29.167  34.902  51.391  29.559  33.335  51.923  30.024  33.812  52.529
  28.021  32.764  52.833  27.518  34.906  53.049  27.519  35.815  53.056  27.961
  34.820  53.615  26.696  33.674  49.647  27.537  34.904  49.507  27.210  32.674
  49.368  26.647  31.723  49.326  26.966  32.994  49.068  25.249  34.032  48.732
  25.343  32.237  47.839  24.565  32.641  46.909  24.981  32.517  47.641  23.537
  30.687  47.899  24.553  29.981  46.863  24.608  30.204  48.961  24.496  32.793
  50.254  24.352  33.104  50.136  23.183  32.529  51.429  24.925  32.427  51.356
  25.936  32.328  52.666  24.168  33.070  52.737  23.379  32.472  53.470  24.893
  30.930  52.871  23.515  30.528  53.972  23.238  30.084  51.765  23.230  30.448
  50.864  23.525  28.695  51.881  22.747  28.361  52.904  22.901  28.535  51.573
  21.229  29.240  52.226  20.706  27.558  51.898  20.885  28.766  50.030  20.968
  28.081  49.468  21.600  29.794  49.755  21.171  28.366  49.765  19.519  29.051
  50.287  18.847  27.339  50.090  19.385  28.568  48.322  19.357  29.334  47.790
  19.741  27.814  47.503  18.561  28.106  46.230  18.479  28.933  45.918  18.962
  27.773  45.638  17.731  26.807  47.835  17.838  26.923  48.782  17.472  26.443
  47.104  17.251  27.589  51.182  23.520  26.392  51.518  23.216  27.853  50.296
  24.445  28.790  49.910  24.419  26.879  50.048  25.515  25.968  49.691  25.026
  27.452  49.151  26.591  28.364  49.538  27.050  26.419  48.944  27.751  26.583
  48.016  28.306  26.434  49.808  28.416  25.439  48.807  27.280  27.855  47.895
  26.099  28.437  47.987  25.329  26.647  51.434  26.167  27.611  52.090  26.595
  25.390  51.962  26.302  24.238  51.386  25.674  24.001  50.440  26.169  24.379
  51.339  24.604  23.144  52.434  25.896  22.782  52.322  26.926  22.305  52.385
  25.205  23.912  53.789  25.920  23.396  54.536  26.515  24.186  54.152  24.928
  25.279  53.354  26.554  26.013  53.826  25.882  25.369  53.722  28.052  24.723
  53.041  28.875  26.155  54.749  28.387  26.639  55.272  27.675  26.315  55.037
  29.846  25.356  55.315  30.273  26.980  55.893  29.992  26.806  53.949  30.753
  26.424  53.808  31.883  27.792  53.140  30.349  28.224  53.262  29.449  28.404
  52.041  31.236  27.629  51.318  31.489  29.509  51.131  30.573  30.403  51.734
  30.381  29.077  50.658  29.685  29.811  50.134  31.469  29.617  49.322  31.003
  29.085  52.604  32.484  29.792  53.690  32.569  28.789  51.852  33.588  28.284
  50.985  33.452  29.179  52.178  34.926  29.096  53.259  35.000  28.144  51.620
  35.968  28.445  52.044  36.926  28.177  50.539  35.854  26.658  52.128  35.793
  26.135  51.907  36.724  26.205  51.527  35.006  26.488  53.698  35.554  26.841
  54.030  34.582  27.080  54.169  36.342  25.141  54.198  35.839  24.879  54.236
  36.809  24.193  54.480  35.056  24.315  54.432  33.797  25.224  54.264  33.389
  23.588  54.843  33.223  23.105  54.850  35.622  22.994  54.996  36.622  22.347
  55.031  34.990  30.746  51.790  35.251  31.258  52.282  36.229  31.343  51.110
  34.256  30.772  50.690  33.537  32.823  50.969  34.028  33.039  50.114  33.384
  33.372  52.172  33.302  32.946  52.968  33.917  33.003  52.168  32.272  34.823
  52.442  33.263  35.590  51.784  32.588  35.288  53.325  34.138  34.759  53.672
  34.926  36.268  53.400  34.369  33.559  50.663  35.421  34.582  51.198  35.800
  32.952  49.781  36.215  32.140  49.354  35.787  33.289  49.557  37.617  33.364
  50.500  38.162  32.013  48.768  38.230  32.459  48.381  39.153  31.849  47.936
  37.554  30.798  49.659  38.703  30.393  50.297  37.919  29.622  48.859  39.206
  28.695  49.386  39.442  29.290  48.266  38.359  29.877  48.232  40.060  31.133
  50.663  39.808  30.225  51.161  40.154  31.558  50.195  40.691  31.907  51.356
  39.475  34.594  48.810  37.903  35.173  49.003  39.013  35.160  48.001  36.979
  34.610  47.810  36.149  36.507  47.483  37.044  36.844  47.367  38.075  36.529
  46.149  36.271  37.539  45.940  35.914  35.932  46.287  35.370  35.829  44.708
  37.169  37.524  48.464  36.459  38.752  48.207  36.643  37.132  49.603  35.862
  36.132  49.648  35.691  37.869  50.654  35.177  37.124  51.347  34.812  38.822
  51.344  36.215  39.638  50.680  36.490  38.232  51.463  37.133  39.371  52.668
  35.738  38.767  53.457  34.983  40.612  52.912  36.018  41.158  52.261  36.553
  41.088  53.788  35.814  38.639  50.272  33.881  39.654  50.923  33.458  38.213
  49.181  33.286  37.290  48.838  33.527  38.891  48.650  32.130  39.736  49.283
  31.848  39.532  47.277  32.319  40.042  46.989  31.401  40.602  47.416  33.330
  41.186  46.493  33.406  41.257  48.241  33.076  40.212  47.644  34.318  38.565
  46.125  32.664  37.866  46.095  31.833  37.995  46.354  33.572  39.186  44.752
  32.883  38.411  43.988  32.976  39.895  44.523  32.085  39.684  44.685  33.854
  37.983  48.699  30.879  36.723  48.617  30.947  38.566  48.858  29.689  39.979
  49.277  29.318  40.765  48.715  29.843  40.136  50.337  29.492  40.130  48.978
  27.800  40.363  47.935  27.606  40.825  49.640  27.277  38.762  49.254  27.337
  38.500  48.780  26.389  38.579  50.325  27.290  37.877  48.686  28.439  36.930
  49.231  28.434  37.537  47.157  28.257  38.231  46.265  28.763  36.567  46.858
  27.357  36.092  47.578  26.832  36.098  45.490  27.254  35.974  44.966  28.207
  34.639  45.526  26.752  34.243  44.518  26.577  34.634  45.971  25.759  33.443
  46.380  27.795  37.034  44.659  26.340  37.267  43.468  26.488  37.750  45.399
  25.507  37.707  46.410  25.611  38.808  44.848  24.692  38.424  44.047  24.056
  39.456  45.980  23.926  38.790  46.410  23.173  40.325  45.691  23.329  39.812
  47.082  24.740  40.704  47.305  24.450  39.903  44.306  25.616  40.568  43.390
  25.203  40.044  44.663  26.885  39.438  45.399  27.230  41.049  44.162  27.859
  41.979  44.013  27.311  41.335  45.276  28.833  41.951  44.826  29.606  41.781
  46.140  28.339  40.476  45.555  29.440  40.600  42.838  28.456  41.454  42.045
  28.862  39.289  42.617  28.465  38.764  43.459  28.250  38.760  41.373  28.942
  39.277  41.084  29.854  37.230  41.443  29.089  36.844  40.457  29.324  36.743
  41.691  28.147  36.915  42.471  30.193  37.431  43.428  30.108  35.417  42.741
  30.189  35.160  43.377  31.035  35.011  43.188  29.286  34.921  41.774  30.254
  37.159  41.868  31.597  36.872  42.534  32.412  36.553  40.962  31.661  38.207
  41.592  31.690  39.224  40.244  27.909  39.627  39.163  28.325  39.208  40.546
  26.597  38.965  41.507  26.381  39.294  39.580  25.513  38.608  38.755  25.706
  38.800  40.255  24.208  39.138  39.688  23.342  39.306  41.222  24.163  37.302
  40.514  24.094  36.833  40.922  24.991  37.029  41.389  22.869  35.970  41.605
  22.766  37.674  42.275  22.915  37.367  40.842  21.983  36.544  39.216  23.681
  35.486  39.422  23.488  36.944  38.968  22.703  36.558  38.431  24.445  40.660
  38.890  25.288  40.836  38.063  24.413  41.640  39.188  26.128  41.414  39.874
  26.844  43.039  38.968  25.961  43.413  39.321  25.010  43.612  39.752  27.188
  43.129  39.420  28.109  43.359  40.813  27.101  44.990  39.475  27.431  45.199
  39.399  28.372  43.369  37.437  26.061  42.824  36.725  26.904  44.338  37.036
  25.164  44.613  37.589  24.362  44.860  35.693  25.283  43.985  35.049  25.365
  45.709  35.330  24.016  46.474  34.607  24.311  46.146  36.225  23.581  44.818
  34.840  22.967  44.453  35.549  22.433  45.646  35.415  26.595  45.828  34.317
  27.042  45.992  36.538  27.340  45.708  37.448  27.004  46.460  36.493  28.730
  46.713  35.462  28.967  47.715  37.396  28.937  47.502  38.415  28.621  48.613
  37.017  28.451  48.024  37.593  30.456  48.431  38.712  30.871  47.947  36.637
  31.212  45.361  36.905  29.657  45.069  38.178  29.819  44.854  35.922  30.421
  45.328  35.048  30.237  43.683  36.025  31.319  42.907  36.547  30.765  43.224
  34.599  31.517  42.343  34.628  32.165  42.653  34.135  30.199  42.067  33.219
  30.273  41.958  34.918  29.883  43.434  34.096  29.440  44.206  33.586  32.174
  44.567  33.980  33.122  45.036  33.437  31.486  43.647  32.222  32.541  44.462
  31.508  32.696  43.107  32.341  33.480  43.005  31.722  31.823  43.856  36.761
  32.665  42.857  37.131  33.192  45.127  37.006  33.086  45.865  36.558  32.549
  45.451  37.890  34.131  45.316  37.336  35.054  47.003  38.219  33.981  47.177
  38.672  32.999  47.597  39.072  35.097  48.619  39.334  34.837  47.073  40.026
  35.211  47.622  38.487  36.011  47.695  36.985  33.960  47.825  36.749  33.041
  44.639  39.206  34.222  44.169  39.515  35.320  44.334  39.791  33.029  44.752
  39.304  32.252  43.442  40.925  32.841  43.856  41.696  33.487  43.467  41.407
  31.338  42.621  42.071  31.183  44.400  41.960  31.266  43.433  40.593  30.613
  42.080  40.726  33.260  41.654  41.544  34.165  41.383  39.659  32.905  41.891
  39.102  32.239  40.169  39.170  33.516  39.495  40.024  33.470  39.473  37.960
  32.812  38.472  37.879  33.221  40.007  37.007  32.808  39.237  38.324  31.510
  40.098  38.336  31.091  40.356  38.927  35.038  39.457  39.297  35.765  41.441
  38.253  35.563  42.139  37.865  34.947  41.466  37.851  37.016  40.473  37.408
  37.107  42.609  36.846  37.383  43.533  37.288  37.022  42.453  35.593  36.560
  43.298  34.928  36.745  41.539  35.060  36.822  42.466  35.886  35.508  42.664
  36.294  38.796  43.610  35.758  38.871  42.588  37.079  39.552  41.809  35.671
  39.059  41.572  39.066  37.929  40.821  39.097  38.948  42.300  40.109  37.584
  42.831  40.161  36.724  42.167  41.394  38.267  42.133  41.080  39.308  43.452
  42.166  38.154  43.467  43.069  38.759  43.505  42.449  37.102  44.626  41.331
  38.640  44.953  41.196  39.812  45.313  40.691  37.685  45.136  40.877  36.704
  46.170  40.308  38.058  40.993  42.351  38.079  40.899  43.395  38.673  40.071
  41.902  37.301  40.247  41.088  36.716  38.614  42.342  37.506  38.578  43.216
  38.151  38.018  42.638  36.083  38.243  41.803  35.419  38.584  43.513  35.769
  36.281  43.158  35.908  37.737  41.392  38.210  36.958  41.791  39.017  37.829
  40.080  38.058  38.647  39.713  37.601  37.061  39.130  38.922  36.033  39.285
  38.600  37.603  37.715  38.561  37.117  37.012  39.244  37.533  37.459  37.502
  38.673  37.759  38.792  37.100  39.318  40.411  36.058  39.099  41.171  38.252
  39.774  40.930  38.994  39.886  40.251  38.432  40.031  42.389  38.016  39.177
  42.903  39.932  40.084  42.781  39.913  40.510  43.778  40.378  40.908  42.227
  40.714  38.828  42.579  40.543  38.483  41.561  40.418  38.064  43.303  42.205
  39.000  42.810  42.387  39.544  43.748  42.650  39.583  42.008  42.826  37.607
  42.939  42.413  37.015  42.132  42.632  37.204  43.931  44.286  37.626  42.751
  44.711  36.714  42.857  44.560  38.040  41.879  44.659  38.148  43.529  37.699
  41.279  42.861  37.157  41.239  43.990  37.416  42.175  41.935  37.846  41.987
  41.037  36.543  43.372  42.137  36.674  43.727  43.165  36.841  44.404  41.032
  36.196  45.210  41.376  36.411  44.061  40.093  38.274  44.854  40.941  38.879
  43.979  40.717  38.506  45.258  41.919  38.473  45.907  39.926  37.958  46.842
  40.159  38.162  45.514  38.957  39.965  46.247  39.826  40.399  45.283  39.582
  40.305  46.541  40.824  40.223  47.260  38.820  41.145  47.625  38.999  40.202
  46.955  37.852  39.758  48.153  38.804  35.091  43.051  42.207  34.314  43.720
  42.912  34.637  42.109  41.322  35.195  41.652  40.625  33.234  41.657  41.202
  32.629  42.552  41.366  32.992  41.031  39.836  33.496  40.067  39.722  31.530
  40.720  39.765  31.309  40.306  38.777  31.204  39.976  40.489  30.895  41.566
  40.040  33.280  42.063  38.680  34.232  42.508  38.949  32.495  42.818  38.805
  33.269  41.515  37.253  33.764  42.198  36.560  33.823  40.581  37.239  32.229
  41.489  36.912  32.746  40.677  42.307  31.747  40.926  42.884  33.549  39.664
  42.744  34.409  39.506  42.226  33.142  38.763  43.879  32.199  38.297  43.570
  34.134  37.537  43.877  34.363  37.210  42.859  35.396  38.033  44.606  36.223
  37.406  44.291  35.603  39.081  44.391  35.344  37.980  45.696  33.576  36.415
  44.713  34.351  35.783  45.128  32.997  36.754  45.570  32.953  35.815  44.045
  32.865  39.522  45.174  31.991  39.162  45.985  33.502  40.669  45.358  34.273
  40.741  44.709  33.466  41.666  46.493  33.221  41.133  47.415  34.692  42.549
  46.639  34.783  43.034  47.607  34.787  43.234  45.796  35.897  41.721  46.546
  36.328  41.813  45.686  32.272  42.644  46.505  31.895  43.242  47.462  31.685
  42.851  45.293  32.103  42.344  44.527  30.643  43.966  45.096  31.267  44.794
  45.442  30.326  44.099  43.574  30.220  43.147  43.070  31.189  44.551  43.083
  29.121  44.906  43.308  28.058  44.390  42.959  29.129  46.137  43.501  29.390
  43.829  46.055  28.985  44.766  46.759  28.813  42.653  46.030  28.950  42.028
  45.244  27.500  42.375  46.710  26.703  42.686  46.037  27.393  43.001  47.607
  27.181  40.909  46.988  26.826  40.538  48.190  27.257  40.122  45.933  27.472
  40.636  45.090  26.499  38.856  45.749  25.966  38.534  46.640  25.453  39.206
  44.655  26.124  39.157  43.797  24.989  40.151  44.949  24.357  38.202  44.550
  23.962  37.671  45.612  23.807  37.900  43.441  24.081  38.343  42.578  22.963
  37.354  43.302  27.452  37.688  45.467  26.995  36.571  45.443  28.744  37.960
  45.427  28.990  38.939  45.512  29.758  36.902  45.255  29.682  36.097  45.989
  30.711  37.388  45.493  29.626  36.275  43.828  29.111  36.843  42.834  30.159
  35.061  43.686  30.575  34.653  44.519  30.205  34.263  42.400  30.900  34.835
  41.788  30.867  32.900  42.619  30.774  32.266  41.733  30.422  32.317  43.422
  32.347  33.002  42.901  32.387  33.268  43.949  32.753  33.816  42.297  33.418
  31.564  42.650  33.279  31.335  40.851  32.258  31.010  40.602  33.536  32.230
  40.287  33.995  30.618  40.457  28.866  34.227  41.599  28.835  33.771  40.471
  27.757  34.528  42.225  27.766  34.633  43.235  26.379  34.592  41.543  26.123
  33.602  41.168  25.369  34.895  42.680  24.391  35.209  42.307  25.773  35.726
  43.266  25.241  33.822  43.756  24.395  32.947  43.660  26.110  33.932  44.736
  26.605  34.780  44.962  25.955  33.328  45.530  26.157  35.598  40.477  25.097
  35.441  39.796  27.073  36.550  40.123  27.921  36.418  40.665  26.680  37.416
  39.017  25.652  37.783  39.074  27.657  38.571  39.142  27.353  39.258  38.358
  27.539  39.027  40.129  28.665  38.154  39.036  26.698  36.738  37.631  25.912
  37.178  36.828  27.471  35.642  37.449  27.838  35.295  38.321  27.598  34.794
  36.204  27.663  35.449  35.330  28.862  33.967  36.300  28.849  33.252  35.484
  28.847  33.402  37.233  30.178  34.808  36.167  30.424  35.480  35.044  29.765
  35.529  34.192  31.688  36.132  35.122  32.132  36.665  34.389  32.244  35.866
  36.444  33.426  36.292  37.073  34.011  37.016  36.510  33.791  35.787  38.277
  34.713  36.114  38.746  32.934  34.866  38.931  33.079  34.240  39.805  31.673
  34.541  38.341  31.028  33.757  38.724  31.288  35.026  37.037  26.402  33.911
  36.117  26.116  33.168  37.031  25.614  33.940  34.996  25.879  34.484  34.183
  24.399  33.057  34.929  23.838  33.136  35.868  23.323  33.467  33.805  23.049
  34.490  34.019  23.755  33.516  32.285  22.969  33.958  31.692  24.709  34.009
  32.094  23.789  32.494  31.911  22.078  32.686  33.868  21.301  33.017  33.185
  22.211  31.614  33.734  21.676  32.724  34.887  24.830  31.594  34.808  24.183
  30.741  35.362  25.929  31.333  34.091  26.444  32.057  33.627  26.580  30.009
  34.209  25.916  29.241  33.813  27.832  30.006  33.361  28.275  29.014  33.477
  27.615  30.262  32.329  28.526  30.734  33.788  26.856  29.575  35.602  26.498
  28.409  35.928  27.460  30.387  36.489  27.486  31.365  36.223  27.715  29.953
  37.871  28.179  28.969  37.748  28.620  30.942  38.657  28.065  31.837  38.931
  29.503  31.273  38.116  29.224  30.295  39.852  30.249  29.528  39.817  30.728
  29.180  38.910  30.575  29.153  41.130  31.311  28.459  41.165  29.626  29.464
  41.967  29.312  29.144  43.338  30.088  28.632  43.892  28.204  29.634  43.914
  27.781  29.342  44.865  27.279  30.316  43.179  26.463  30.933  43.514  27.644
  30.756  41.877  26.939  31.358  41.332  28.722  30.266  41.231  26.333  29.865
  38.530  26.215  28.780  39.166  25.339  30.750  38.333  25.455  31.496  37.659
  24.007  30.543  38.973  24.176  30.588  40.053  22.994  31.637  38.555  22.072
  31.405  39.085  22.876  31.601  37.465  23.413  33.076  38.887  24.127  33.578
  38.246  23.931  33.068  39.848  22.188  33.995  39.120  22.343  34.868  39.746
  21.384  33.493  39.652  21.583  34.491  37.837  20.632  34.266  37.567  22.200
  35.343  37.013  21.465  35.892  36.109  20.582  35.447  35.890  21.770  36.677
  35.554  23.452  35.675  37.023  24.078  35.235  37.686  23.828  36.430  36.469
  23.379  29.174  38.550  22.814  28.623  39.512  23.508  28.696  37.373  23.982
  29.179  36.610  22.562  27.650  36.877  21.979  27.408  37.768  21.667  28.289
  35.862  21.194  27.588  35.176  22.153  29.033  35.239  20.532  29.120  36.416
  20.654  29.815  37.422  19.382  29.053  35.785  19.289  28.360  35.058  18.605
  29.650  36.030  23.194  26.372  36.335  22.419  25.426  36.130  24.534  26.264
  36.278  25.118  27.042  36.544  25.357  25.077  35.946  24.592  24.311  35.949
  25.779  25.075  34.426  26.555  24.378  34.102  26.126  26.092  34.271  24.539
  24.808  33.536  23.813  25.564  33.841  24.242  23.760  33.662  24.753  25.138
  32.055  23.960  24.620  31.506  25.751  24.820  31.768  24.642  26.547  31.806
  23.874  27.015  32.263  25.338  27.268  30.893  25.936  26.638  29.888  25.680
  25.738  29.532  26.559  27.121  29.256  25.356  28.558  30.936  24.649  29.125
  31.372  26.189  28.960  30.525  26.483  24.735  36.949  27.017  23.671  36.876
  26.748  25.649  37.915  26.133  26.443  37.889  27.694  25.410  39.057  28.329
  24.525  38.933  28.702  26.553  39.052  29.280  26.535  39.973  28.258  27.527
  39.226  29.664  26.518  37.534  27.102  25.292  40.527  27.384  24.253  41.144
  26.338  26.369  40.920  26.414  27.185  40.335  25.817  26.550  42.258  26.697
  26.638  42.909  25.045  27.845  42.310  24.385  27.654  41.460  25.780  28.609
  42.046  24.366  28.357  43.616  25.157  28.686  44.295  23.791  27.563  44.080
  23.414  29.491  43.308  22.582  29.073  42.739  23.990  30.285  42.824  23.026
  30.081  44.684  23.927  30.369  45.234  22.430  29.328  45.188  22.243  31.286
  44.576  21.955  31.712  45.443  22.669  32.000  44.013  21.433  31.127  43.996
  25.008  25.307  42.654  23.928  25.041  42.104  25.552  24.539  43.649  26.474
  24.875  43.879  25.043  23.225  44.036  24.014  23.199  43.675  24.841  23.132
  45.106  25.656  21.978  43.584  25.228  20.853  44.030  26.597  21.957  42.696
  26.983  22.833  42.371  27.130  20.720  42.093  26.336  19.985  42.106  27.443
  20.850  40.573  27.837  19.846  40.429  26.196  21.023  39.700  25.610  20.107
  39.785  25.741  21.947  40.024  26.438  21.175  38.640  28.489  21.711  40.280
  28.255  22.642  40.204  28.496  20.216  42.778  29.030  21.037  43.584  29.040
  19.141  42.505  28.686  18.370  41.959  30.336  18.685  42.970  30.447  18.980
  44.018  30.507  17.103  42.839  30.466  16.827  41.780  29.683  16.571  43.301
  31.743  16.710  43.623  31.895  15.460  43.890  32.688  17.485  43.840  31.492
  19.434  42.247  32.031  19.004  41.160  31.659  20.685  42.700  31.001  21.023
  43.387  32.556  21.595  41.986  32.148  21.672  40.975  32.485  23.049  42.458
  33.379  23.581  42.136  31.311  23.843  41.861  31.547  24.873  42.156  31.291
  23.597  40.803  30.328  23.541  42.242  32.634  23.226  43.967  32.600  24.298
  44.151  31.890  22.714  44.569  33.661  22.901  44.100  34.023  21.116  41.881
  34.767  21.556  41.059  34.467  20.268  42.836  33.873  19.806  43.498  35.864
  19.809  42.801  36.410  20.714  42.547  36.228  19.254  44.135  35.702  18.308
  44.159  35.732  19.942  44.820  37.757  19.076  44.338  38.164  20.072  44.133
  38.064  18.399  43.542  37.922  18.613  45.711  38.255  19.306  46.637  37.664
  17.346  45.928  37.391  16.723  45.181  37.621  17.041  46.889  36.221  19.020
  41.626  37.381  18.971  41.248  35.217  18.283  40.999  34.328  18.521  41.426
  35.224  17.606  39.723  35.638  16.603  39.819  33.764  17.432  39.212  33.951
  16.706  38.416  33.270  16.950  40.064  33.491  18.432  38.885  36.150  18.273
  38.630  37.067  17.634  38.005  36.029  19.624  38.522  35.511  20.091  39.259
  36.735  20.353  37.459  36.593  19.809  36.522  36.064  21.767  37.290  36.519
  22.279  36.438  36.227  22.390  38.157  34.574  21.735  37.088  33.675  22.106
  37.975  33.896  22.440  38.973  32.424  21.810  37.405  31.574  21.929  37.933
  32.463  21.393  36.177  31.541  20.834  35.279  30.501  20.822  35.568  32.049
  20.283  34.083  31.297  19.705  33.565  33.370  20.333  33.704  33.588  19.816
  32.788  34.262  20.873  34.643  35.292  20.794  34.304  33.914  21.362  35.889
  38.235  20.445  37.721  38.929  20.815  36.730  38.762  20.149  38.903  38.188
  19.797  39.654  40.231  20.071  39.126  40.773  20.192  38.186  40.706  21.163
  40.070  41.796  21.046  40.072  40.476  22.521  39.492  40.890  23.272  40.158
  41.057  22.492  38.573  39.407  22.718  39.409  40.244  21.064  41.540  40.657
  20.103  41.846  39.163  20.981  41.459  40.699  22.147  42.555  40.366  21.835
  43.546  41.770  22.300  42.505  40.085  23.030  42.369  40.672  18.691  39.644
  41.820  18.485  39.987  39.715  17.717  39.728  38.828  18.041  39.395  40.186
  16.335  39.837  40.825  16.246  40.708  39.010  15.343  39.911  39.384  14.339
  39.707  38.272  15.453  39.119  38.219  15.475  41.219  37.705  16.438  41.143
  39.017  15.404  41.961  37.261  14.272  41.405  37.815  13.339  41.531  36.562
  14.262  40.564  36.440  14.384  42.623  36.988  14.316  43.474  35.173  14.823
  42.729  34.335  14.983  41.736  34.585  14.726  40.798  33.355  14.990  41.995
  34.672  15.003  43.857  35.228  14.573  44.570  33.703  15.240  44.054  41.136
  15.952  38.690  40.909  16.287  37.498  42.231  15.267  39.006  42.409  15.162
  39.997  43.279  14.805  38.060  42.878  14.402  37.132  43.794  14.096  38.705
  44.187  15.987  37.685  45.147  15.697  36.968  43.944  17.191  38.097  43.134
  17.250  38.696  44.862  18.395  38.072  45.404  18.486  37.122  44.060  19.641
  38.124  44.735  20.487  38.190  43.568  19.549  39.083  42.914  20.040  36.700
  45.829  18.256  39.324  45.358  18.296  40.443  47.099  18.157  39.056  47.440
  18.029  38.118  48.097  18.057  40.148  47.624  17.875  41.109  49.050  16.849
  39.817  49.713  17.200  39.026  48.545  16.009  39.351  49.755  16.281  40.961
  50.239  15.366  40.607  49.052  15.990  41.752  50.830  17.288  41.607  50.976
  16.873  42.609  50.296  18.242  41.710  52.032  17.386  40.788  52.587  16.561
  40.653  52.689  18.429  40.363  53.819  18.228  39.746  54.223  17.296  39.731
  54.484  18.984  39.682  52.266  19.603  40.615  51.346  19.751  40.983  52.941
  20.338  40.462  48.706  19.443  40.151  49.747  19.563  39.532  47.941  20.460
  40.604  47.080  20.289  41.104  48.441  21.897  40.517  48.584  22.140  39.466
  47.346  22.826  40.990  47.882  23.773  40.925  47.083  22.694  42.040  45.988
  23.081  40.277  45.695  24.124  40.400  46.030  22.952  38.777  45.001  23.047
  38.415  46.586  23.786  38.353  46.424  21.968  38.514  44.892  22.211  40.910
  43.943  22.294  40.368  45.236  21.198  40.726  44.753  22.638  41.897  49.781
  22.052  41.208  50.284  21.113  41.904  50.437  23.067  40.933  30.044  39.010
  36.323  29.357  39.166  34.931  27.954  38.584  34.812  31.037  39.454  36.362
  30.087  37.961  36.659  29.387  39.568  36.999  29.934  38.548  34.235  29.314
  40.235  34.715  27.887  37.526  35.088  27.715  38.530  33.742  27.136  39.072
  35.348
  42.674  32.309  22.134  42.069  32.803  22.778  43.422  32.866  21.749  42.082
  32.049  21.365  43.179  31.109  22.746  43.744  30.555  22.002  44.141  31.458
  23.904  43.588  32.102  24.587  44.959  32.055  23.509  44.716  30.279  24.706
  45.099  29.557  23.984  43.910  29.814  25.270  45.878  30.584  25.625  45.446
  31.306  26.318  46.773  30.868  25.064  46.272  29.307  26.438  46.724  28.545
  25.796  45.297  28.911  26.711  47.114  29.608  27.586  47.402  28.698  27.916
  47.901  30.166  27.272  46.718  30.061  28.402  42.028  30.259  23.393  40.984
  30.815  23.796  42.111  28.909  23.536  42.876  28.405  23.092  41.370  28.117
  24.493  40.668  28.790  24.985  40.566  26.871  23.954  41.297  26.071  23.842
  39.762  27.189  22.699  38.983  26.456  22.475  39.071  28.000  22.970  40.347
  27.503  21.837  39.558  26.353  24.917  39.078  25.425  24.596  40.164  26.114
  25.790  38.837  27.124  25.179  42.363  27.655  25.569  43.428  27.160  25.265
  41.951  27.633  26.838  41.178  28.254  27.021  42.693  27.075  27.965  43.764
  27.120  27.756  42.570  27.838  29.237  42.790  27.133  30.034  41.564  28.242
  29.352  43.395  29.089  29.276  43.059  30.186  28.485  42.170  30.160  27.874
  43.873  31.326  28.525  43.624  32.173  27.907  44.972  31.341  29.377  45.503
  32.286  29.448  45.318  30.305  30.227  46.107  30.283  30.969  44.504  29.155
  30.187  44.674  28.430  30.975  42.285  25.601  28.099  41.070  25.214  28.031
  43.264  24.731  28.358  44.169  25.161  28.416  43.077  23.378  28.821  43.939
  22.708  28.849  42.312  22.891  28.215  42.586  23.508  30.309  43.094  24.270
  31.083  41.555  22.634  30.716  41.248  21.951  30.033  40.924  22.685  32.065
  40.203  23.492  31.916  40.098  21.406  32.236  40.677  20.498  32.116  39.260
  21.480  31.544  39.285  21.339  33.556  38.605  22.187  33.507  39.925  21.410
  34.436  38.519  20.018  33.588  37.850  19.968  32.727  37.946  19.884  34.498
  39.416  18.855  33.350  39.452  18.446  32.434  40.026  18.177  34.328  40.583
  17.049  34.159  40.678  16.499  33.315  40.816  16.584  35.024  39.920  18.630
  35.563  39.881  19.613  35.764  40.332  18.052  36.279  41.816  23.016  33.223
  41.627  24.045  33.903  42.897  22.264  33.392  42.908  21.488  32.750  43.916
  22.372  34.402  43.458  22.636  35.349  44.751  21.103  34.606  45.562  21.271
  35.306  45.309  20.838  33.699  43.772  19.589  35.029  44.979  23.408  34.244
  45.562  23.770  35.231  45.177  23.933  32.989  44.625  23.662  32.191  46.042
  25.110  32.689  46.980  25.004  33.221  46.205  25.194  31.198  45.259  25.470
  30.724  46.484  24.197  30.858  47.188  26.218  30.820  48.163  25.778  31.005
  47.067  27.027  31.542  47.136  26.674  29.335  46.047  26.641  28.664  48.034
  27.259  28.831  45.325  26.304  33.266  46.025  27.171  33.799  44.028  26.497
  32.983  43.511  25.828  32.428  43.230  27.543  33.651  43.731  28.454  33.333
  41.849  27.454  33.050  41.328  26.553  33.378  41.930  27.392  31.961  40.852
  28.581  33.518  40.690  28.523  34.598  41.390  30.001  33.195  40.538  30.670
  33.047  42.103  30.340  33.943  41.951  29.955  32.256  39.521  28.370  32.788
  38.851  29.229  32.909  39.622  28.318  31.709  39.049  27.448  33.136  43.347
  27.536  35.142  43.719  28.567  35.702  43.152  26.314  35.753  42.943  25.511
  35.181  43.238  26.177  37.155  42.565  26.840  37.707  42.821  24.795  37.538
  42.848  24.706  38.619  41.819  24.594  37.138  43.452  24.033  37.086  44.641
  26.505  37.644  44.684  26.926  38.800  45.681  26.374  36.816  45.528  26.037
  35.879  47.097  26.881  37.163  47.319  26.397  38.118  48.063  26.409  36.129
  49.030  26.212  36.593  47.782  25.488  35.628  48.284  27.250  35.461  47.124
  28.381  37.239  47.699  28.904  38.265  46.664  29.048  36.262  46.270  28.584
  35.456  46.482  30.550  36.287  47.438  31.079  36.293  45.779  30.976  34.962
  45.662  32.058  35.021  46.317  30.661  34.075  44.774  30.578  34.934  45.686
  31.031  37.491  46.086  31.974  38.223  44.538  30.398  37.756  44.281  29.783
  36.991  43.729  30.669  38.902  43.451  31.713  39.001  42.479  29.771  38.689
  41.886  29.707  39.599  42.627  28.736  38.369  41.548  30.442  37.611  42.058
  30.297  36.653  41.400  31.487  37.871  39.869  29.712  37.576  39.010  30.459
  36.217  38.074  29.929  36.081  38.823  31.513  36.407  39.631  30.423  35.328
  44.415  30.464  40.295  44.049  30.958  41.330  45.464  29.591  40.315  45.639
  29.061  39.470  46.208  29.244  41.569  45.579  29.411  42.447  46.651  27.839
  41.564  47.390  27.593  40.807  45.774  27.189  41.489  47.303  27.333  42.830
  48.240  27.882  42.786  47.391  26.251  42.720  46.513  27.486  44.157  45.529
  27.144  43.849  46.476  28.558  44.377  47.113  26.790  45.395  47.900  27.454
  45.719  47.502  25.832  45.034  46.120  26.723  46.464  46.378  27.436  47.127
  45.162  26.831  46.182  46.229  25.846  46.943  47.359  30.143  41.792  47.662
  30.560  42.879  48.035  30.544  40.689  47.751  30.129  39.813  49.108  31.592
  40.801  49.634  31.385  41.733  50.038  31.430  39.604  50.455  30.425  39.634
  50.874  32.033  39.949  49.563  31.692  38.220  49.185  32.706  38.180  48.636
  31.132  38.134  50.651  31.428  37.114  51.488  32.032  37.460  50.280  32.025
  36.278  50.965  30.011  36.808  51.488  29.482  37.494  50.679  29.364  35.664
  49.816  29.825  34.779  49.748  30.826  34.719  49.500  29.242  34.024  51.205
  28.155  35.467  51.861  27.914  36.200  51.120  27.638  34.612  48.504  32.992
  40.976  49.273  33.798  41.550  47.238  33.303  40.631  46.731  32.624  40.077
  46.562  34.486  41.039  47.291  35.250  41.313  45.640  34.996  39.883  45.321
  35.973  40.253  44.821  34.284  39.738  46.343  35.134  38.542  45.812  34.848
  37.274  46.768  35.219  36.432  46.728  35.159  35.352  47.823  35.712  37.029
  48.657  36.027  36.547  47.650  35.687  38.399  48.203  36.039  39.256  45.837
  34.238  42.420  45.177  35.200  42.810  45.871  33.033  43.052  46.403  32.283
  42.640  45.407  32.852  44.453  45.876  33.652  45.016  45.644  31.843  44.784
  43.858  32.993  44.630  43.392  33.448  45.675  43.045  32.613  43.652  43.491
  32.140  42.878  41.644  32.550  43.641  41.305  33.537  43.971  41.152  32.202
  42.214  40.061  32.115  42.253  41.470  31.186  41.984  41.445  33.127  41.085
  42.262  32.811  40.429  40.267  33.172  40.103  40.526  33.821  39.257  40.146
  32.169  39.692  39.300  33.467  40.499  41.851  34.536  41.482  41.961  35.207
  40.635  41.095  34.902  42.167  42.830  34.509  41.964  41.110  31.485  44.601
  39.930  31.584  45.058  41.998  30.517  44.911  42.877  30.392  44.444  41.714
  29.439  45.811  40.759  29.018  45.474  42.831  28.376  45.773  43.736  28.809
  46.210  43.130  28.142  44.756  42.515  27.127  46.535  41.421  26.905  47.096
  43.344  26.216  46.455  41.487  29.906  47.207  42.217  30.792  47.709  40.431
  29.525  47.939  39.913  28.777  47.485  39.818  30.224  49.071  38.832  29.756
  49.154  40.601  29.766  50.297  41.507  30.357  50.462  40.979  28.760  50.147
  39.757  29.619  51.587  38.630  29.092  51.561  40.211  30.105  52.723  41.058
  30.654  52.699  39.786  29.818  53.595  39.516  31.707  49.036  39.200  32.202
  50.141  39.556  32.436  47.869  39.792  31.984  47.004  39.494  33.968  48.054
  39.897  34.283  49.012  40.253  34.548  46.910  40.139  34.120  45.924  41.312
  34.498  47.152  40.081  36.069  46.785  39.109  36.582  45.898  38.383  35.996
  45.353  38.876  37.975  45.875  38.163  38.508  45.268  39.695  38.883  46.607
  39.542  40.234  46.574  40.057  40.724  47.210  40.698  38.329  47.454  41.305
  39.027  48.018  40.851  36.978  47.587  41.645  36.574  48.192  37.988  34.257
  48.119  37.182  33.709  47.344  37.586  35.101  49.091  38.301  35.608  49.607
  36.167  35.233  49.577  36.201  35.712  50.563  35.328  36.054  48.568  34.317
  35.969  48.948  35.414  35.583  47.583  35.746  37.568  48.484  35.054  38.120
  47.848  36.736  37.452  48.047  35.784  38.330  49.817  35.405  37.723  50.642
  35.174  39.216  49.667  37.107  38.659  50.276  37.529  38.061  50.962  37.800
  39.737  49.896  37.362  40.624  49.027  36.423  40.622  48.646  37.913  41.467
  48.909  39.032  39.937  50.336  39.454  39.308  51.003  39.582  40.676  49.930
  35.559  33.812  49.800  34.369  33.799  50.039  36.397  32.764  50.002  37.369
  32.921  49.802  35.950  31.424  50.444  35.189  31.430  51.223  36.864  30.956
  50.810  35.630  30.427  49.353  35.515  29.231  49.635  35.626  30.784  48.060
  35.888  31.719  47.761  35.385  29.767  46.989  34.498  29.190  47.274  34.876
  30.511  45.701  34.757  29.695  44.979  35.654  31.137  45.276  33.565  31.288
  45.832  32.319  30.749  45.495  32.328  29.775  45.025  31.108  31.496  45.706
  30.192  30.994  45.440  31.100  32.663  46.455  29.978  33.350  46.757  30.007
  34.155  47.279  32.377  33.252  46.801  32.436  34.087  47.473  33.540  32.584
  46.409  34.455  33.076  46.716  36.524  28.801  46.820  37.639  29.207  46.698
  36.378  27.472  46.763  35.532  26.995  47.026  37.348  26.555  46.213  38.257
  26.500  46.815  36.830  25.072  46.237  36.307  24.917  47.178  37.692  24.411
  46.204  35.897  24.703  45.199  35.756  23.787  45.468  37.835  26.927  44.860
  37.051  27.378  44.015  39.071  26.568  44.465  39.633  25.987  45.072  39.666
  26.828  43.114  39.709  27.906  42.963  40.999  26.242  43.141  40.946  25.195
  43.421  41.685  26.810  43.767  41.672  26.260  41.732  41.056  25.691  41.037
  41.890  27.703  41.268  42.440  27.637  40.330  40.967  28.253  41.092  42.544
  28.152  42.005  43.034  25.624  41.750  43.424  25.469  40.752  43.780  26.151
  42.356  42.971  24.588  42.080  38.730  26.208  41.988  38.429  26.812  41.042
  38.106  25.028  42.249  38.448  24.421  42.985  37.170  24.460  41.313  36.789
  23.528  41.742  37.651  24.375  40.334  35.911  25.302  40.953  35.502  25.245
  39.803  35.441  26.226  41.863  35.841  26.370  42.773  34.281  27.026  41.474
  33.522  26.283  41.230  33.879  27.853  42.636  33.370  28.745  42.276  34.823
  28.215  43.043  33.019  27.163  43.651  31.786  26.936  43.472  33.600  26.526
  44.688  34.609  26.444  44.730  33.131  25.877  45.284  34.454  27.953  40.295
  33.616  28.044  39.393  35.631  28.538  40.201  36.356  28.245  40.835  36.083
  29.382  39.124  35.373  30.200  39.085  37.380  30.072  39.689  37.631  30.883
  39.001  38.171  29.333  39.707  37.256  30.727  41.032  37.698  30.202  42.168
  38.247  29.287  42.308  37.678  31.142  43.149  38.075  31.046  44.071  37.031
  32.216  42.688  36.786  33.496  43.395  37.085  33.582  44.435  36.219  34.495
  42.604  35.828  35.355  43.126  35.849  34.356  41.255  35.439  35.135  40.617
  36.045  33.068  40.638  35.756  33.051  39.598  36.752  32.086  41.328  36.236
  28.688  37.801  35.894  29.221  36.705  36.752  27.461  37.823  37.126  27.065
  38.678  37.033  26.616  36.642  37.492  27.254  35.896  37.899  25.450  37.014
  37.498  24.590  37.562  38.283  24.762  35.691  38.953  23.936  35.930  37.438
  24.317  35.155  38.793  25.500  35.075  39.142  25.771  37.713  39.711  24.867
  37.933  39.721  26.469  37.107  38.897  26.353  38.597  35.709  26.167  36.094
  35.571  26.227  34.873  34.773  25.767  36.987  35.011  25.743  37.967  33.370
  25.500  36.567  33.331  24.653  35.875  32.553  25.061  37.761  32.562  25.888
  38.473  33.012  24.190  38.220  30.838  24.617  37.332  32.685  26.712  35.915
  32.155  26.528  34.886  32.748  27.876  36.463  33.048  27.932  37.423  32.113
  29.039  35.901  31.032  28.911  35.871  32.236  30.247  36.860  31.555  30.961
  36.412  31.871  29.950  37.842  33.251  30.626  36.997  32.529  29.350  34.499
  31.663  29.572  33.615  33.828  29.232  34.262  34.485  29.092  35.014  34.483
  29.431  32.931  34.134  30.361  32.481  35.993  29.476  33.242  36.535  29.531
  32.303  36.202  30.310  33.915  36.211  28.508  33.702  34.021  28.347  31.900
  33.756  28.629  30.717  33.895  27.061  32.223  34.341  26.814  33.096  33.383
  25.940  31.423  33.972  25.754  30.525  33.257  24.730  32.344  32.629  24.996
  33.191  34.243  24.462  32.728  32.773  23.449  31.666  31.694  23.581  31.563
  32.932  22.593  32.325  33.430  23.028  30.291  34.498  22.877  30.494  33.411
  23.831  29.553  32.826  21.789  29.692  31.778  21.980  29.479  32.815  20.956
  30.390  33.631  21.239  28.599  33.319  21.835  27.842  34.592  21.360  28.849
  33.489  20.249  28.438  31.988  26.301  30.867  31.828  26.101  29.679  31.042
  26.731  31.762  31.292  26.868  32.731  29.664  26.864  31.399  29.398  26.289
  30.504  28.755  26.265  32.453  27.738  26.514  32.149  29.010  26.801  33.368
  28.926  24.705  32.649  28.638  23.918  31.626  28.105  24.347  30.791  29.002
  22.555  31.760  28.745  21.910  30.935  29.724  22.037  32.846  29.851  20.965
  32.836  29.941  22.795  33.989  30.494  22.306  34.784  29.598  24.179  33.865
  29.906  24.922  34.588  29.302  28.305  31.034  28.146  28.615  30.619  30.233
  29.234  31.056  31.100  29.089  31.559  30.118  30.429  30.325  29.113  30.841
  30.349  30.832  31.627  30.984  30.972  32.428  30.256  31.838  31.357  31.278
  30.226  32.166  32.188  30.994  32.860  32.532  30.156  31.384  32.946  28.865
  32.870  31.929  28.468  33.003  30.757  28.058  33.228  32.835  30.629  30.318
  28.836  29.925  30.698  27.902  31.924  29.881  28.642  32.513  29.821  29.454
  32.650  30.200  27.390  31.945  30.541  26.636  33.742  31.200  27.732  33.191
  32.012  28.224  34.187  31.486  26.780  34.744  30.687  28.599  34.840  31.223
  29.394  33.296  28.916  26.814  34.028  28.947  25.764  33.271  27.774  27.615
  32.782  27.969  28.482  34.107  26.572  27.398  34.189  26.040  28.353  33.478
  25.709  26.295  33.617  26.308  25.389  32.407  25.623  26.484  34.102  24.359
  26.099  34.624  23.772  27.045  33.927  23.800  24.964  33.202  24.073  24.320
  34.276  22.865  24.834  35.593  27.043  27.255  36.281  26.735  26.289  36.060
  27.748  28.329  35.350  27.913  29.026  37.446  28.322  28.455  37.453  28.971
  29.329  38.362  27.155  28.788  39.327  27.586  29.065  38.538  26.673  27.833
  37.837  26.060  29.728  37.653  24.796  29.140  37.893  24.673  28.091  37.278
  23.668  29.880  37.328  22.702  29.390  37.018  23.804  31.219  36.777  22.993
  31.896  37.133  25.098  31.816  36.883  25.291  32.844  37.537  26.236  31.046
  37.588  27.181  31.577  37.988  29.115  27.288  39.169  29.159  27.170  37.135
  29.616  26.382  36.194  29.591  26.761  37.466  30.381  25.235  38.433  30.086
  24.829  36.436  30.262  24.085  35.501  30.697  24.449  36.354  29.201  23.865
  36.688  31.047  22.828  37.802  31.391  22.486  35.670  31.182  22.035  34.756
  30.896  22.346  35.677  31.633  21.130  37.644  31.933  25.590  36.680  32.500
  26.134  38.802  32.526  25.266  39.557  32.062  24.772  39.128  33.955  25.573
  38.648  34.020  26.552  40.601  34.148  25.613  40.843  35.206  25.723  41.231
  33.472  26.861  42.303  33.659  26.820  40.895  33.945  27.776  40.978  32.415
  26.901  41.247  33.669  24.469  41.687  34.420  24.072  38.472  34.974  24.622
  38.766  36.122  24.761  37.759  34.552  23.565  37.607  33.554  23.555  37.050
  35.362  22.626  37.412  36.379  22.787  37.467  34.972  21.170  36.826  35.604
  20.553  37.155  33.944  21.010  38.891  35.212  20.790  39.077  34.790  19.804
  39.495  34.792  21.595  39.467  36.574  20.728  39.606  37.182  19.672  39.983
  37.169  21.793  39.985  36.596  22.618  40.573  37.991  21.716  35.550  35.431
  22.803  34.849  36.123  22.066  34.950  34.707  23.740  35.502  34.086  24.316
  33.508  34.566  23.909  33.104  34.093  23.013  33.235  33.601  25.078  32.182
  33.466  25.308  33.723  32.624  24.998  33.669  34.094  25.954  32.753  35.847
  24.095  33.173  36.790  24.837  31.545  35.976  23.522  31.157  35.206  22.989
  30.993  37.410  23.218  31.170  38.076  24.062  31.772  37.980  22.053  31.171
  38.712  21.505  32.981  38.850  22.557  33.567  39.215  21.714  32.642  39.818
  22.937  33.654  38.298  23.213  32.262  37.094  21.093  33.139  36.827  21.396
  29.432  37.307  23.067  29.009  36.971  21.919  28.672  37.466  24.084  29.103
  37.680  24.983  27.210  37.334  24.073  26.897  36.898  23.127  26.776  36.290
  25.173  26.729  36.670  26.189  27.527  35.500  25.092  25.370  35.772  24.766
  25.232  34.916  23.894  24.396  36.290  25.319  24.533  37.005  26.013  23.500
  35.829  25.233  26.517  38.734  24.209  26.714  39.461  25.152  25.643  39.135
  23.253  25.396  38.441  22.560  24.979  40.433  23.210  25.577  41.210  23.683
  24.806  40.840  21.686  24.267  40.022  21.223  25.769  41.024  21.195  23.992
  42.169  21.622  23.090  42.076  22.231  23.494  42.236  20.660  24.857  43.452
  21.900  25.614  43.340  22.683  24.115  44.184  22.222  25.644  43.901  20.767
  26.653  43.769  20.780  25.102  44.448  19.701  25.702  44.300  18.583  26.455
  43.649  18.431  25.107  44.610  17.829  23.909  45.063  19.803  23.367  44.988
  20.653  23.648  45.689  19.067  23.746  40.305  23.999  22.975  39.382  23.797
  23.546  41.267  24.960  24.205  42.028  24.893  22.348  41.579  25.715  21.797
  40.688  26.023  22.677  42.477  26.927  21.749  42.663  27.464  23.159  43.418
  26.669  23.627  41.705  27.936  24.784  41.468  27.680  23.018  41.152  28.930
  22.008  41.135  29.019  23.610  40.520  29.447  21.379  42.332  24.867  21.740
  43.150  24.009  20.057  42.272  25.305  19.820  41.753  26.130  18.986  42.958
  24.577  18.956  42.798  23.499  17.668  42.348  25.001  16.894  42.781  24.376
  17.610  40.796  24.786  16.704  40.321  25.169  17.459  40.578  23.728  18.493
  40.279  25.142  17.378  42.465  26.390  16.436  42.357  26.499  18.974  44.480
  24.762  18.143  45.124  24.155  19.801  45.148  25.587  20.564  44.562  25.914
  19.968  46.578  25.753  19.095  47.105  25.367  19.927  46.684  27.322  19.001
  46.208  27.656  19.879  47.747  27.552  21.030  46.158  28.109  21.912  45.432
  27.557  21.042  46.500  29.346  21.256  47.167  25.169  21.668  48.208  25.760
  21.890  46.511  24.247  21.452  45.800  23.673  23.187  47.060  23.743  23.150
  48.129  23.533  23.293  46.609  22.758  24.382  46.734  24.568  25.477  47.116
  24.136  24.302  46.076  25.754  23.399  45.841  26.155  25.384  45.440  26.462
  26.232  46.047  26.157  25.332  45.515  27.971  25.134  46.550  28.231  26.278
  45.178  28.406  24.341  44.641  28.348  23.535  44.886  27.875  25.899  44.098
  25.906  25.313  43.536  25.000  27.063  43.678  26.312  27.477  44.131  27.118
  27.790  42.514  25.804  27.051  41.770  25.500  28.715  42.771  24.563  29.483
  43.475  24.847  29.432  41.577  23.985  30.017  41.942  23.142  30.136  41.246
  24.739  28.683  40.853  23.671  28.043  43.339  23.456  27.379  43.901  23.860
  28.601  41.896  26.961  29.128  42.618  27.805  28.735  40.564  26.994  28.270
  40.063  26.258  29.585  39.904  28.002  29.772  40.570  28.856  28.731  38.780
  28.672  29.425  38.349  29.397  28.623  38.014  27.899  27.445  39.212  29.326
  26.465  38.404  29.382  27.357  40.309  29.865  30.870  39.382  27.309  30.804
  38.742  26.295  32.063  39.693  27.917  32.098  40.231  28.782  33.354  39.661
  27.209  33.253  39.432  26.151  33.892  41.165  27.236  34.962  41.160  27.007
  33.785  41.546  28.252  33.284  42.082  26.196  33.595  41.945  24.828  34.165
  41.085  24.517  33.027  42.803  23.868  33.307  42.689  22.830  32.158  43.798
  24.317  31.701  44.765  23.447  31.067  45.347  23.871  31.868  43.954  25.686
  31.135  44.657  26.058  32.365  43.058  26.645  32.124  43.081  27.695  34.330
  38.585  27.881  34.680  38.693  29.081  34.791  37.682  27.051  34.372  37.668
  26.130  35.880  36.780  27.191  36.666  37.365  27.666  36.187  36.457  26.195
  35.753  35.488  27.893  34.636  34.944  28.137  36.806  35.001  28.500  37.672
  35.512  28.566  36.740  33.678  29.132  36.491  32.854  28.460  38.174  33.214
  29.479  38.696  33.269  28.519  38.754  34.227  30.480  38.777  35.223  30.050
  38.192  34.163  31.410  39.802  34.027  30.723  38.286  31.809  30.093  37.610
  31.241  29.457  37.993  31.732  31.143  39.709  31.250  29.890  39.656  30.182
  30.110  39.994  31.466  28.868  40.414  31.748  30.556  35.756  33.562  30.342
  35.084  32.531  30.531  35.578  34.622  31.152  36.148  35.444  31.005  34.616
  34.644  32.270  34.364  33.640  32.610  35.272  35.318  33.505  34.572  35.425
  34.333  35.585  36.311  33.165  36.585  34.737  34.012  37.396  34.781  33.293
  36.586  33.250  34.337  37.522  32.903  34.781  35.792  32.987  35.028  36.371
  32.714  33.411  36.951  35.426  35.356  37.988  35.196  35.600  36.954  36.505
  35.196  36.355  35.051  36.189  33.315  35.317  31.972  32.596  35.554  32.879
  33.072  35.808  30.707  33.822  35.672  30.039  31.841  36.509  30.348  32.129
  37.077  29.463  30.789  35.419  30.067  29.794  35.850  29.982  30.819  34.696
  30.884  31.101  34.653  28.785  30.392  33.830  28.692  32.137  34.300  28.830
  30.883  35.474  27.577  29.794  35.481  27.015  31.903  36.227  27.161  32.851
  36.149  27.503  31.690  36.702  26.296  31.343  37.644  31.226  30.234  37.722
  31.724  32.255  38.635  31.408  33.046  38.629  30.769  31.968  39.807  32.276
  31.364  39.622  33.167  33.262  40.228  32.954  34.003  40.251  32.155  33.297
  41.604  33.641  34.209  41.769  34.211  33.248  42.377  32.873  32.468  41.731
  34.338  33.667  39.092  33.906  33.466  38.100  33.505  33.117  39.198  34.844
  35.147  39.178  34.297  35.327  40.082  34.889  35.447  38.350  34.946  35.799
  39.232  33.427  31.232  40.898  31.545  31.718  41.292  30.461  30.046  41.317
  32.029  29.841  40.979  32.962  29.089  42.293  31.448  28.946  41.935  30.421
  27.727  42.247  32.187  27.900  42.635  33.193  27.325  41.254  32.386  26.618
  43.094  31.557  26.180  44.135  32.086  26.186  42.778  30.339  26.638  42.007
  29.857  25.372  43.274  30.013  29.517  43.757  31.264  30.182  44.337  32.120
  28.955  44.363  30.218  28.330  43.855  29.602  29.422  45.684  29.846  30.403
  45.857  30.285  29.745  45.726  28.336  30.395  44.867  28.225  30.246  46.688
  28.177  28.465  45.664  27.624  28.346  46.542  27.256  28.424  46.759  30.134
  28.719  47.934  29.903  27.339  46.409  30.876  27.107  45.465  31.145  26.521
  47.475  31.504  26.511  48.299  30.796  25.055  47.026  31.776  25.016  46.384
  32.653  24.581  46.632  30.870  24.118  48.230  32.094  24.158  48.911  31.237
  24.334  48.816  32.988  22.712  47.737  32.156  22.534  47.148  33.052  22.537
  47.161  31.242  21.807  48.959  32.223  22.066  49.801  32.725  20.569  49.110
  31.800  19.870  48.241  31.037  20.331  47.441  30.606  18.933  48.429  30.704
  19.983  50.260  32.068  20.541  50.987  32.482  19.014  50.318  31.786  27.205
  48.000  32.790  27.099  49.223  32.998  27.824  47.169  33.549  27.822  46.178
  33.359  28.315  47.477  34.937  28.007  48.454  35.307  27.622  46.474  35.876
  27.952  46.570  36.905  27.941  45.507  35.495  26.091  46.423  35.864  25.269
  45.390  35.633  25.718  44.423  35.463  23.973  45.746  35.638  23.196  45.133
  35.452  23.810  47.189  35.713  22.711  48.080  35.563  21.707  47.692  35.505
  23.007  49.407  35.531  22.135  50.047  35.453  24.293  49.913  35.678  24.466
  50.980  35.567  25.402  49.000  35.728  26.416  49.300  35.947  25.166  47.623
  35.751  29.916  47.489  35.009  30.564  48.288  35.702  30.525  46.504  34.309
  30.047  45.815  33.745  31.860  46.102  34.655  32.073  46.539  35.641  32.021
  44.570  34.730  32.908  44.335  35.324  32.057  44.070  33.765  31.209  44.161
  35.331  32.878  46.710  33.711  33.844  47.213  34.137  32.640  46.690  32.380
  31.835  46.197  32.034  33.538  47.240  31.366  34.275  47.866  31.851  34.216
  46.114  30.598  34.676  45.314  31.187  35.012  46.478  29.946  33.286  45.134
  29.476  32.821  48.139  30.407  31.639  47.991  30.136  33.573  49.084  29.798
  34.554  49.214  29.989  33.106  50.041  28.808  32.016  50.104  28.886  33.651
  51.399  29.306  34.721  51.368  29.528  33.134  51.764  30.182  33.495  52.370
  28.176  32.416  52.427  27.554  34.356  53.318  28.008  35.315  53.239  28.301
  34.066  54.056  27.381  33.642  49.530  27.394  34.821  49.454  27.177  32.771
  49.341  26.425  31.792  49.475  26.652  33.149  48.963  25.029  34.216  48.751
  25.042  32.384  47.708  24.540  32.294  46.986  25.357  33.090  47.272  23.835
  31.028  47.989  24.005  30.692  47.302  22.941  30.287  48.764  24.617  32.995
  50.177  24.137  33.086  50.124  22.907  32.638  51.336  24.685  32.526  51.317
  25.685  32.395  52.744  24.091  33.169  52.907  23.340  32.423  53.442  24.934
  31.119  52.932  23.407  30.843  54.052  22.976  30.196  51.913  23.386  30.475
  51.024  23.785  28.878  51.983  22.803  28.570  53.027  22.813  28.794  51.490
  21.378  29.591  51.996  20.844  27.798  51.789  21.044  28.997  49.986  21.213
  28.509  49.450  22.017  30.075  49.824  21.266  28.473  49.499  19.857  29.079
  49.904  19.044  27.457  49.880  19.722  28.366  48.070  19.770  28.869  47.560
  20.476  27.909  47.425  18.776  28.044  46.143  18.719  28.637  45.652  19.364
  27.709  45.629  17.913  27.207  47.904  17.780  27.119  48.904  17.661  26.710
  47.284  17.156  27.769  51.385  23.708  26.594  51.727  23.463  28.058  50.531
  24.676  28.952  50.069  24.572  27.082  50.172  25.669  26.236  49.638  25.233
  27.700  49.286  26.788  28.436  49.892  27.313  26.635  49.039  27.869  26.642
  47.981  28.119  26.841  49.635  28.764  25.638  49.278  27.515  28.205  48.036
  26.391  28.877  48.121  25.701  26.636  51.464  26.325  27.564  52.158  26.800
  25.412  51.938  26.269  24.184  51.239  25.874  23.776  50.702  26.729  24.296
  50.451  25.122  23.118  52.318  25.452  22.103  51.951  25.554  23.362  52.575
  24.420  23.539  53.373  26.463  22.955  53.149  27.354  23.321  54.393  26.142
  25.037  53.277  26.696  25.637  53.974  26.100  25.377  53.468  28.214  25.105
  52.579  29.033  26.020  54.584  28.614  26.339  55.234  27.908  26.143  55.037
  30.040  25.175  55.253  30.487  26.774  55.919  30.003  26.768  53.877  30.892
  26.506  53.842  32.102  27.680  53.112  30.411  27.831  53.110  29.411  28.336
  52.021  31.143  27.557  51.292  31.389  29.378  51.270  30.311  30.197  51.958
  30.106  28.824  50.848  29.475  29.794  50.172  31.093  29.555  49.381  30.610
  29.119  52.454  32.450  29.871  53.425  32.451  28.869  51.788  33.566  28.210
  51.026  33.632  29.363  52.265  34.892  29.386  53.354  34.851  28.485  51.777
  36.085  28.876  51.982  37.084  28.452  50.686  36.026  27.052  52.342  35.928
  26.547  52.017  36.840  26.698  51.878  35.012  27.041  53.850  35.623  27.205
  54.118  34.571  27.866  54.335  36.140  25.748  54.499  35.985  25.678  54.639
  36.984  24.612  54.756  35.331  24.462  54.595  34.002  25.331  54.420  33.515
  23.748  55.028  33.437  23.585  55.155  36.006  23.716  55.303  37.005  22.697
  55.221  35.534  30.849  51.919  35.167  31.444  52.461  36.053  31.388  50.975
  34.397  30.816  50.645  33.630  32.786  50.718  34.302  32.915  49.771  33.771
  33.489  51.731  33.423  33.520  52.696  33.934  32.863  51.940  32.560  34.844
  51.220  32.940  35.220  50.076  33.071  35.695  52.115  32.462  35.537  53.107
  32.462  36.542  51.741  32.067  33.531  50.531  35.615  34.696  50.910  35.893
  32.841  49.808  36.491  31.976  49.336  36.244  33.316  49.575  37.844  33.477
  50.538  38.325  32.177  48.867  38.629  32.591  48.551  39.593  31.956  47.944
  38.088  30.897  49.714  38.789  30.714  50.237  37.844  29.656  48.852  39.186
  28.752  49.415  39.419  29.320  48.278  38.321  30.047  48.245  40.002  31.167
  50.751  39.859  30.264  51.353  40.002  31.480  50.216  40.755  31.965  51.367
  39.454  34.658  48.851  37.973  35.368  49.012  38.992  35.130  48.095  36.961
  34.430  47.976  36.241  36.536  47.677  36.817  36.872  47.502  37.839  36.581
  46.339  36.060  37.550  46.222  35.572  35.943  46.408  35.168  36.181  44.772
  36.934  37.578  48.658  36.219  38.785  48.426  36.423  37.173  49.808  35.697
  36.175  49.971  35.754  38.016  50.812  35.058  37.325  51.476  34.551  38.724
  51.644  36.081  39.346  50.982  36.679  37.980  52.159  36.685  39.629  52.809
  35.631  39.209  53.535  34.753  40.860  52.948  36.052  41.113  52.413  36.867
  41.381  53.801  35.924  38.842  50.331  33.894  40.027  50.725  33.752  38.235
  49.599  32.960  37.262  49.372  33.101  38.940  49.099  31.806  39.769  49.767
  31.591  39.644  47.753  32.060  40.182  47.448  31.154  40.713  47.811  33.181
  41.252  46.865  33.221  41.453  48.570  32.925  40.283  47.966  34.169  38.531
  46.750  32.428  37.981  46.628  31.499  37.905  47.135  33.234  38.954  45.389
  32.902  38.096  44.719  32.837  39.740  44.974  32.277  39.333  45.425  33.932
  38.052  49.068  30.605  36.868  48.804  30.716  38.507  49.331  29.393  39.844
  49.842  29.080  40.646  49.308  29.596  39.896  50.914  29.290  40.003  49.616
  27.612  40.361  48.600  27.453  40.614  50.435  27.235  38.625  49.727  27.039
  38.650  49.148  26.115  38.378  50.758  26.779  37.687  49.199  28.163  36.774
  49.782  28.296  37.539  47.659  28.028  38.459  46.901  28.336  36.453  47.127
  27.471  35.681  47.765  27.314  36.256  45.689  27.415  36.298  45.137  28.351
  34.883  45.389  26.796  34.850  44.300  26.807  34.978  45.678  25.753  33.490
  46.074  27.577  37.339  44.997  26.523  37.395  43.807  26.565  38.139  45.679
  25.688  37.951  46.660  25.508  39.262  45.039  24.996  38.844  44.268  24.342
  40.027  46.143  24.236  39.392  46.482  23.412  40.942  45.708  23.831  40.338
  47.178  25.136  41.221  47.455  24.905  40.181  44.217  25.885  40.719  43.176
  25.486  40.365  44.676  27.081  39.954  45.534  27.422  41.186  44.046  28.078
  42.153  43.760  27.662  41.233  44.827  29.331  41.756  44.299  30.116  41.804
  45.739  29.143  40.235  45.023  29.727  40.608  42.647  28.521  41.417  41.708
  28.601  39.306  42.442  28.471  38.706  43.258  28.392  38.749  41.081  28.733
  39.273  40.713  29.618  37.231  41.302  29.019  36.819  40.288  29.098  36.797
  41.719  28.114  36.829  42.139  30.270  37.539  42.961  30.264  35.324  42.587
  30.274  35.142  43.287  31.097  35.111  43.050  29.309  34.634  41.767  30.461
  37.018  41.390  31.608  36.784  42.021  32.472  36.417  40.486  31.516  38.055
  41.098  31.742  38.909  40.088  27.593  38.495  38.934  27.734  39.516  40.521
  26.550  39.867  41.466  26.531  39.738  39.735  25.258  39.167  38.803  25.306
  39.139  40.471  24.080  39.314  39.980  23.125  39.680  41.414  23.981  37.610
  40.570  24.157  37.250  40.704  25.175  37.084  41.668  23.265  36.016  41.802
  23.362  37.406  42.667  23.586  37.283  41.396  22.228  36.816  39.345  23.647
  35.737  39.428  23.645  37.074  39.042  22.631  37.075  38.488  24.266  41.193
  39.296  25.044  41.454  38.425  24.223  42.098  39.803  25.890  41.805  40.474
  26.593  43.534  39.446  25.896  44.031  39.892  25.042  44.071  40.171  27.120
  43.466  39.907  27.981  43.964  41.241  26.889  45.436  39.777  27.325  45.328
  39.246  28.110  43.626  37.945  25.971  42.968  37.392  26.855  44.510  37.318
  25.238  45.017  37.875  24.573  44.832  35.845  25.423  43.905  35.285  25.247
  45.676  35.265  24.369  46.034  34.294  24.709  46.574  35.852  24.175  44.965
  34.972  23.141  44.545  35.774  22.833  45.427  35.631  26.776  45.333  34.528
  27.356  46.198  36.567  27.308  46.319  37.461  26.849  46.605  36.556  28.668
  46.953  35.564  28.959  47.876  37.473  28.901  47.788  38.419  28.372  48.701
  36.938  28.438  48.147  37.713  30.349  48.789  38.779  30.650  47.756  36.937
  31.296  45.409  36.938  29.523  45.002  38.073  29.511  44.946  35.951  30.292
  45.315  35.016  30.232  43.756  36.094  31.149  43.115  36.796  30.631  43.030
  34.764  31.291  42.111  34.940  31.858  42.527  34.346  29.874  41.876  33.485
  29.992  41.947  35.169  29.435  43.374  34.050  29.268  43.886  33.741  32.052
  44.440  34.162  32.889  44.713  33.345  31.447  43.011  32.566  32.602  42.309
  32.287  31.824  43.691  31.729  32.721  42.654  32.890  33.579  44.033  36.814
  32.492  43.043  36.972  33.210  45.218  37.302  32.779  45.948  37.197  32.081
  45.496  38.141  33.992  45.188  37.583  34.877  47.029  38.354  34.142  47.338
  39.063  33.375  47.443  38.922  35.497  48.491  38.721  35.700  47.216  39.984
  35.446  46.887  38.507  36.340  47.795  37.191  33.834  47.796  37.102  32.885
  44.854  39.589  33.997  44.630  40.291  34.960  44.451  40.051  32.742  44.556
  39.492  31.907  43.554  41.161  32.640  43.834  42.034  33.232  43.503  41.738
  31.254  42.834  42.596  31.195  44.488  42.094  30.942  43.275  40.954  30.531
  42.090  40.893  33.090  41.658  41.636  33.902  41.517  39.705  32.631  42.012
  39.222  31.896  40.122  39.346  32.992  39.472  40.202  32.833  39.589  38.155
  32.243  38.812  37.649  32.817  40.319  37.354  32.112  39.135  38.518  30.989
  39.925  38.443  30.451  40.046  39.071  34.485  39.030  39.440  35.160  41.027
  38.365  35.093  41.794  38.040  34.527  41.061  38.078  36.516  40.067  37.723
  36.768  42.189  37.057  36.768  43.104  37.421  36.285  41.823  35.656  36.201
  42.695  35.006  36.268  41.066  35.171  36.824  41.746  35.786  35.129  42.584
  36.816  38.221  43.203  35.919  38.190  43.113  37.615  38.734  41.660  36.573
  38.762  41.174  39.257  37.525  40.483  39.314  38.483  42.047  40.263  37.196
  42.855  40.078  36.619  42.080  41.481  38.015  42.144  41.090  39.019  43.419
  42.203  37.840  43.559  43.098  38.441  43.564  42.532  36.806  44.548  41.345
  38.339  44.755  41.284  39.570  45.191  40.669  37.537  45.144  40.820  36.535
  46.036  40.323  37.961  40.810  42.334  37.825  40.580  43.236  38.666  39.878
  42.017  36.906  40.042  41.407  36.112  38.433  42.445  37.040  38.404  43.421
  37.531  37.868  42.739  35.636  38.029  41.890  34.975  38.370  43.629  35.258
  36.134  43.219  35.609  37.501  41.575  37.877  36.896  42.101  38.831  37.485
  40.213  37.730  37.991  39.819  36.945  36.693  39.351  38.548  35.636  39.612
  38.404  37.006  37.892  38.052  36.477  37.204  38.708  36.646  37.746  37.043
  38.095  37.789  38.055  36.914  39.582  40.016  35.933  39.622  40.834  38.146
  39.792  40.466  38.794  39.567  39.729  38.606  40.030  41.844  38.335  39.169
  42.452  40.170  40.301  41.884  40.544  40.746  42.810  40.548  40.858  41.029
  40.854  38.962  41.828  40.609  38.446  40.892  40.406  38.385  42.633  42.376
  39.136  42.038  42.572  39.792  42.892  42.922  39.561  41.195  42.879  37.754
  42.422  42.772  37.067  41.579  42.402  37.288  43.286  44.399  37.799  42.774
  44.747  36.876  42.963  44.934  38.145  41.991  44.515  38.405  43.578  37.890
  41.215  42.492  37.477  41.150  43.622  37.543  42.252  41.771  37.743  42.130
  40.792  36.706  43.426  42.188  36.980  43.812  43.175  36.932  44.584  41.187
  36.372  45.474  41.498  36.530  44.339  40.209  38.397  44.995  41.085  38.987
  44.115  40.805  38.810  45.389  42.012  38.511  45.993  39.916  37.971  46.912
  40.156  38.146  45.518  39.010  39.995  46.293  39.725  40.504  45.384  39.405
  40.528  46.635  40.613  40.229  47.360  38.675  41.164  47.729  38.613  39.987
  47.074  37.737  39.709  48.199  38.876  35.224  43.194  42.149  34.500  43.850
  42.911  34.703  42.252  41.347  35.289  41.818  40.642  33.297  41.728  41.280
  32.698  42.645  41.280  33.068  40.838  39.998  33.678  39.942  40.088  31.514
  40.486  39.859  31.247  39.791  39.076  31.128  40.069  40.793  30.945  41.401
  39.710  33.330  41.632  38.671  34.374  41.960  38.709  32.801  42.589  38.681
  33.102  40.793  37.389  33.678  41.147  36.536  33.419  39.760  37.579  32.054
  40.983  37.145  32.956  40.975  42.577  31.899  41.303  43.182  33.643  39.940
  42.968  34.521  39.735  42.521  33.170  38.985  43.987  32.257  38.671  43.478
  34.015  37.726  44.070  34.101  37.265  43.085  35.449  38.123  44.458  36.099
  37.245  44.508  35.998  38.749  43.753  35.454  38.632  45.423  33.349  36.521
  44.861  34.120  35.742  44.889  33.151  36.814  45.898  32.435  36.138  44.423
  32.706  39.644  45.330  31.829  39.151  45.993  33.339  40.769  45.570  34.033
  40.964  44.859  33.248  41.631  46.711  32.969  41.053  47.596  34.596  42.377
  46.926  34.490  42.828  47.911  34.877  43.177  46.248  35.675  41.444  46.906
  36.362  41.941  46.453  32.070  42.674  46.609  31.675  43.209  47.644  31.465
  42.901  45.486  31.650  42.400  44.631  30.448  43.961  45.294  30.939  44.927
  45.456  30.250  43.988  43.684  30.008  42.958  43.404  31.154  44.202  43.123
  28.970  44.771  43.384  27.883  44.203  43.328  29.155  46.016  43.133  29.166
  43.904  46.073  28.607  44.935  46.513  28.630  42.663  46.295  29.293  41.972
  45.982  27.316  42.364  46.896  26.501  42.738  46.271  27.310  42.874  47.861
  26.908  40.902  47.189  26.593  40.657  48.411  27.208  39.989  46.279  27.583
  40.286  45.386  26.533  38.706  46.170  26.108  38.401  47.132  25.448  39.009
  45.135  25.870  39.064  44.135  24.919  39.928  45.386  24.257  38.113  45.092
  23.919  37.557  46.117  23.478  38.012  44.042  23.854  38.470  43.218  22.573
  37.615  44.255  27.480  37.560  45.722  27.116  36.375  45.783  28.715  37.901
  45.281  28.797  38.878  45.031  29.776  37.054  44.801  29.886  36.381  45.657
  30.634  37.734  44.805  29.469  36.315  43.517  29.037  36.870  42.471  29.663
  35.022  43.460  29.847  34.618  44.364  29.564  34.092  42.319  30.120  34.497
  41.476  30.197  32.736  42.493  30.151  32.098  41.609  29.690  32.240  43.327
  31.709  32.930  42.763  31.828  32.950  43.853  32.071  33.852  42.305  32.673
  31.473  42.129  32.851  31.933  40.374  31.871  31.871  39.914  33.333  32.875
  40.086  33.503  31.211  39.872  28.133  33.934  41.808  27.851  33.616  40.611
  27.117  34.394  42.603  27.256  34.462  43.602  25.709  34.486  42.120  25.417
  33.487  41.819  24.821  34.869  43.315  23.803  35.017  42.962  25.161  35.770
  43.816  24.757  33.809  44.355  23.987  32.926  44.132  25.536  33.830  45.416
  25.956  34.727  45.628  25.585  33.005  45.994  25.542  35.457  40.920  24.393
  35.505  40.358  26.493  36.303  40.683  27.322  36.299  41.254  26.457  37.394
  39.672  25.522  37.848  39.987  27.658  38.352  39.955  27.530  39.259  39.386
  27.749  38.582  41.023  28.573  37.868  39.611  26.412  36.791  38.278  25.689
  37.281  37.412  27.271  35.848  37.998  27.867  35.558  38.762  27.325  35.144
  36.685  27.495  35.855  35.879  28.624  34.249  36.666  28.489  33.701  35.731
  28.525  33.568  37.502  29.844  35.043  36.550  30.342  35.576  35.435  29.893
  35.492  34.465  31.529  36.174  35.601  32.066  36.630  34.877  31.845  36.033
  36.933  32.812  36.649  37.728  33.501  37.377  37.352  33.084  36.178  39.033
  33.910  36.703  39.480  32.172  35.254  39.591  32.186  34.904  40.615  31.058
  34.791  38.884  30.349  34.104  39.320  30.885  35.200  37.510  26.153  34.167
  36.563  25.942  33.379  37.490  25.454  34.104  35.393  25.801  34.592  34.578
  24.373  33.115  35.211  23.822  33.161  36.140  23.410  33.566  34.105  23.212
  34.611  34.354  23.992  33.535  32.656  23.256  33.837  31.922  24.830  34.225
  32.640  24.410  32.548  32.456  22.189  32.700  34.002  21.464  33.011  33.237
  22.539  31.751  33.581  21.636  32.535  34.932  24.836  31.667  34.955  24.094
  30.780  35.413  26.035  31.507  34.409  26.524  32.176  33.843  26.449  30.130
  34.203  25.663  29.604  33.666  27.739  30.047  33.385  27.977  29.002  33.146
  27.567  30.590  32.460  28.493  30.484  34.032  26.679  29.501  35.599  26.314
  28.327  35.800  27.366  30.242  36.513  27.668  31.186  36.314  27.579  29.823
  37.937  27.877  28.778  37.798  28.746  30.506  38.672  28.669  31.587  38.702
  29.648  30.569  38.053  29.068  29.965  40.008  30.047  29.075  40.178  30.745
  28.769  39.412  30.172  28.817  41.601  31.026  28.380  41.936  29.176  29.306
  42.325  28.805  29.344  43.724  29.456  28.661  44.252  27.713  30.092  44.175
  27.449  29.935  45.206  26.983  30.791  43.197  26.088  31.275  43.571  27.345
  30.833  41.797  26.684  31.445  41.190  28.396  30.026  41.367  26.305  29.586
  38.748  26.111  28.483  39.258  25.317  30.526  38.557  25.447  31.288  37.900
  23.983  30.318  39.137  24.180  30.196  40.199  23.009  31.607  38.874  22.004
  31.271  39.125  23.003  31.827  37.801  23.133  32.903  39.641  24.030  33.439
  39.327  23.199  32.673  40.714  21.884  33.827  39.540  22.105  34.770  40.052
  21.057  33.312  40.034  21.510  34.158  38.097  20.746  33.742  37.590  22.152
  35.063  37.399  21.559  35.490  36.264  20.706  35.156  35.836  22.148  36.198
  35.838  23.347  35.482  37.676  23.682  35.166  38.570  23.856  36.170  37.130
  23.328  29.032  38.749  22.739  28.377  39.645  23.277  28.770  37.441  23.686
  29.469  36.835  22.387  27.905  36.919  21.661  27.501  37.631  21.608  28.654
  35.790  21.300  27.910  35.057  22.178  29.371  35.204  20.346  29.384  36.321
  20.362  30.014  37.345  19.232  29.032  35.743  19.228  28.583  34.837  18.393
  29.137  36.301  22.952  26.534  36.533  22.171  25.612  36.350  24.330  26.347
  36.406  24.870  27.192  36.549  24.985  25.088  36.349  24.285  24.257  36.447
  25.504  24.867  34.822  26.245  24.068  34.781  26.056  25.768  34.534  24.363
  24.641  33.793  23.520  25.283  34.055  24.041  23.605  33.882  24.639  24.893
  32.291  23.844  24.417  31.714  25.574  24.438  31.966  24.606  26.280  31.977
  24.221  26.832  32.731  25.225  26.913  30.972  25.629  26.318  29.908  25.129
  25.452  29.726  26.245  26.714  29.215  25.400  28.192  31.070  25.026  28.794
  31.783  26.195  28.548  30.557  26.149  24.713  37.315  26.435  23.541  37.387
  26.649  25.635  38.097  26.360  26.599  38.177  27.804  25.341  39.061  28.152
  24.315  38.932  28.976  26.284  38.834  29.783  26.172  39.556  28.647  27.291
  39.083  29.669  26.330  37.194  27.381  25.340  40.591  27.779  24.433  41.380
  26.502  26.315  40.950  26.243  27.082  40.352  25.961  26.404  42.318  26.744
  26.672  43.027  24.986  27.616  42.255  24.082  27.262  41.767  25.456  28.404
  41.688  24.580  28.125  43.730  25.444  28.540  44.257  24.219  27.295  44.337
  23.502  29.177  43.598  22.698  28.730  43.011  24.053  29.955  43.061  23.028
  29.845  44.931  23.971  30.138  45.399  22.439  29.138  45.507  22.264  31.103
  44.808  21.947  31.486  45.694  22.754  31.873  44.371  21.353  30.970  44.398
  25.245  25.056  42.690  24.320  24.611  42.043  25.726  24.471  43.797  26.512
  25.005  44.143  25.251  23.282  44.368  24.169  23.115  44.358  25.578  23.148
  45.400  25.897  22.008  43.751  25.623  20.937  44.261  26.640  22.119  42.661
  26.941  23.043  42.402  27.276  20.915  41.983  26.715  19.992  42.092  27.421
  21.088  40.482  27.870  20.159  40.132  26.104  21.317  39.788  25.415  20.620
  40.254  25.777  22.362  39.787  26.122  20.957  38.761  28.293  22.115  40.143
  28.173  22.961  40.585  28.621  20.575  42.649  29.161  21.455  43.321  29.127
  19.356  42.421  28.618  18.589  42.018  30.471  18.874  42.758  30.703  19.181
  43.775  30.592  17.322  42.743  30.740  16.990  41.716  29.697  16.917  43.226
  31.916  16.863  43.439  31.930  15.616  43.782  32.885  17.672  43.563  31.501
  19.572  41.762  32.005  18.976  40.779  31.805  20.791  42.051  31.260  21.264
  42.756  32.677  21.683  41.254  32.287  21.528  40.245  32.494  23.159  41.639
  33.301  23.674  41.105  31.142  23.802  41.321  31.235  24.880  41.181  30.777
  23.268  40.446  30.507  23.478  42.143  32.775  23.400  43.097  32.517  24.426
  43.367  32.326  22.742  43.853  33.843  23.288  43.250  34.152  21.287  41.430
  34.998  21.719  40.667  34.480  20.402  42.369  33.862  19.835  42.933  35.895
  20.016  42.494  36.595  20.836  42.347  36.245  19.335  43.842  35.595  18.462
  43.839  35.832  19.977  44.615  37.741  19.060  44.156  38.273  20.013  44.078
  38.134  18.378  43.414  37.975  18.710  45.540  38.203  19.477  46.463  37.929
  17.414  45.823  37.641  16.671  45.199  38.264  17.078  46.716  36.296  19.080
  41.374  37.494  18.883  41.058  35.280  18.535  40.648  34.342  18.730  40.975
  35.443  17.751  39.366  35.811  16.738  39.526  34.094  17.800  38.673  34.168
  17.151  37.800  33.367  17.285  39.307  33.696  18.762  38.373  36.452  18.359
  38.361  37.294  17.634  37.809  36.438  19.678  38.258  35.814  20.281  38.782
  37.277  20.359  37.293  37.281  19.720  36.409  36.594  21.715  36.989  37.070
  22.120  36.085  36.711  22.421  37.812  35.164  21.668  36.637  34.187  21.998
  37.503  34.500  22.404  38.459  32.933  21.629  37.074  32.084  21.814  37.581
  33.066  20.907  35.941  32.159  20.229  35.107  31.158  20.255  35.525  32.514
  19.634  33.943  31.740  19.257  33.285  33.845  19.713  33.444  34.041  19.261
  32.479  34.772  20.380  34.299  35.813  20.415  34.020  34.487  20.975  35.513
  38.689  20.537  37.773  39.485  20.949  36.960  39.041  20.064  38.968  38.218
  19.819  39.489  40.429  19.903  39.552  41.093  20.127  38.730  40.681  21.040
  40.511  41.658  20.822  40.945  40.858  22.319  39.659  41.516  23.046  40.123
  41.346  22.074  38.712  39.904  22.840  39.623  39.612  21.254  41.688  39.619
  20.268  42.137  38.625  21.532  41.314  40.142  22.218  42.779  39.394  22.504
  43.515  40.915  21.704  43.345  40.563  23.139  42.361  40.771  18.483  39.986
  41.857  18.225  40.480  39.860  17.533  39.884  38.893  17.793  39.750  40.253
  16.116  39.658  40.929  15.856  40.472  39.061  15.140  39.646  39.410  14.124
  39.456  38.416  15.380  38.813  38.170  15.193  40.904  37.802  16.209  41.034
  38.838  15.113  41.776  36.928  14.229  41.022  37.206  13.184  40.942  36.272
  14.398  40.169  36.269  14.480  42.359  36.461  13.925  43.184  35.116  15.105
  42.511  34.393  15.534  41.556  34.490  15.164  40.619  33.477  15.878  41.801
  34.646  15.212  43.729  35.079  14.704  44.475  33.761  15.704  43.833  41.132
  15.863  38.402  40.810  16.376  37.316  42.203  15.122  38.571  42.417  14.748
  39.485  43.241  14.839  37.495  42.760  14.615  36.546  43.902  14.065  37.903
  44.155  15.945  37.155  45.055  15.776  36.368  43.908  17.084  37.834  43.058
  17.160  38.362  44.881  18.184  37.915  45.482  18.168  37.006  44.087  19.515
  38.081  44.896  20.245  38.015  43.698  19.759  39.068  42.904  19.967  36.865
  45.798  18.044  39.127  45.369  18.310  40.224  47.094  17.718  39.052  47.460
  17.286  38.217  47.996  18.049  40.220  47.494  18.024  41.190  49.073  16.945
  40.203  49.887  17.189  39.521  48.622  16.017  39.851  49.719  16.771  41.595
  50.278  15.835  41.635  48.846  16.628  42.246  50.681  17.873  41.976  50.789
  17.783  43.057  50.203  18.827  41.726  51.960  17.642  41.320  52.148  16.658
  41.240  52.881  18.557  40.972  53.996  18.070  40.539  54.024  17.059  40.499
  54.644  18.667  40.044  52.746  19.809  40.990  51.821  20.201  41.065  53.524
  20.377  40.696  48.384  19.493  40.097  49.059  19.805  39.065  47.962  20.347
  41.038  47.378  20.062  41.810  48.029  21.777  41.124  47.745  22.121  40.131
  47.167  22.518  42.136  47.618  23.465  42.438  47.037  21.837  42.973  45.691
  22.842  41.751  45.368  23.503  42.554  45.401  23.523  40.444  44.331  23.523
  40.212  45.803  24.516  40.245  45.966  22.968  39.700  44.805  21.552  41.752
  43.759  21.813  41.588  45.229  20.880  40.999  44.917  21.000  42.688  49.496
  22.280  41.122  50.335  21.464  41.531  49.879  23.320  40.582  29.192  39.053
  36.720  29.555  39.154  35.219  28.498  38.438  34.375  29.600  39.854  37.353
  29.620  38.152  37.169  28.102  39.127  36.868  30.489  38.611  35.046  29.668
  40.210  34.959  28.465  37.360  34.525  28.703  38.756  33.342  27.492  38.832
  34.550
  42.728  32.488  22.498  42.342  33.158  23.139  43.520  32.959  22.081  41.997
  32.202  21.863  43.214  31.297  23.314  43.731  30.724  22.551  44.216  31.707
  24.408  43.729  32.300  25.190  45.068  32.238  23.980  44.782  30.433  24.985
  45.108  29.681  24.265  43.930  30.034  25.541  45.893  30.731  25.930  45.577
  31.492  26.640  46.794  31.010  25.375  46.118  29.409  26.618  46.425  28.707
  25.847  45.197  28.999  27.034  47.219  29.449  27.656  47.226  28.586  28.188
  48.120  29.549  27.214  46.963  30.218  28.256  42.091  30.458  23.796  41.083
  30.899  24.281  42.385  29.157  23.834  43.133  28.776  23.278  41.662  28.261
  24.697  40.805  28.732  25.181  41.226  26.943  23.915  42.054  26.492  23.360
  40.157  27.273  22.901  39.793  26.329  22.504  39.349  27.675  23.506  40.559
  27.941  22.142  40.583  25.928  24.839  40.229  25.052  24.301  41.282  25.575
  25.603  39.685  26.308  25.335  42.541  27.804  25.862  43.649  27.346  25.638
  42.043  27.962  27.071  41.114  28.337  27.176  42.721  27.415  28.258  43.771
  27.407  27.957  42.536  28.204  29.547  42.984  27.603  30.355  41.516  28.353
  29.886  43.291  29.591  29.578  42.905  30.580  28.614  41.994  30.556  28.045
  43.750  31.745  28.508  43.443  32.609  27.936  44.921  31.830  29.256  45.594
  32.676  29.174  45.317  30.861  30.169  46.278  30.904  30.658  44.482  29.665
  30.256  44.890  28.913  30.916  42.375  25.978  28.387  41.214  25.561  28.214
  43.312  25.132  28.908  44.244  25.450  29.113  42.937  23.739  29.327  43.804
  23.085  29.336  42.354  23.310  28.504  42.278  23.690  30.679  42.282  24.650
  31.456  41.593  22.587  31.044  41.400  21.899  30.334  40.963  22.377  32.318
  40.277  23.221  32.397  40.248  21.030  32.297  40.984  20.237  32.347  39.777
  20.959  31.318  39.368  20.801  33.561  38.711  21.674  33.569  40.058  20.819
  34.400  38.532  19.502  33.439  37.851  19.504  32.589  37.912  19.387  34.331
  39.437  18.356  33.274  39.555  17.953  32.349  39.825  17.659  34.323  40.430
  16.554  34.188  40.578  16.102  33.293  40.689  16.105  35.064  39.798  18.096
  35.567  39.352  18.989  35.685  40.257  17.665  36.353  42.015  22.498  33.445
  41.789  23.282  34.385  43.172  21.841  33.283  43.269  21.230  32.492  44.213
  21.841  34.313  43.763  21.856  35.303  44.967  20.525  34.120  45.768  20.592
  34.858  45.426  20.480  33.130  44.091  18.952  34.382  45.177  22.994  34.106
  46.049  23.232  34.932  45.040  23.801  33.075  44.239  23.706  32.477  45.945
  25.013  32.758  46.955  24.984  33.168  46.113  25.001  31.218  45.134  25.089
  30.747  46.599  24.056  30.960  46.998  26.111  30.742  48.047  25.900  30.954
  46.702  27.078  31.149  46.948  26.461  29.257  45.778  26.459  28.698  47.989
  26.819  28.672  45.210  26.272  33.202  45.815  27.216  33.698  43.901  26.375
  33.001  43.387  25.592  32.612  42.995  27.358  33.679  43.439  28.323  33.445
  41.505  27.327  33.140  41.001  26.454  33.553  41.573  27.202  32.062  40.700
  28.557  33.614  40.671  28.652  34.703  41.255  29.817  33.037  40.538  30.631
  33.136  42.226  30.078  33.452  41.313  29.642  31.959  39.269  28.415  33.057
  38.663  29.165  33.568  39.259  28.591  31.985  38.855  27.440  33.301  43.026
  27.248  35.200  43.211  28.248  35.957  42.991  26.005  35.707  42.847  25.247
  35.058  43.311  25.723  37.081  42.583  26.234  37.705  43.155  24.226  37.321
  42.895  24.022  38.364  42.333  23.852  36.717  44.052  23.640  37.139  44.693
  26.183  37.504  44.826  26.777  38.566  45.752  25.998  36.775  45.700  25.696
  35.819  47.114  26.387  37.109  47.483  26.029  38.064  48.020  25.679  36.058
  49.041  26.017  36.242  47.836  24.612  36.202  47.800  25.976  35.034  47.260
  27.948  37.228  47.703  28.490  38.240  46.702  28.646  36.168  46.289  28.058
  35.457  46.558  30.095  36.029  47.530  30.570  35.922  45.849  30.380  34.715
  45.843  31.469  34.611  46.396  29.927  33.881  44.867  29.933  34.622  45.802
  30.715  37.221  46.286  31.651  37.828  44.550  30.214  37.549  44.227  29.556
  36.848  43.843  30.664  38.754  43.697  31.733  38.669  42.370  30.089  38.713
  41.852  30.314  39.640  42.486  29.016  38.527  41.582  30.708  37.615  42.121
  30.603  36.676  41.347  31.733  37.911  39.988  29.853  37.498  39.192  30.981
  36.393  38.686  31.712  37.013  39.934  31.409  35.716  38.400  30.457  35.860
  44.512  30.299  40.118  44.376  31.014  41.129  45.388  29.246  40.162  45.405
  28.645  39.340  46.178  29.049  41.314  45.639  29.273  42.231  46.672  27.617
  41.373  47.461  27.454  40.644  45.859  26.937  41.093  47.271  27.213  42.748
  48.144  27.813  43.009  47.547  26.170  42.602  46.273  27.343  43.907  45.331
  26.893  43.594  46.137  28.397  44.143  46.770  26.547  45.088  47.831  26.764
  45.214  46.776  25.484  44.872  45.983  26.908  46.354  46.077  27.900  46.510
  44.992  26.731  46.317  46.371  26.417  47.150  47.392  30.005  41.390  47.725
  30.508  42.463  48.053  30.437  40.313  47.950  29.926  39.450  49.097  31.484
  40.358  49.668  31.524  41.287  50.135  31.154  39.232  50.461  30.122  39.226
  51.008  31.763  39.443  49.475  31.487  37.808  49.110  32.508  37.754  48.672
  30.778  37.598  50.494  31.318  36.689  51.337  31.968  36.940  50.085  31.747
  35.784  50.888  29.904  36.548  51.347  29.423  37.314  50.574  29.152  35.528
  50.025  29.659  34.432  50.019  30.657  34.278  49.862  28.980  33.691  50.849
  27.870  35.466  51.558  27.636  36.138  50.755  27.239  34.684  48.543  32.937
  40.409  49.287  33.883  40.336  47.294  33.045  40.609  46.711  32.302  40.259
  46.669  34.273  41.012  47.423  34.965  41.382  45.701  34.882  39.925  45.346
  35.878  40.212  44.838  34.234  39.804  46.321  35.062  38.622  45.868  34.508
  37.440  46.888  34.762  36.555  46.826  34.508  35.509  47.931  35.377  37.256
  48.832  35.679  36.921  47.474  35.706  38.512  48.096  36.014  39.337  45.790
  34.125  42.335  44.883  34.902  42.615  46.035  32.962  43.001  46.743  32.344
  42.629  45.434  32.451  44.218  46.057  32.899  44.982  45.650  31.380  44.193
  44.016  32.760  44.385  43.599  33.484  45.316  43.183  32.261  43.463  43.581
  31.877  42.618  41.733  32.359  43.633  41.468  33.345  44.009  40.992  32.243
  42.265  39.922  32.291  42.465  41.358  31.345  41.777  41.466  33.338  41.239
  42.465  33.158  40.841  40.464  33.265  40.031  40.815  33.661  39.085  40.340
  32.203  39.846  39.516  33.635  40.417  41.472  34.774  41.670  41.754  35.381
  40.821  40.534  35.084  42.136  42.193  34.882  42.478  41.120  31.355  44.637
  40.111  31.599  45.324  41.805  30.213  44.732  42.554  29.952  44.115  41.422
  29.258  45.735  40.440  28.839  45.482  42.377  28.162  45.529  43.339  28.659
  45.612  42.355  27.857  44.483  42.353  26.915  46.496  41.291  26.457  47.063
  43.370  26.212  46.595  41.395  29.819  47.218  42.407  30.133  47.833  40.166
  29.772  47.809  39.464  29.436  47.164  39.769  30.281  49.103  38.747  29.907
  49.219  40.567  29.563  50.182  41.509  30.072  50.395  40.852  28.557  49.856
  39.797  29.364  51.496  38.734  28.718  51.535  40.290  29.946  52.527  41.122
  30.500  52.379  39.970  29.689  53.451  39.675  31.853  49.192  39.378  32.379
  50.295  39.928  32.577  48.092  40.015  32.015  47.259  39.664  34.027  48.022
  40.116  34.507  48.895  40.055  34.678  46.693  39.373  34.290  45.938  41.044
  34.329  46.377  39.872  36.169  46.693  39.214  36.828  45.674  39.100  36.206
  44.803  38.919  38.180  45.756  38.301  38.754  45.079  39.443  38.933  46.855
  39.369  40.243  46.858  39.771  40.652  47.632  40.081  38.254  47.874  40.614
  38.802  48.636  40.296  36.913  47.852  40.834  36.411  48.629  38.185  34.316
  48.209  37.362  33.719  47.438  37.699  35.131  49.179  38.341  35.567  49.822
  36.319  35.135  49.730  36.442  35.607  50.703  35.392  35.996  48.839  34.353
  36.155  49.127  35.490  35.552  47.845  36.018  37.391  48.589  35.390  37.883
  47.843  36.977  37.340  48.069  36.103  38.328  49.867  35.761  37.731  50.715
  35.466  39.198  49.715  37.485  38.666  50.151  38.122  38.060  50.659  37.980
  39.902  49.984  37.463  40.783  49.152  36.542  40.661  48.764  37.866  41.710
  49.079  39.061  40.235  50.578  39.519  39.602  51.227  39.435  41.152  50.416
  35.664  33.783  50.169  34.404  33.680  50.281  36.520  32.751  50.312  37.471
  33.056  50.167  36.165  31.408  50.721  35.306  31.600  51.349  36.853  30.834
  51.338  35.720  30.395  49.615  35.236  29.362  49.959  35.800  30.738  48.350
  36.303  31.593  48.148  35.356  29.944  47.201  34.504  29.331  47.500  34.889
  30.820  46.049  34.925  30.168  45.168  35.701  31.504  45.819  33.582  31.508
  46.231  32.309  30.891  46.030  32.235  29.905  45.594  31.142  31.617  46.151
  30.200  31.139  45.979  31.158  32.953  46.563  29.961  33.650  46.725  30.115
  34.544  47.053  32.421  33.552  46.884  32.545  34.567  47.250  33.608  32.825
  46.723  34.609  33.144  46.938  36.562  29.072  46.722  37.654  29.595  46.494
  36.366  27.740  46.530  35.545  27.309  46.926  37.452  26.819  46.052  38.282
  26.735  46.762  36.846  25.391  46.041  36.316  25.216  46.984  37.603  24.625
  45.851  36.014  25.030  44.937  35.531  24.256  45.268  37.952  27.098  44.637
  37.263  27.509  43.762  39.100  26.538  44.254  39.618  25.975  44.921  39.679
  26.757  42.890  39.874  27.826  42.856  41.026  25.930  42.840  40.832  24.863
  42.975  41.608  26.190  43.727  41.816  26.099  41.497  41.213  25.581  40.755
  42.092  27.572  41.077  42.711  27.538  40.187  41.143  27.981  40.722  42.585
  28.161  41.849  43.133  25.406  41.686  43.632  25.471  40.724  43.786  25.893
  42.409  42.899  24.349  41.860  38.677  26.326  41.757  38.549  26.952  40.708
  37.972  25.212  42.003  38.291  24.772  42.858  37.078  24.443  41.114  36.785
  23.501  41.577  37.597  24.198  40.186  35.791  25.195  40.834  35.350  25.062
  39.737  35.416  26.099  41.753  35.877  26.149  42.652  34.269  26.989  41.421
  33.476  26.387  40.990  33.854  27.838  42.660  33.217  28.677  42.369  34.686
  28.282  43.194  33.021  27.124  43.561  31.771  27.127  43.392  33.610  26.595
  44.598  34.610  26.553  44.747  33.048  26.026  45.216  34.543  28.064  40.376
  33.624  28.398  39.613  35.715  28.630  40.418  36.374  28.236  41.073  36.239
  29.574  39.364  35.512  30.343  39.125  37.403  30.455  39.822  37.585  31.255
  39.111  38.340  29.890  39.759  37.326  30.944  41.225  37.774  30.248  42.334
  38.199  29.255  42.278  37.558  31.014  43.454  37.848  30.835  44.407  37.012
  32.222  43.138  36.748  33.394  43.933  36.938  33.327  44.993  36.402  34.597
  43.336  36.367  35.496  43.934  36.211  34.619  41.916  35.845  35.534  41.464
  36.496  33.497  41.131  36.265  33.504  40.081  36.962  32.283  41.757  36.564
  28.805  38.085  36.366  29.360  36.957  37.039  27.542  38.051  37.408  27.082
  38.877  37.255  26.913  36.730  37.698  27.683  36.089  38.120  25.662  36.946
  37.658  25.025  37.705  38.266  24.815  35.717  38.983  24.004  35.878  37.274
  24.485  35.402  38.588  25.503  34.937  39.492  25.965  37.561  39.818  25.009
  37.953  40.133  26.201  36.707  39.436  26.687  38.381  35.834  26.562  36.175
  35.633  26.606  34.945  34.833  26.338  37.059  35.083  26.210  38.031  33.471
  25.947  36.626  33.647  25.137  35.916  32.720  25.417  37.854  32.514  26.277
  38.492  33.368  24.833  38.501  31.077  24.731  37.634  32.736  27.123  36.050
  31.914  26.914  35.164  33.111  28.336  36.364  34.022  28.418  36.802  32.506
  29.563  35.957  31.426  29.506  35.839  32.741  30.646  37.002  32.425  31.643
  36.699  32.390  30.301  37.968  33.811  30.654  37.192  32.996  29.901  34.522
  32.168  30.405  33.816  34.255  29.670  34.114  34.885  29.438  34.867  34.735
  29.821  32.812  34.428  30.766  32.349  36.265  29.806  32.901  36.584  29.780
  31.861  36.659  30.730  33.318  36.552  28.943  33.512  34.139  28.671  31.938
  33.679  28.918  30.835  34.145  27.439  32.495  34.315  27.271  33.477  33.679
  26.230  31.701  34.387  26.016  30.904  33.705  25.092  32.607  33.036  25.226
  33.456  34.715  24.983  33.027  33.399  23.763  31.885  32.338  23.704  31.637
  33.476  22.963  32.626  34.106  23.382  30.579  35.095  22.981  30.814  34.149
  24.213  29.878  33.371  22.186  29.906  32.402  22.505  29.533  33.318  21.386
  30.637  34.118  21.757  28.701  33.920  22.397  27.943  35.108  21.785  28.850
  33.924  20.814  28.424  32.329  26.416  31.030  32.218  26.240  29.832  31.301
  26.653  31.927  31.551  26.635  32.908  29.921  26.742  31.457  29.748  26.111
  30.586  29.020  26.291  32.544  28.021  26.580  32.201  29.333  26.812  33.447
  29.034  24.825  32.884  28.539  23.904  31.897  28.150  24.262  30.952  28.224
  22.579  32.225  27.671  21.952  31.544  28.493  22.136  33.531  28.239  21.172
  33.935  28.958  23.067  34.468  29.177  22.830  35.501  29.303  24.441  34.179
  29.746  25.050  34.951  29.566  28.157  30.948  28.397  28.346  30.527  30.431
  29.173  30.894  31.360  29.064  31.285  30.225  30.464  30.166  29.166  30.679
  30.214  30.911  31.591  30.931  31.033  32.371  30.180  31.910  31.291  31.244
  30.234  32.300  32.112  30.918  33.082  32.450  30.152  31.622  32.971  28.786
  32.814  31.906  28.376  32.989  30.734  27.988  33.049  32.833  30.654  30.412
  28.727  29.824  30.673  27.814  31.912  29.944  28.522  32.402  29.744  29.384
  32.692  30.155  27.348  31.942  30.358  26.586  33.767  31.265  27.682  33.321
  32.192  28.030  34.257  31.490  26.729  34.756  30.783  28.568  34.728  31.304
  29.381  33.417  28.955  26.844  33.996  29.077  25.722  33.352  27.774  27.480
  32.843  27.768  28.351  34.207  26.529  27.376  34.055  25.942  28.285  33.763
  25.694  26.188  33.984  26.150  25.221  32.692  25.530  26.271  34.417  24.311
  26.176  35.146  23.860  27.072  34.013  23.549  25.157  33.344  23.862  24.463
  34.629  22.793  24.887  35.648  26.911  27.230  36.406  26.545  26.294  36.112
  27.702  28.209  35.543  27.686  29.040  37.435  28.399  28.348  37.439  28.971
  29.271  38.471  27.340  28.782  39.334  27.901  29.134  38.739  26.926  27.807
  38.067  26.235  29.727  38.242  24.870  29.486  38.730  24.606  28.559  37.858
  23.925  30.479  37.974  22.863  30.333  37.311  24.395  31.713  37.019  23.716
  32.503  37.117  25.728  31.885  36.659  26.013  32.822  37.550  26.674  31.002
  37.345  27.727  31.108  37.939  29.342  27.245  39.169  29.525  27.132  37.010
  29.926  26.508  36.041  29.943  26.788  37.383  30.748  25.286  38.331  30.309
  24.971  36.291  30.548  24.230  35.383  30.977  24.655  36.147  29.495  23.994
  36.544  31.289  22.959  37.585  31.771  22.662  35.523  31.343  22.149  34.612
  31.071  22.514  35.554  31.750  21.234  37.629  32.222  25.696  36.723  32.982
  26.097  38.821  32.763  25.368  39.529  32.164  24.965  39.138  34.233  25.498
  38.790  34.548  26.484  40.609  34.566  25.422  40.764  35.647  25.497  41.357
  33.949  26.580  42.399  34.274  26.505  40.939  34.274  27.536  41.393  32.876
  26.384  41.056  34.147  24.167  41.099  34.858  23.517  38.311  35.164  24.565
  38.246  36.289  24.870  37.728  34.612  23.453  37.594  33.620  23.327  36.970
  35.331  22.404  37.274  36.379  22.410  37.487  34.790  21.031  36.798  35.172
  20.276  37.442  33.699  20.986  38.988  35.140  20.765  39.305  34.646  19.851
  39.627  34.728  21.550  39.174  36.666  20.524  38.706  37.245  19.566  39.878
  37.385  21.434  40.157  36.946  22.290  40.191  38.300  21.141  35.429  35.198
  22.497  34.691  35.680  21.681  34.918  34.606  23.616  35.567  34.353  24.349
  33.458  34.476  23.929  32.975  33.986  23.076  33.345  33.674  25.220  32.295
  33.531  25.463  33.831  32.709  25.052  33.858  34.242  25.992  32.813  35.869
  23.970  33.298  36.758  24.728  31.734  36.073  23.178  31.180  35.369  22.718
  31.039  37.304  23.062  31.142  37.847  24.005  31.682  38.228  22.069  30.874
  38.806  21.622  32.796  39.003  22.738  33.138  39.793  22.077  32.558  39.377
  23.733  33.713  38.431  22.865  32.329  37.690  20.926  33.157  37.301  21.220
  29.508  37.177  22.795  29.126  36.853  21.670  28.710  37.554  23.791  29.033
  38.064  24.604  27.259  37.279  23.686  27.108  37.145  22.607  26.844  36.021
  24.473  26.966  36.275  25.530  27.450  35.145  24.254  25.373  35.627  24.480
  24.879  35.027  23.558  24.575  36.003  25.415  24.988  36.492  26.198  23.594
  35.895  25.227  26.525  38.607  24.058  26.838  39.289  25.049  25.646  39.009
  23.173  25.362  38.330  22.483  25.041  40.251  23.167  25.784  40.914  23.607
  24.772  40.712  21.711  24.368  39.935  21.071  25.692  40.861  21.138  23.777
  41.915  21.565  22.877  41.847  22.187  23.425  41.782  20.547  24.373  43.345
  21.745  24.774  43.517  22.743  23.526  44.028  21.697  25.383  43.637  20.710
  26.342  43.374  20.843  25.075  44.152  19.543  25.874  44.135  18.533  26.833
  43.833  18.676  25.535  44.525  17.668  23.997  44.823  19.305  23.197  44.745
  19.917  23.908  45.101  18.341  23.752  40.248  23.988  22.838  39.420  23.870
  23.616  41.259  24.784  24.419  41.877  24.835  22.478  41.536  25.652  22.044
  40.581  25.945  22.933  42.420  26.839  22.075  42.761  27.416  23.386  43.343
  26.466  23.810  41.609  27.760  24.929  41.291  27.503  23.219  41.105  28.797
  22.219  41.239  28.796  23.686  40.401  29.346  21.330  42.200  24.843  21.542
  42.875  23.834  20.050  42.102  25.376  19.959  41.705  26.301  18.872  42.738
  24.708  18.931  42.573  23.630  17.570  42.081  25.238  16.762  42.668  24.801
  17.404  40.609  25.098  16.403  40.307  25.383  17.492  40.344  24.042  18.072
  40.015  25.726  17.512  42.210  26.647  16.691  41.878  27.002  18.869  44.281
  24.927  17.961  44.948  24.379  19.872  44.876  25.608  20.650  44.389  26.024
  20.068  46.349  25.828  19.220  46.896  25.411  20.061  46.720  27.393  19.150
  46.309  27.810  20.086  47.792  27.539  21.229  46.055  28.151  22.126  45.473
  27.529  21.230  46.152  29.410  21.231  47.024  25.088  21.566  48.166  25.372
  21.917  46.359  24.196  21.613  45.400  24.170  23.058  46.822  23.289  22.963
  47.902  23.265  23.156  46.338  22.316  24.398  46.616  24.031  25.428  46.784
  23.418  24.387  46.153  25.287  23.547  46.034  25.830  25.576  45.659  26.053
  26.339  46.423  25.892  25.427  45.710  27.613  25.152  46.726  27.899  26.376
  45.432  28.056  24.513  44.770  28.056  23.634  45.020  27.764  26.080  44.251
  25.672  25.436  43.554  24.922  27.217  43.672  26.069  27.870  44.207  26.631
  27.762  42.424  25.665  26.949  41.754  25.425  28.562  42.592  24.322  29.255
  43.374  24.641  29.466  41.432  23.837  29.867  41.647  22.844  30.296  41.167
  24.490  28.883  40.522  23.700  27.652  42.922  23.248  26.965  43.431  23.692
  28.640  41.826  26.803  29.184  42.604  27.612  28.675  40.516  26.811  28.022
  40.040  26.208  29.333  39.838  27.909  29.586  40.468  28.761  28.568  38.565
  28.207  29.125  37.901  28.866  28.205  38.144  27.273  27.340  38.930  28.983
  26.366  38.123  28.845  27.255  39.951  29.720  30.751  39.474  27.353  30.877
  38.820  26.342  31.863  39.927  27.936  31.727  40.578  28.698  33.182  39.764
  27.327  33.170  39.420  26.302  33.808  41.152  27.378  34.867  41.065  27.168
  33.670  41.516  28.393  33.201  42.100  26.305  33.650  42.030  24.956  34.447
  41.343  24.695  33.133  42.879  23.965  33.421  42.703  22.937  32.187  43.817
  24.263  31.649  44.556  23.283  30.962  45.182  23.545  31.798  43.957  25.631
  31.052  44.684  25.922  32.245  43.058  26.633  31.856  43.124  27.643  34.108
  38.708  27.921  34.339  38.613  29.122  34.745  38.003  27.000  34.584  38.140
  26.018  35.851  37.072  27.322  36.534  37.628  27.964  36.309  36.877  26.364
  35.346  35.834  28.059  34.176  35.662  28.272  36.373  35.076  28.499  37.265
  35.551  28.411  36.289  33.785  29.186  35.995  33.017  28.477  37.787  33.394
  29.570  38.448  33.610  28.737  38.291  34.199  30.779  38.326  35.234  30.465
  37.651  33.923  31.624  39.310  33.888  31.023  37.791  31.927  29.760  37.268
  31.408  28.958  37.261  31.742  30.693  39.249  31.432  29.846  39.305  30.375
  30.090  39.779  31.517  28.894  39.832  31.851  30.670  35.239  33.786  30.387
  34.545  32.780  30.501  35.134  34.828  31.193  35.807  35.552  31.013  34.285
  34.857  32.394  33.951  33.841  32.588  34.979  35.451  33.595  34.210  35.554
  34.354  35.203  36.497  33.361  36.237  34.824  34.183  37.037  35.131  33.508
  36.120  33.287  34.374  36.979  32.941  34.948  35.189  32.997  34.858  36.167
  32.753  33.421  36.470  35.442  35.564  37.319  34.954  36.040  36.715  36.499
  35.450  35.660  35.174  36.249  33.018  35.638  32.054  32.170  35.774  32.923
  32.839  36.052  30.778  33.628  35.920  30.159  31.602  36.740  30.280  31.802
  37.116  29.275  30.497  35.693  30.145  29.489  36.086  30.101  30.545  35.115
  31.073  30.602  34.716  28.968  29.969  33.839  28.961  31.590  34.273  29.023
  30.294  35.320  27.640  29.194  35.358  27.190  31.256  35.917  27.031  32.226
  35.807  27.292  30.888  36.620  26.412  31.207  37.993  31.093  30.099  38.244
  31.551  32.301  38.773  31.412  33.180  38.612  30.923  32.137  39.965  32.286
  31.636  39.700  33.210  33.559  40.486  32.758  34.318  40.322  31.989  33.516
  41.962  33.178  34.507  42.332  33.472  33.097  42.543  32.360  32.817  42.106
  33.996  34.036  39.529  33.890  33.742  38.536  33.544  33.367  39.664  34.729
  35.536  39.568  34.239  35.981  40.567  34.315  35.735  39.040  35.176  36.094
  39.065  33.455  31.290  40.998  31.502  31.742  41.522  30.425  30.122  41.301
  32.039  29.840  40.712  32.818  29.065  42.127  31.409  28.953  41.723  30.404
  27.725  41.993  32.192  27.797  42.307  33.228  27.331  40.984  32.166  26.688
  42.797  31.452  26.072  43.766  31.939  26.445  42.451  30.226  26.912  41.644
  29.837  25.707  42.898  29.711  29.481  43.612  31.208  29.894  44.244  32.180
  29.262  44.157  29.991  29.069  43.527  29.230  29.598  45.561  29.702  30.539
  45.764  30.198  29.907  45.680  28.210  30.744  45.004  28.008  30.222  46.718
  28.185  28.856  45.583  27.352  28.789  46.396  26.861  28.643  46.663  30.248
  28.918  47.849  30.031  27.522  46.367  30.902  27.309  45.421  31.196  26.677
  47.418  31.479  26.700  48.310  30.857  25.165  47.013  31.426  24.862  46.112
  31.958  24.924  46.780  30.389  24.320  48.143  31.851  24.584  49.075  31.348
  24.601  48.216  32.900  22.849  47.886  31.596  22.665  46.891  31.979  22.848
  47.861  30.506  21.924  48.936  32.072  22.277  49.702  32.622  20.704  49.136
  31.680  20.070  48.307  30.862  20.527  47.470  30.503  19.171  48.566  30.489
  20.059  50.204  32.046  20.492  50.850  32.687  19.089  50.344  31.815  27.090
  47.875  32.883  26.965  49.070  33.166  27.707  46.942  33.585  27.973  46.075
  33.146  28.299  47.228  34.941  27.953  48.233  35.177  27.446  46.385  35.943
  27.749  46.797  36.897  27.762  45.344  35.947  25.946  46.369  35.724  25.281
  45.275  35.270  25.637  44.271  35.093  23.942  45.578  35.106  23.239  44.860
  34.977  23.608  46.875  35.499  22.481  47.661  35.559  21.559  47.152  35.337
  22.547  49.026  35.931  21.629  49.590  35.974  23.770  49.556  36.303  23.834
  50.628  36.438  24.956  48.741  36.283  25.878  49.250  36.495  24.880  47.386
  35.921  29.859  47.303  35.038  30.383  48.071  35.808  30.606  46.580  34.327
  30.263  46.001  33.566  31.964  46.180  34.762  32.017  46.554  35.787  32.078
  44.691  34.872  32.958  44.476  35.484  32.216  44.227  33.898  31.261  44.248
  35.441  33.067  46.854  33.912  33.860  47.588  34.451  33.154  46.526  32.576
  32.561  45.803  32.166  33.997  47.259  31.575  34.839  47.732  32.088  34.602
  46.281  30.428  35.259  45.534  30.878  35.234  46.859  29.760  33.417  45.321
  29.352  33.141  48.394  30.920  31.982  48.614  31.318  33.763  49.108  29.990
  34.742  48.873  29.883  33.276  49.987  29.009  32.217  50.194  29.177  33.982
  51.417  29.219  35.051  51.213  29.240  33.705  51.851  30.173  33.635  52.364
  28.096  32.496  52.543  27.674  34.626  52.760  27.400  35.586  52.549  27.642
  34.358  53.290  26.593  33.573  49.457  27.595  34.721  49.208  27.288  32.582
  49.358  26.687  31.714  49.825  26.902  32.899  49.058  25.271  33.938  48.762
  25.144  32.213  47.752  24.659  31.911  47.115  25.478  32.921  47.211  24.026
  31.024  47.996  23.817  30.900  47.381  22.685  30.137  48.676  24.308  32.804
  50.294  24.244  32.802  50.178  23.016  32.379  51.404  24.810  32.149  51.368
  25.800  32.134  52.737  24.182  32.914  52.893  23.439  32.278  53.575  24.870
  30.784  52.893  23.471  30.368  53.989  23.086  30.039  51.802  23.226  30.416
  50.883  23.418  28.639  51.881  22.686  28.283  52.911  22.612  28.736  51.400
  21.202  29.588  51.921  20.764  27.848  51.828  20.737  28.880  49.885  20.893
  28.417  49.187  21.593  29.949  49.641  20.885  28.357  49.568  19.457  28.959
  50.035  18.680  27.328  49.850  19.274  28.491  48.126  19.357  29.130  47.692
  20.012  27.927  47.267  18.529  28.252  46.016  18.616  28.941  45.642  19.250
  27.999  45.437  17.824  26.897  47.530  17.746  26.651  48.499  17.593  26.474
  46.716  17.317  27.557  51.266  23.505  26.429  51.721  23.480  27.934  50.367
  24.387  28.812  49.872  24.293  27.133  49.965  25.503  26.241  49.473  25.091
  27.811  49.126  26.504  28.733  49.616  26.827  26.930  48.897  27.768  27.097
  47.932  28.241  27.004  49.657  28.548  25.890  48.877  27.459  28.205  47.886
  25.911  28.896  48.246  25.355  26.709  51.258  26.316  27.612  51.832  26.898
  25.471  51.783  26.260  24.268  51.170  25.699  23.816  50.532  26.458  24.535
  50.587  24.817  23.343  52.269  25.335  22.311  51.945  25.460  23.524  52.634
  24.330  23.698  53.421  26.329  23.089  53.376  27.230  23.532  54.395  25.856
  25.198  53.209  26.621  25.710  53.948  26.000  25.500  53.519  28.177  24.878
  52.923  29.065  26.454  54.428  28.444  26.965  54.705  27.619  26.648  55.045
  29.705  25.659  55.403  29.991  27.301  55.890  29.513  27.224  54.067  30.758
  26.856  54.224  31.956  27.990  53.008  30.392  28.429  52.954  29.492  28.376
  51.909  31.277  27.563  51.267  31.626  29.441  50.966  30.668  30.193  51.475
  30.071  28.988  50.258  29.968  30.039  50.287  31.717  30.706  49.690  31.365
  28.989  52.533  32.518  29.783  53.478  32.384  28.658  51.970  33.686  27.965
  51.244  33.756  29.321  52.524  34.898  29.315  53.613  34.843  28.570  52.164
  36.123  28.983  52.654  37.006  28.666  51.096  36.318  27.102  52.609  36.048
  26.693  52.744  37.047  26.558  51.804  35.560  26.928  54.011  35.440  27.146
  53.936  34.380  27.621  54.695  35.930  25.580  54.521  35.734  25.401  54.635
  36.722  24.540  54.715  34.982  24.598  54.488  33.715  25.518  54.518  33.294
  23.829  54.793  33.141  23.412  55.107  35.537  23.394  55.431  36.493  22.542
  55.084  35.028  30.850  52.219  35.011  31.452  52.690  35.964  31.375  51.306
  34.233  30.793  50.740  33.631  32.714  50.871  34.267  32.639  49.973  33.650
  33.637  51.888  33.553  33.792  52.815  34.110  33.048  52.188  32.689  34.955
  51.286  33.130  35.300  50.117  33.306  35.807  52.094  32.508  35.641  53.052
  32.265  36.746  51.719  32.373  33.233  50.559  35.731  34.127  51.301  36.171
  32.550  49.702  36.484  31.778  49.130  36.152  32.841  49.520  37.906  32.895
  50.526  38.332  31.707  48.612  38.489  32.067  48.425  39.502  31.713  47.646
  37.992  30.310  49.250  38.612  29.850  49.499  37.649  29.266  48.192  39.167
  28.398  48.711  39.561  29.112  47.462  38.377  29.735  47.691  40.014  30.346
  50.659  39.273  29.348  51.046  39.478  30.946  50.449  40.165  30.789  51.347
  38.553  34.228  48.907  38.153  34.810  49.050  39.251  34.734  48.052  37.194
  34.153  47.903  36.377  36.102  47.596  37.150  36.452  47.478  38.181  36.226
  46.274  36.327  37.265  46.126  36.028  35.746  46.383  35.356  35.730  44.708
  37.239  37.176  48.595  36.645  38.385  48.301  36.738  36.770  49.738  36.050
  35.791  49.972  36.037  37.604  50.705  35.286  36.986  51.379  34.697  38.387
  51.416  36.356  39.135  50.789  36.844  37.680  51.908  37.010  39.092  52.647
  35.938  39.013  53.093  34.822  39.885  53.196  36.780  40.163  52.625  37.568
  40.408  53.999  36.479  38.560  49.978  34.355  39.751  50.223  34.361  37.986
  49.079  33.518  36.976  49.064  33.559  38.683  48.649  32.313  39.556  49.295
  32.213  39.177  47.219  32.442  39.675  46.964  31.505  40.288  47.239  33.491
  40.844  46.296  33.483  40.941  48.095  33.389  39.789  47.284  34.461  38.113
  46.146  32.657  37.363  46.379  31.885  37.644  46.212  33.637  38.576  44.672
  32.517  39.586  44.503  32.868  37.854  44.073  33.066  38.555  44.428  31.450
  37.842  48.765  31.022  36.612  48.590  31.015  38.583  48.997  29.868  40.053
  49.179  29.734  40.620  48.291  30.046  40.437  50.044  30.262  40.173  49.447
  28.190  40.579  48.500  27.813  40.906  50.201  27.909  38.794  49.726  27.638
  38.622  49.482  26.581  38.629  50.789  27.803  37.921  48.902  28.560  36.963
  49.405  28.483  37.715  47.416  28.120  38.642  46.686  28.389  36.542  46.993
  27.496  35.935  47.731  27.177  36.216  45.589  27.136  36.265  45.001  28.044
  34.786  45.539  26.658  34.471  44.490  26.692  34.717  45.975  25.662  33.510
  46.337  27.628  37.253  44.962  26.233  37.368  43.721  26.200  38.056  45.720
  25.542  37.760  46.669  25.370  39.173  45.224  24.748  38.779  44.496  24.048
  39.657  46.441  23.921  38.898  46.644  23.169  40.586  46.290  23.392  39.593
  47.642  24.695  40.504  47.930  24.830  40.251  44.651  25.595  40.837  43.662
  25.118  40.464  45.118  26.859  39.857  45.806  27.290  41.222  44.358  27.849
  42.242  44.580  27.555  41.025  44.977  29.230  41.724  44.484  29.907  41.140
  46.057  29.206  40.004  44.716  29.515  40.996  42.870  27.929  41.892  42.075
  27.879  39.674  42.535  27.955  38.977  43.279  27.975  39.129  41.150  28.144
  39.617  40.619  28.961  37.609  41.272  28.563  37.175  40.292  28.387  37.131
  41.884  27.805  37.273  41.922  29.895  37.797  42.870  29.942  35.815  42.310
  30.051  35.848  43.001  30.892  35.366  42.659  29.126  35.281  41.396  30.314
  37.841  41.156  31.095  37.754  41.808  31.966  37.147  40.341  31.297  38.819
  40.728  30.860  39.264  40.353  26.914  39.299  39.144  27.051  39.476  40.936
  25.706  39.460  41.945  25.643  39.782  40.178  24.506  39.148  39.281  24.509
  39.314  40.953  23.276  39.802  40.589  22.370  39.638  41.965  23.482  37.784
  40.906  23.028  37.296  41.201  23.964  37.508  42.013  21.943  36.428  42.136
  21.862  37.932  42.936  22.330  37.955  41.688  21.007  37.178  39.652  22.505
  36.098  39.628  22.616  37.477  39.496  21.467  37.635  38.847  23.086  41.210
  39.701  24.472  41.677  39.215  23.428  41.971  39.793  25.570  41.564  40.375
  26.292  43.359  39.280  25.726  43.930  39.666  24.880  43.942  39.786  27.078
  43.341  39.389  27.884  44.117  40.865  27.114  45.270  39.272  27.204  45.400
  39.184  28.156  43.513  37.730  25.797  42.710  37.021  26.417  44.530  37.117
  25.144  45.112  37.747  24.605  44.974  35.656  25.254  44.051  35.091  25.332
  45.671  35.255  23.938  46.167  34.294  24.011  46.483  35.897  23.609  44.800
  35.174  22.850  44.603  36.092  22.618  45.883  35.369  26.457  46.189  34.221
  26.732  46.128  36.389  27.293  45.802  37.317  27.060  46.429  36.276  28.664
  46.725  35.248  28.868  47.673  37.176  29.021  47.546  38.120  28.498  48.591
  36.786  28.566  48.045  37.404  30.468  48.490  38.536  30.752  47.732  36.527
  31.330  45.191  36.713  29.499  44.595  37.782  29.275  44.748  35.817  30.412
  45.214  34.925  30.444  43.620  36.044  31.290  42.862  36.599  30.733  42.884
  34.751  31.598  42.076  35.083  32.254  42.251  34.056  30.328  42.006  33.010
  30.552  41.353  34.596  30.061  43.020  34.062  29.557  43.791  33.797  32.360
  44.014  34.339  33.283  44.730  33.636  31.822  43.236  32.416  32.810  43.924
  31.861  33.457  42.356  32.468  33.440  42.992  31.815  31.928  44.004  36.909
  32.538  43.145  37.054  33.387  45.197  37.455  32.620  45.875  37.293  31.891
  45.551  38.191  33.879  45.268  37.554  34.718  47.082  38.466  33.974  47.434
  39.053  33.126  47.525  39.082  35.276  48.616  39.158  35.284  47.049  40.047
  35.463  47.373  38.404  36.115  47.827  37.270  33.780  47.605  37.049  32.873
  44.766  39.535  33.932  44.359  39.973  35.086  44.428  40.212  32.853  44.866
  39.938  31.986  43.402  41.246  32.860  43.636  42.015  33.589  43.174  41.768
  31.453  42.316  42.432  31.474  44.036  42.309  31.054  42.880  40.921  30.824
  41.971  40.860  33.406  41.465  41.565  34.337  41.346  39.747  33.002  41.803
  39.175  32.299  40.005  39.248  33.389  39.298  40.048  33.199  39.638  37.957
  32.527  38.807  37.478  33.044  40.476  37.263  32.436  39.199  38.211  31.224
  39.979  38.351  30.671  40.024  38.937  34.844  39.228  39.610  35.545  40.991
  38.150  35.364  41.689  37.779  34.738  41.071  37.809  36.788  40.159  37.266
  37.017  42.328  36.947  36.979  43.149  37.456  36.462  42.101  35.460  36.470
  43.029  34.914  36.286  41.459  34.821  37.069  41.630  35.509  35.489  42.678
  36.764  38.412  43.315  35.915  38.663  43.282  37.587  38.790  41.768  36.596
  38.985  41.047  39.062  37.682  40.188  39.177  38.581  41.891  40.065  37.417
  42.500  40.021  36.607  41.927  41.276  38.271  41.966  40.960  39.315  43.299
  41.897  38.041  43.313  42.815  38.619  43.369  42.133  36.978  44.456  41.130
  38.601  44.606  40.886  39.794  45.263  40.605  37.727  45.043  40.632  36.737
  46.112  40.125  38.013  40.711  42.240  38.139  40.695  43.298  38.754  39.668
  41.884  37.384  39.835  41.026  36.876  38.321  42.421  37.528  38.355  43.329
  38.126  37.821  42.754  36.084  37.977  41.875  35.466  38.454  43.608  35.822
  36.103  43.188  35.869  37.388  41.496  38.321  36.670  42.010  39.135  37.352
  40.191  37.999  37.960  39.750  37.325  36.609  39.306  38.852  35.539  39.470
  38.821  36.993  37.907  38.331  36.590  37.168  39.031  36.561  37.756  37.343
  38.062  37.703  38.332  36.920  39.365  40.371  36.020  39.300  41.143  38.162
  39.745  40.735  38.851  39.592  40.006  38.535  40.113  42.140  38.222  39.303
  42.791  40.075  40.230  42.387  40.219  40.891  43.248  40.627  40.747  41.599
  40.740  38.851  42.685  40.467  38.280  41.793  40.328  38.314  43.533  42.310
  38.957  42.902  42.513  39.390  43.887  42.742  39.595  42.133  42.794  37.524
  42.832  42.772  37.240  41.775  42.082  36.843  43.291  44.164  37.474  43.271
  44.490  36.522  43.214  44.806  37.923  42.624  44.277  37.926  44.165  37.830
  41.324  42.734  37.331  41.282  43.905  37.403  42.254  41.881  37.542  41.990
  40.915  36.649  43.484  42.345  37.001  43.806  43.331  36.852  44.548  41.271
  36.216  45.395  41.530  36.410  44.188  40.346  38.294  45.050  41.113  38.911
  44.175  40.894  38.547  45.433  42.097  38.428  46.156  40.077  37.762  46.953
  40.387  38.086  45.874  39.082  39.910  46.688  39.939  40.467  45.811  39.611
  40.232  46.980  40.935  39.974  47.734  38.905  40.803  47.622  38.336  39.173
  47.668  38.286  40.058  48.659  39.292  35.137  43.101  42.402  34.460  43.586
  43.316  34.683  42.241  41.524  35.300  41.700  40.931  33.251  41.874  41.320
  32.645  42.776  41.328  33.117  41.156  39.960  33.934  40.444  40.049  31.734
  40.508  39.730  31.811  39.945  38.797  31.282  39.891  40.508  31.018  41.309
  39.559  33.291  42.240  38.865  34.144  42.889  39.035  32.404  42.875  38.917
  33.398  41.789  37.361  33.311  42.661  36.699  34.346  41.274  37.247  32.665
  41.048  37.041  32.688  40.951  42.423  31.660  41.283  42.989  33.434  39.924
  42.876  34.344  39.804  42.457  33.031  39.000  43.929  32.030  38.710  43.604
  34.026  37.827  44.015  34.315  37.562  42.998  35.429  38.327  44.447  35.831
  38.985  43.677  35.312  38.920  45.359  36.035  37.458  44.698  33.502  36.669
  44.751  34.038  35.726  44.703  33.423  36.764  45.830  32.501  36.508  44.354
  32.785  39.660  45.331  32.343  39.035  46.340  33.061  40.970  45.383  33.531
  41.297  44.558  33.155  41.836  46.591  32.914  41.319  47.518  34.537  42.370
  46.583  34.461  43.062  47.423  34.849  42.886  45.675  35.433  41.259  46.807
  36.294  41.491  46.443  32.159  42.928  46.437  32.013  43.682  47.387  31.379
  42.956  45.347  31.706  42.385  44.585  30.473  44.047  45.083  30.967  44.997
  45.280  29.971  43.839  43.636  29.607  42.828  43.430  30.802  44.036  42.953
  28.865  44.901  43.412  27.743  44.438  42.900  29.031  46.073  43.636  29.244
  44.025  46.024  28.898  44.955  46.662  28.709  42.830  46.261  28.995  41.963
  45.833  27.549  42.597  47.165  26.822  43.398  47.015  27.900  42.749  48.183
  26.893  41.159  47.135  26.282  40.835  48.120  27.068  40.364  46.066  27.669
  40.691  45.331  26.273  39.175  45.903  25.643  38.969  46.776  25.353  39.402
  44.680  26.002  39.288  43.811  24.978  40.425  44.757  24.140  38.588  44.722
  23.570  38.284  45.757  23.677  38.104  43.599  24.078  38.411  42.724  22.855
  37.518  43.648  27.078  37.879  45.720  26.473  36.731  45.696  28.388  37.961
  45.557  28.872  38.850  45.585  29.273  36.836  45.422  29.031  36.056  46.143
  30.324  36.994  45.659  29.200  36.177  44.061  29.022  36.905  43.101  29.474
  34.894  43.898  29.702  34.304  44.696  29.701  34.296  42.626  30.223  34.934
  41.907  30.455  32.934  42.754  30.232  32.273  41.913  30.024  32.437  43.611
  31.936  33.160  42.910  32.098  33.553  43.914  32.319  33.970  42.288  32.900
  31.682  42.619  32.738  31.598  40.800  33.302  32.492  40.507  33.084  30.631
  40.443  31.708  31.738  40.469  28.409  34.060  41.850  28.447  33.774  40.674
  27.271  34.404  42.536  27.432  34.597  43.514  25.951  34.492  41.976  25.746
  33.517  41.519  25.003  34.863  43.172  23.964  35.023  42.901  25.258  35.789
  43.689  24.929  33.716  44.178  24.295  32.756  43.941  25.621  33.839  45.316
  26.025  34.702  45.674  25.548  33.007  45.877  25.814  35.527  40.812  24.745
  35.705  40.320  26.857  36.248  40.461  27.767  36.120  40.892  26.711  37.306
  39.487  25.753  37.801  39.611  27.855  38.334  39.702  27.809  39.226  39.070
  27.898  38.698  40.727  28.864  37.967  39.496  26.757  36.736  38.045  26.159
  37.266  37.148  27.392  35.541  37.910  27.621  35.062  38.767  27.479  34.933
  36.598  27.592  35.743  35.877  28.765  34.106  36.499  28.642  33.604  35.545
  28.683  33.398  37.328  30.039  34.920  36.437  30.411  35.614  35.327  29.840
  35.523  34.408  31.534  36.323  35.616  32.075  36.730  34.860  32.064  36.017
  36.840  33.265  36.331  37.495  34.028  36.972  37.066  33.405  35.969  38.830
  34.286  36.143  39.437  32.362  35.232  39.491  32.431  34.835  40.496  31.190
  34.768  38.818  30.517  34.087  39.308  31.080  35.139  37.423  26.225  34.085
  36.361  25.913  33.399  37.321  25.624  34.012  35.202  26.035  34.318  34.328
  24.380  33.154  35.015  23.681  33.298  35.844  23.651  33.489  33.671  23.565
  34.579  33.636  24.488  33.069  32.436  23.839  33.501  31.660  25.470  33.515
  32.499  24.623  31.988  32.410  22.228  32.794  33.631  21.836  32.652  32.634
  22.224  31.810  34.095  21.481  33.424  34.123  24.794  31.662  35.025  24.071
  30.822  35.527  26.022  31.379  34.448  26.555  32.101  33.987  26.537  29.998
  34.516  25.833  29.334  34.016  27.755  29.890  33.596  27.941  28.865  33.270
  27.517  30.449  32.679  28.657  30.184  34.122  26.796  29.526  35.932  26.362
  28.463  36.297  27.490  30.345  36.781  27.923  31.199  36.459  27.659  29.923
  38.146  28.115  28.930  38.130  28.733  30.759  38.934  28.237  31.685  39.232
  29.614  30.967  38.321  29.151  30.145  40.232  30.248  29.292  40.383  30.836
  28.968  39.527  30.367  28.819  41.650  31.165  28.269  41.916  29.480  29.484
  42.461  29.272  29.494  43.912  29.969  28.889  44.469  28.094  30.086  44.434
  27.914  29.931  45.487  27.347  30.918  43.604  26.459  31.397  43.998  27.566
  30.979  42.223  27.009  31.653  41.604  28.613  30.256  41.612  26.409  29.719
  38.960  26.245  28.699  39.634  25.372  30.499  38.621  25.595  31.290  38.030
  24.062  30.393  39.243  24.242  30.256  40.305  23.197  31.632  38.887  22.126
  31.416  38.921  23.397  31.957  37.872  23.322  32.774  39.861  24.274  33.226
  39.564  23.482  32.508  40.905  22.226  33.779  39.829  22.510  34.675  40.366
  21.385  33.299  40.326  21.727  34.192  38.453  20.776  33.973  38.207  22.220
  35.109  37.650  21.601  35.397  36.547  20.749  34.985  36.193  21.913  36.086
  35.877  23.273  35.750  38.051  23.692  35.320  38.866  23.705  36.369  37.382
  23.307  29.249  38.759  22.575  28.704  39.637  23.404  28.902  37.504  23.906
  29.450  36.816  22.509  27.868  36.948  21.888  27.481  37.764  21.671  28.436
  35.831  21.327  27.688  35.132  22.145  29.349  35.458  20.414  29.018  36.294
  20.328  29.821  37.224  19.322  28.704  35.699  19.329  28.014  34.959  18.554
  29.094  36.225  23.194  26.518  36.486  22.509  25.537  36.210  24.543  26.453
  36.476  25.007  27.333  36.624  25.278  25.255  36.152  24.614  24.396  36.024
  25.747  25.293  34.651  26.383  24.428  34.472  26.380  26.126  34.379  24.526
  25.155  33.693  23.699  25.773  34.026  24.062  24.166  33.657  24.876  25.453
  32.219  24.073  24.959  31.666  25.854  25.026  32.004  24.912  26.898  31.839
  24.425  27.519  32.461  25.293  27.371  30.662  25.659  26.625  29.652  25.445
  25.647  29.706  25.910  27.073  28.786  25.248  28.648  30.435  24.671  29.228
  31.018  25.739  28.995  29.620  26.407  24.823  37.077  26.832  23.698  36.882
  26.771  25.606  38.126  26.415  26.557  38.133  27.840  25.314  39.049  28.336
  24.407  38.721  28.875  26.360  39.094  29.555  26.148  39.916  28.619  27.385
  39.370  29.854  26.366  37.633  27.341  25.175  40.481  27.537  24.184  41.215
  26.646  26.206  41.018  26.468  26.957  40.358  26.077  26.346  42.347  26.877
  26.263  43.087  25.383  27.751  42.478  24.553  27.845  41.788  26.086  28.555
  42.237  24.926  28.083  43.934  25.787  28.228  44.582  24.452  27.169  44.297
  23.951  29.327  43.978  23.089  29.033  43.373  24.324  30.271  43.595  23.512
  29.439  45.417  24.304  29.824  46.051  23.178  28.444  45.731  22.376  30.394
  45.425  21.897  30.418  46.315  22.640  31.371  45.311  21.605  30.218  44.798
  25.232  25.144  42.654  24.320  24.767  41.880  25.680  24.336  43.704  26.412
  24.711  44.289  25.115  23.122  44.011  24.154  22.900  43.555  24.925  22.958
  45.074  25.919  21.854  43.638  25.966  20.944  44.420  26.539  21.916  42.497
  26.452  22.800  42.015  27.173  20.754  41.822  26.520  19.887  41.894  27.384
  21.083  40.367  27.810  20.166  39.969  25.984  21.329  39.665  25.430  20.393
  39.758  25.548  22.188  40.183  26.135  21.615  38.621  28.348  22.027  40.173
  27.971  22.833  40.523  28.523  20.417  42.465  29.086  21.215  43.244  29.097
  19.221  42.231  28.634  18.486  41.731  30.486  18.902  42.704  30.649  19.295
  43.709  30.760  17.400  42.685  31.018  17.175  41.647  29.938  16.727  42.914
  31.999  17.037  43.539  32.045  15.934  44.114  33.042  17.764  43.648  31.569
  19.677  41.933  32.256  19.082  41.070  31.694  20.919  42.116  31.087  21.400
  42.770  32.538  21.855  41.342  32.347  21.851  40.273  32.354  23.283  41.883
  33.116  23.883  41.384  30.946  23.824  41.497  30.861  24.887  41.703  30.715
  23.681  40.449  30.154  23.295  42.035  32.516  23.444  43.481  32.190  24.468
  43.667  32.023  22.623  44.003  33.596  23.342  43.642  34.006  21.451  41.487
  34.788  21.987  40.719  34.544  20.661  42.427  33.922  20.162  43.055  35.922
  20.186  42.483  36.446  21.134  42.439  36.150  19.594  43.871  35.706  18.608
  43.994  35.603  20.167  44.613  37.650  19.402  44.202  38.024  20.420  44.128
  38.007  18.849  43.329  38.088  18.739  45.561  38.221  19.402  46.562  38.333
  17.449  45.628  38.169  16.769  44.887  38.632  17.150  46.542  36.247  19.199
  41.356  37.405  18.920  41.018  35.234  18.734  40.663  34.285  18.813  40.992
  35.309  17.768  39.526  35.756  16.831  39.868  33.888  17.427  39.021  33.844
  16.716  38.191  33.396  16.951  39.858  33.371  18.346  38.739  36.201  18.309
  38.387  37.208  17.740  38.034  35.966  19.564  37.921  35.108  20.041  38.165
  36.828  20.258  37.000  36.735  19.775  36.037  36.324  21.697  36.731  36.865
  22.113  35.885  36.467  22.338  37.592  34.854  21.728  36.392  33.906  22.134
  37.297  34.088  22.537  38.282  32.644  21.892  36.731  31.886  22.273  37.277
  32.731  21.334  35.469  31.808  20.787  34.637  30.778  20.675  34.909  32.324
  20.040  33.527  31.532  19.516  33.024  33.684  20.030  33.216  34.091  19.556
  32.342  34.557  20.677  34.026  35.597  20.559  33.767  34.221  21.255  35.259
  38.328  20.307  37.399  39.059  20.662  36.533  38.668  19.923  38.664  37.917
  19.675  39.298  40.028  19.814  39.174  40.698  20.060  38.350  40.263  20.967
  40.188  41.344  21.083  40.246  39.888  22.269  39.501  40.192  23.107  40.119
  40.428  22.324  38.560  38.809  22.402  39.380  39.644  20.849  41.610  39.770
  19.792  41.845  38.585  21.104  41.618  40.298  21.731  42.688  39.828  21.486
  43.642  41.367  21.507  42.690  40.223  22.788  42.454  40.492  18.398  39.583
  41.632  18.229  40.064  39.677  17.327  39.328  38.748  17.507  38.996  40.042
  15.899  39.557  40.603  15.969  40.496  38.858  14.978  39.841  39.194  13.953
  39.624  38.039  15.222  39.168  38.280  15.139  41.219  37.784  16.084  41.437
  39.059  14.905  41.942  37.126  14.137  41.494  37.362  13.110  41.757  36.475
  14.188  40.623  36.368  14.537  42.699  36.908  14.376  43.531  35.201  15.163
  42.811  34.372  15.523  41.807  34.469  15.060  40.913  33.514  16.038  41.931
  34.823  15.392  44.049  35.322  14.990  44.824  33.965  15.916  44.132  40.959
  15.579  38.391  40.911  16.215  37.332  41.916  14.677  38.522  42.205  14.348
  39.437  42.934  14.388  37.435  42.423  14.297  36.477  43.420  13.428  37.598
  44.028  15.492  37.309  44.957  15.227  36.532  43.884  16.651  37.944  43.014
  16.762  38.453  44.808  17.756  37.858  45.517  17.642  37.049  44.163  19.075
  37.541  45.096  19.641  37.532  43.616  19.479  38.406  42.983  19.140  36.111
  45.619  17.820  39.157  44.981  17.947  40.206  46.939  17.736  39.217  47.428
  17.672  38.337  47.751  18.049  40.432  47.071  17.923  41.274  48.767  16.917
  40.627  49.576  16.924  39.896  48.293  15.947  40.450  49.448  16.953  41.986
  49.974  16.013  42.148  48.689  17.136  42.734  50.532  17.952  42.251  50.732
  17.635  43.275  50.157  18.973  42.188  51.681  17.826  41.392  51.957  16.863
  41.265  52.535  18.736  40.949  53.553  18.343  40.293  53.758  17.351  40.247
  54.245  18.975  39.934  52.460  19.990  41.192  51.562  20.367  41.458  53.112
  20.642  40.782  48.327  19.444  40.263  48.887  19.697  39.179  48.202  20.358
  41.200  47.881  20.142  42.134  48.448  21.824  40.980  48.147  21.981  39.938
  47.462  22.641  41.920  47.966  23.600  42.017  47.380  22.174  42.896  46.113
  23.048  41.275  45.496  23.630  41.968  46.346  23.991  40.102  45.466  24.066
  39.472  46.520  25.005  40.478  47.044  23.638  39.346  45.218  21.915  40.831
  44.489  22.349  40.156  45.884  21.196  40.341  44.797  21.489  41.738  49.939
  22.238  40.993  50.598  21.768  41.969  50.451  22.923  40.054  29.308  39.514
  36.475  29.247  39.493  34.935  28.063  38.691  34.377  30.031  40.247  36.874
  29.474  38.499  36.858  28.330  39.873  36.801  30.144  39.024  34.520  29.280
  40.497  34.471  28.489  37.691  34.560  27.943  38.857  33.304  27.124  38.892
  34.915
  42.389  32.626  22.341  41.876  33.160  23.026  43.202  33.156  22.059  41.863
  32.407  21.507  42.914  31.422  23.006  43.356  30.866  22.182  44.032  31.799
  24.025  43.911  32.719  24.602  44.950  31.914  23.459  44.459  30.661  24.980
  44.729  29.770  24.412  43.660  30.406  25.668  45.705  30.885  25.850  45.574
  31.736  26.508  46.484  31.219  25.181  46.119  29.573  26.608  46.120  28.723
  25.930  45.342  29.440  27.354  47.404  29.725  27.309  47.571  28.912  27.880
  48.132  29.919  26.642  47.373  30.534  27.927  41.821  30.548  23.605  40.837
  31.043  24.093  42.001  29.177  23.585  42.826  28.794  23.146  41.299  28.256
  24.532  40.586  28.918  25.026  40.617  27.139  23.772  41.311  26.703  23.065
  39.336  27.547  23.043  38.908  26.663  22.568  38.633  27.973  23.760  39.577
  28.243  22.231  40.164  26.007  24.761  39.646  25.222  24.216  40.973  25.448
  25.236  39.571  26.394  25.599  42.232  27.855  25.593  43.419  27.574  25.431
  41.787  27.707  26.868  40.787  27.685  26.913  42.500  27.240  28.051  43.568
  27.189  27.867  42.283  28.229  29.208  42.273  27.612  30.107  41.255  28.585
  29.128  43.281  29.333  29.286  43.025  30.514  28.530  42.174  30.760  27.911
  43.993  31.517  28.560  43.905  32.368  27.898  45.126  31.431  29.306  45.931
  32.156  29.361  45.283  30.352  30.171  46.126  30.386  30.836  44.415  29.288
  30.151  44.521  28.386  30.724  42.140  25.766  28.285  40.957  25.381  28.087
  43.166  24.973  28.602  44.041  25.430  28.811  42.930  23.663  29.163  43.806
  23.029  29.288  42.204  23.287  28.442  42.407  23.757  30.534  42.758  24.695
  31.229  41.603  22.789  30.973  41.255  22.112  30.315  40.960  22.784  32.356
  40.387  23.710  32.446  40.101  21.532  32.440  40.684  20.624  32.250  39.258
  21.597  31.753  39.406  21.306  33.767  38.652  22.094  33.899  40.131  21.393
  34.582  38.667  19.971  33.780  38.092  19.942  32.854  38.011  19.919  34.655
  39.498  18.695  33.745  39.490  18.251  32.832  40.288  18.113  34.630  40.859
  16.985  34.424  40.911  16.452  33.571  41.339  16.533  35.188  40.337  18.571
  35.893  39.935  19.496  35.991  40.768  18.120  36.688  42.025  22.753  33.442
  41.915  23.567  34.330  43.109  21.894  33.379  43.130  21.381  32.506  44.234
  21.999  34.232  43.869  22.007  35.253  45.174  20.771  34.135  46.009  20.876
  34.829  45.690  20.783  33.172  44.355  19.152  34.483  45.141  23.209  33.969
  45.788  23.578  34.870  45.060  23.913  32.819  44.315  23.629  32.197  45.937
  25.113  32.576  46.868  24.884  33.085  46.172  25.359  31.071  45.210  25.478
  30.574  46.703  24.528  30.611  47.079  26.619  30.838  48.070  26.388  31.236
  46.688  27.490  31.367  47.155  27.057  29.360  46.101  26.904  28.688  48.175
  27.422  28.850  45.220  26.339  33.302  45.938  27.055  34.007  43.880  26.447
  33.217  43.343  25.852  32.588  43.041  27.444  33.946  43.506  28.387  33.670
  41.628  27.525  33.332  41.241  26.507  33.320  41.765  27.798  32.287  40.699
  28.581  33.981  40.623  28.338  35.046  41.248  29.994  33.767  40.485  30.695
  34.111  42.172  30.146  34.331  41.373  30.077  32.685  39.325  28.452  33.410
  38.663  29.115  33.964  39.241  28.617  32.338  39.019  27.438  33.657  43.037
  27.197  35.470  43.227  28.058  36.297  42.900  25.923  35.850  42.641  25.254
  35.131  43.144  25.503  37.285  42.431  25.998  37.932  43.044  23.966  37.449
  43.047  23.702  38.503  42.069  23.637  37.069  43.827  23.423  36.933  44.500
  26.021  37.791  44.560  26.588  38.912  45.525  25.862  36.978  45.436  25.181
  36.228  46.900  26.277  37.314  47.142  25.850  38.290  47.930  25.596  36.409
  48.963  25.912  36.589  47.913  24.508  36.495  47.717  25.913  35.385  47.041
  27.798  37.381  47.520  28.319  38.381  46.491  28.556  36.372  46.094  28.038
  35.602  46.381  29.996  36.251  47.313  30.506  36.019  45.636  30.211  34.942
  45.522  31.269  34.707  46.309  29.775  34.205  44.711  29.647  34.905  45.661
  30.639  37.486  46.330  31.366  38.231  44.490  30.152  37.829  44.042  29.477
  37.231  43.649  30.684  38.895  43.576  31.774  38.830  42.174  30.192  38.710
  41.681  30.420  39.650  42.086  29.110  38.547  41.514  31.010  37.561  42.160
  31.072  36.687  41.313  32.017  37.927  39.936  30.253  37.031  39.093  31.690
  36.434  38.872  32.344  37.275  39.744  32.296  35.791  38.189  31.438  35.882
  44.283  30.300  40.248  44.163  30.986  41.269  45.105  29.135  40.331  45.207
  28.572  39.509  45.879  28.778  41.513  45.305  29.105  42.391  46.208  27.246
  41.584  46.943  27.079  40.793  45.293  26.689  41.357  46.851  26.821  42.847
  47.884  27.173  42.817  46.924  25.739  42.813  46.251  27.275  44.194  45.190
  27.034  44.293  46.359  28.355  44.257  46.952  26.517  45.332  47.985  26.832
  45.492  46.923  25.444  45.138  46.309  26.651  46.643  46.428  27.605  46.968
  45.318  26.497  46.570  46.578  25.969  47.332  47.165  29.640  41.623  47.543
  29.955  42.777  47.753  30.120  40.543  47.367  29.800  39.670  48.900  31.073
  40.593  49.453  30.843  41.504  49.973  30.839  39.531  50.286  29.798  39.605
  50.819  31.390  39.948  49.580  31.341  38.085  49.257  32.372  38.001  48.724
  30.781  37.708  50.853  31.079  37.212  51.689  31.412  37.823  50.792  31.585
  36.255  51.042  29.672  36.892  51.590  29.037  37.459  50.512  29.061  35.864
  49.712  29.684  35.029  49.430  30.639  35.206  49.375  29.303  34.166  50.742
  27.785  35.612  51.172  27.223  36.328  50.225  27.347  34.861  48.511  32.519
  40.773  49.359  33.289  41.218  47.233  32.855  40.625  46.666  32.143  40.188
  46.684  34.156  41.048  47.471  34.874  41.284  45.803  34.734  39.874  45.551
  35.779  40.080  44.937  34.078  39.738  46.456  34.759  38.490  45.781  34.895
  37.251  46.698  35.155  36.313  46.433  35.261  35.272  47.930  35.034  36.848
  48.718  35.250  36.261  47.785  34.876  38.222  48.599  34.961  38.916  45.901
  34.111  42.363  45.169  35.012  42.724  46.016  32.990  43.039  46.609  32.299
  42.597  45.532  32.835  44.474  46.100  33.471  45.152  45.807  31.859  44.858
  44.035  33.009  44.740  43.633  33.439  45.865  43.227  32.650  43.729  43.650
  32.264  42.892  41.757  32.632  43.827  41.507  33.561  44.334  41.140  32.496
  42.462  40.059  32.365  42.549  41.471  31.528  42.105  41.453  33.699  41.482
  42.522  33.659  41.287  40.755  33.454  40.169  41.115  34.049  39.338  40.806
  32.381  39.965  39.697  33.703  40.261  41.096  35.012  42.194  41.017  35.751
  41.394  40.118  34.996  42.670  41.901  35.168  42.918  41.184  31.518  44.646
  40.076  31.544  45.192  41.977  30.444  44.758  42.783  30.379  44.155  41.623
  29.320  45.667  40.629  28.924  45.468  42.704  28.189  45.478  43.688  28.664
  45.606  42.636  27.814  44.464  42.521  27.035  46.427  41.411  26.750  46.937
  43.527  26.320  46.612  41.575  29.863  47.159  42.591  30.284  47.748  40.377
  29.800  47.747  39.611  29.358  47.257  39.947  30.313  49.071  38.945  29.922
  49.252  40.758  29.604  50.218  41.791  29.937  50.248  40.969  28.559  49.982
  40.015  29.659  51.541  38.836  29.798  51.575  40.689  29.421  52.641  41.667
  29.202  52.550  40.243  29.337  53.545  39.819  31.884  49.089  39.528  32.491
  50.111  39.838  32.637  47.937  39.840  32.114  47.075  39.498  34.069  47.887
  40.025  34.508  48.738  40.126  34.735  46.574  39.589  34.306  45.733  41.123
  34.308  46.575  39.998  36.267  46.672  39.427  36.965  45.554  39.278  36.353
  44.684  39.117  38.309  45.686  38.816  38.767  44.760  39.508  39.023  46.813
  39.337  40.335  46.865  39.704  40.695  47.677  40.169  38.384  47.870  40.577
  39.043  48.618  40.408  36.991  47.799  40.910  36.581  48.673  38.031  34.362
  48.061  37.173  33.679  47.485  37.692  35.268  49.019  38.478  35.778  49.387
  36.346  35.337  49.645  36.264  35.852  50.608  35.437  36.239  48.686  34.460
  36.243  49.161  35.309  35.796  47.703  36.036  37.611  48.422  35.407  38.206
  47.757  37.033  37.588  47.988  36.118  38.420  49.680  35.769  37.946  50.599
  35.504  39.324  49.670  37.423  38.876  50.047  37.892  38.242  50.674  37.961
  40.080  49.866  37.463  41.002  49.105  36.669  40.888  48.490  37.910  41.910
  49.159  39.095  40.310  50.387  39.534  39.697  51.064  39.679  41.082  50.112
  35.748  33.957  50.019  34.555  33.723  49.858  36.612  32.975  50.339  37.594
  33.208  50.330  36.115  31.645  50.751  35.249  31.781  51.404  36.914  31.127
  51.275  35.742  30.651  49.648  35.595  29.446  49.917  35.758  31.001  48.343
  36.084  31.937  48.177  35.247  30.178  47.217  34.316  29.750  47.579  34.818
  31.084  46.106  34.779  30.461  45.205  35.562  31.836  45.851  33.534  31.856
  46.301  32.298  31.200  45.957  32.388  30.261  45.411  31.023  31.852  46.164
  30.128  31.324  45.886  31.005  33.141  46.725  29.911  33.801  46.911  29.959
  34.432  47.621  32.221  33.679  47.181  32.211  34.588  47.757  33.476  33.077
  46.983  34.431  33.485  47.292  36.237  29.065  46.809  37.429  29.415  46.717
  35.867  27.824  46.629  34.906  27.564  46.798  36.867  26.829  46.069  37.751
  26.932  46.693  36.398  25.365  46.293  35.481  25.441  46.877  37.187  24.848
  46.857  36.087  24.679  45.065  36.271  23.740  45.218  37.372  27.024  44.643
  36.651  27.566  43.769  38.515  26.420  44.276  38.996  25.928  45.031  39.070
  26.556  42.931  39.236  27.602  42.715  40.506  25.967  42.953  40.460  24.932
  43.288  41.083  26.444  43.743  41.339  26.001  41.638  40.901  25.353  40.879
  41.556  27.380  41.016  42.120  27.233  40.095  40.557  27.734  40.756  42.034
  28.048  41.734  42.665  25.285  41.872  43.271  25.337  40.968  43.143  25.755
  42.742  42.520  24.261  42.228  38.150  26.036  41.784  38.189  26.629  40.664
  37.394  24.975  42.083  37.407  24.690  43.058  36.365  24.398  41.137  35.793
  23.681  41.731  36.757  23.823  40.294  35.360  25.448  40.666  34.784  25.276
  39.592  35.111  26.482  41.422  35.607  26.611  42.288  34.148  27.565  41.211
  33.193  27.127  40.903  33.870  28.297  42.492  33.185  29.130  42.373  34.775
  28.756  42.900  33.118  27.446  43.429  31.916  27.262  43.287  33.759  26.885
  44.334  34.731  27.130  44.465  33.198  26.348  44.985  34.520  28.527  40.165
  33.697  28.801  39.365  35.822  28.947  40.082  36.473  28.562  40.754  36.455
  29.940  39.224  35.759  30.741  38.965  37.772  30.500  39.829  38.074  31.277
  39.125  38.547  29.746  39.926  37.613  31.091  41.171  37.854  30.427  42.330
  38.228  29.426  42.453  37.485  31.206  43.420  37.600  31.150  44.420  37.102
  32.501  42.933  36.703  33.633  43.548  36.599  33.670  44.618  36.186  34.654
  42.695  35.835  35.515  43.244  36.058  34.545  41.327  35.601  35.349  40.757
  36.527  33.422  40.721  36.340  33.128  39.697  37.084  32.360  41.485  36.743
  29.296  37.802  36.553  29.913  36.813  37.054  28.005  37.839  37.286  27.586
  38.724  37.202  27.155  36.581  37.781  27.619  35.781  38.035  25.914  36.955
  37.757  25.501  37.933  38.091  24.777  35.822  38.797  23.996  36.110  37.147
  24.251  35.695  38.459  25.140  34.864  39.419  26.387  37.131  39.995  25.528
  37.471  39.787  26.720  36.164  39.499  27.276  37.758  35.847  26.866  36.032
  35.662  26.989  34.841  34.849  26.585  36.872  35.063  26.418  37.843  33.524
  26.267  36.333  33.625  25.633  35.452  32.755  25.648  37.377  32.604  26.430
  38.126  33.292  24.882  37.945  31.198  24.952  36.975  32.830  27.524  35.808
  32.135  27.454  34.792  33.191  28.690  36.359  33.926  28.795  37.043  32.668
  29.927  35.903  31.577  29.874  35.879  33.100  30.969  36.885  32.726  31.968
  36.682  32.573  30.676  37.802  34.181  30.963  37.000  33.052  30.132  34.438
  32.179  30.356  33.589  34.369  29.918  34.104  35.031  29.694  34.834  34.731
  29.884  32.653  34.396  30.819  32.190  36.240  29.772  32.556  36.495  29.774
  31.495  36.699  30.626  33.041  36.606  28.866  33.038  34.079  28.756  31.873
  33.636  29.033  30.761  33.984  27.565  32.411  34.328  27.487  33.350  33.312
  26.440  31.761  33.877  26.282  30.850  33.348  25.173  32.670  32.613  25.300
  33.462  34.348  24.961  33.028  32.885  23.984  31.890  31.964  24.173  31.332
  32.613  23.136  32.524  33.786  23.441  30.773  34.768  23.361  31.220  33.788
  24.250  30.041  33.434  22.095  30.185  32.362  22.099  29.971  33.552  21.315
  30.946  34.196  21.822  29.005  34.139  22.685  28.493  35.167  21.759  29.291
  33.897  21.006  28.499  31.931  26.631  31.205  31.772  26.324  29.971  31.038
  27.169  31.972  31.235  27.412  32.927  29.667  27.202  31.558  29.458  26.561
  30.699  28.768  26.626  32.692  27.728  26.829  32.454  29.046  27.008  33.675
  28.747  25.075  32.685  28.406  24.370  31.527  28.195  24.908  30.610  28.387
  22.973  31.718  27.989  22.394  30.899  28.779  22.308  32.906  28.851  21.228
  32.912  29.170  23.053  34.043  29.490  22.513  34.920  29.159  24.411  33.923
  29.447  24.982  34.793  29.353  28.564  30.850  28.310  28.621  30.174  30.260
  29.519  30.931  31.152  29.410  31.398  30.105  30.739  30.163  29.035  30.904
  30.026  30.857  31.925  30.882  31.109  32.702  30.159  31.826  31.573  31.252
  30.147  32.538  32.096  30.705  33.438  32.360  30.257  31.890  32.966  28.670
  32.977  31.977  28.275  33.212  30.816  27.976  33.187  33.018  30.647  30.623
  28.702  29.862  30.665  27.785  31.852  30.132  28.523  32.365  29.931  29.374
  32.577  30.269  27.317  31.926  30.632  26.525  33.716  31.217  27.727  33.335
  32.107  28.226  34.183  31.510  26.790  34.556  30.545  28.653  34.514  31.127
  29.405  33.206  29.016  26.783  33.881  29.096  25.708  33.162  27.918  27.539
  32.726  27.884  28.442  34.032  26.758  27.272  33.972  26.141  28.172  33.530
  25.883  26.058  34.078  26.226  25.190  32.469  25.967  25.812  33.940  24.472
  26.227  34.242  23.976  27.303  33.840  23.697  25.179  33.469  24.148  24.354
  34.153  22.736  25.241  35.564  27.086  27.199  36.337  26.657  26.312  35.955
  27.898  28.195  35.261  28.401  28.721  37.300  28.491  28.350  37.319  29.223
  29.149  38.293  27.309  28.722  39.238  27.738  29.061  38.545  26.823  27.778
  37.781  26.238  29.741  37.790  24.883  29.441  38.143  24.566  28.474  37.518
  23.950  30.466  37.540  22.887  30.262  37.118  24.443  31.751  36.928  23.776
  32.582  37.019  25.818  32.051  36.727  26.185  33.028  37.300  26.710  30.976
  37.269  27.763  31.171  37.819  29.309  27.105  39.011  29.569  27.035  36.949
  29.842  26.241  35.977  29.580  26.350  37.260  30.765  25.205  38.165  30.440
  24.686  36.056  30.769  24.301  35.222  31.263  24.788  35.807  29.728  24.088
  36.355  31.558  23.018  37.397  32.116  22.704  35.429  31.410  22.045  34.527
  30.989  22.206  35.568  31.916  21.176  37.552  32.160  25.683  36.690  32.894
  26.197  38.695  32.716  25.309  39.459  32.126  25.004  38.966  34.187  25.496
  38.573  34.485  26.473  40.508  34.447  25.534  40.657  35.452  25.918  41.377
  33.644  26.441  42.410  33.998  26.471  41.023  33.742  27.462  41.438  32.589
  26.147  41.241  34.372  24.221  41.585  35.205  23.897  38.288  35.208  24.544
  38.438  36.448  24.594  37.580  34.757  23.474  37.582  33.755  23.359  37.000
  35.565  22.375  37.098  36.646  22.488  37.681  35.200  21.037  37.121  35.742
  20.271  37.502  34.157  20.773  39.162  35.476  20.805  39.454  35.129  19.818
  39.672  34.964  21.620  39.392  36.984  20.791  39.372  37.649  19.781  39.662
  37.560  21.951  39.492  36.993  22.771  40.178  38.417  21.996  35.459  35.455
  22.354  34.889  36.085  21.428  34.869  34.785  23.388  35.430  34.351  24.101
  33.469  34.657  23.557  33.102  34.285  22.604  33.079  33.778  24.752  31.990
  33.816  24.827  33.512  32.783  24.665  33.526  34.138  25.684  32.871  36.065
  23.799  33.520  36.979  24.392  31.639  36.276  23.282  31.013  35.546  22.976
  31.079  37.658  23.144  31.167  38.083  24.147  31.678  38.406  21.920  30.941
  39.126  21.573  32.865  39.242  22.241  32.986  39.959  21.430  32.674  39.728
  23.195  33.721  38.568  22.357  32.036  37.577  20.840  32.703  36.915  21.027
  29.596  37.425  22.915  29.158  37.072  21.853  28.812  37.547  23.998  29.229
  37.847  24.871  27.400  37.327  23.998  27.242  36.893  23.005  27.038  36.244
  25.016  27.006  36.640  26.031  27.792  35.458  24.984  25.642  35.658  24.632
  25.362  35.094  23.582  24.637  35.768  25.456  24.775  36.329  26.287  23.713
  35.549  25.114  26.550  38.643  24.013  27.089  39.489  24.657  25.477  38.810
  23.286  25.209  38.033  22.689  24.626  40.035  23.252  25.293  40.826  23.577
  24.240  40.236  21.781  23.811  39.323  21.376  25.117  40.350  21.134  23.238
  41.431  21.658  22.390  41.287  22.324  22.762  41.390  20.681  23.859  42.899
  21.773  24.264  42.951  22.780  23.134  43.703  21.675  24.865  43.076  20.725
  25.794  42.774  21.005  24.804  43.770  19.605  25.739  43.679  18.671  26.565
  43.115  18.785  25.587  44.148  17.795  23.818  44.543  19.318  23.061  44.538
  19.992  23.688  45.081  18.481  23.481  40.009  24.268  22.584  39.155  24.266
  23.382  41.139  24.922  24.037  41.904  24.877  22.239  41.509  25.732  21.753
  40.577  26.009  22.800  42.244  26.959  21.975  42.420  27.640  23.216  43.217
  26.672  23.748  41.360  27.827  24.834  40.977  27.447  23.180  40.890  28.887
  22.223  41.120  29.129  23.780  40.365  29.502  21.272  42.455  24.993  21.612
  43.149  24.061  19.983  42.431  25.410  19.704  41.915  26.239  18.836  43.160
  24.835  18.718  42.855  23.800  17.605  42.610  25.580  16.728  43.192  25.286
  17.333  41.156  25.183  16.593  40.670  25.824  17.067  41.042  24.136  18.210
  40.532  25.358  17.683  42.630  26.979  16.792  42.370  27.228  18.897  44.633
  25.033  17.990  45.372  24.556  19.825  45.108  25.831  20.383  44.462  26.368
  20.036  46.464  26.270  19.190  47.117  26.114  20.024  46.456  27.790  19.212
  45.879  28.223  19.913  47.483  28.145  21.163  45.808  28.454  21.955  45.152
  27.740  21.239  45.896  29.653  21.318  47.125  25.643  21.828  48.130  26.186
  21.919  46.545  24.569  21.540  45.711  24.153  23.120  47.168  23.973  23.058
  48.248  23.977  23.122  46.713  22.980  24.431  46.779  24.692  25.507  46.682
  24.028  24.343  46.218  25.881  23.476  46.281  26.395  25.481  45.469  26.497
  26.344  46.089  26.273  25.278  45.353  28.030  25.036  46.379  28.306  26.259
  45.193  28.477  24.334  44.468  28.618  23.475  44.790  28.347  25.838  44.125
  25.795  25.130  43.618  24.946  27.036  43.661  26.096  27.663  44.225  26.644
  27.745  42.469  25.620  26.979  41.722  25.435  28.450  42.754  24.262  29.077
  43.632  24.435  29.390  41.659  23.683  29.859  42.203  22.852  30.151  41.344
  24.394  28.852  40.777  23.329  27.517  43.025  23.212  26.691  43.277  23.633
  28.576  41.870  26.735  29.275  42.626  27.450  28.508  40.553  26.925  28.200
  40.013  26.124  29.347  39.790  27.802  29.516  40.402  28.682  28.541  38.584
  28.344  29.210  37.999  28.979  28.382  37.952  27.474  27.308  39.064  29.103
  26.303  38.350  29.029  27.299  40.095  29.848  30.691  39.391  27.171  30.720
  38.498  26.304  31.797  39.921  27.657  31.736  40.603  28.407  33.103  39.802
  27.032  32.906  39.558  25.987  33.714  41.258  27.027  34.762  41.217  26.752
  33.662  41.693  28.021  33.035  42.148  26.007  33.608  42.144  24.714  34.312
  41.356  24.492  33.029  42.944  23.745  33.444  42.876  22.744  31.937  43.786
  24.038  31.358  44.597  23.109  30.633  45.048  23.526  31.444  43.879  25.320
  30.700  44.618  25.562  32.033  43.069  26.299  31.799  43.187  27.348  34.120
  38.834  27.641  34.416  38.851  28.880  34.770  38.155  26.688  34.596  38.282
  25.697  35.876  37.303  27.035  36.692  37.814  27.543  36.228  36.965  26.058
  35.402  36.149  27.955  34.231  35.859  28.045  36.440  35.430  28.510  37.353
  35.845  28.560  36.333  34.099  29.041  35.745  33.512  28.343  37.710  33.463
  29.293  38.214  33.355  28.332  38.601  34.370  30.155  38.686  35.394  29.800
  38.166  34.388  31.147  39.568  33.874  30.268  37.793  32.030  29.854  37.135
  31.475  29.186  37.368  32.059  30.866  39.218  31.449  29.746  39.142  30.383
  29.982  39.684  31.581  28.771  39.954  31.755  30.487  35.439  34.054  30.326
  34.733  33.052  30.535  35.431  35.107  31.161  36.055  35.870  30.976  34.498
  35.221  32.334  34.232  34.187  32.581  35.228  35.854  33.551  34.582  35.812
  34.425  35.594  36.859  33.354  36.445  35.032  33.977  37.161  35.045  33.163
  36.186  33.587  34.230  37.073  33.035  34.514  35.439  33.515  35.025  35.828
  33.077  33.339  37.125  35.616  35.215  38.184  35.369  35.273  37.102  36.695
  35.119  36.567  35.323  36.102  33.171  35.976  32.010  32.399  36.385  32.928
  32.856  36.099  30.739  33.550  35.784  30.090  31.628  36.780  30.225  31.867
  37.254  29.277  30.529  35.714  30.017  29.542  36.150  29.905  30.490  35.179
  30.965  30.817  34.765  28.829  30.121  33.921  28.916  31.844  34.417  28.809
  30.464  35.387  27.482  29.303  35.500  27.116  31.464  35.889  26.779  32.347
  35.900  27.254  31.256  36.621  26.109  31.231  38.085  31.028  30.125  38.229
  31.471  32.219  38.981  31.189  33.155  38.730  30.908  32.041  40.164  31.983
  31.363  39.911  32.800  33.427  40.534  32.610  34.093  40.556  31.756  33.350
  41.944  33.230  34.294  42.174  33.711  33.321  42.662  32.409  32.524  41.990
  33.933  33.843  39.394  33.535  34.024  38.475  32.988  33.076  39.191  34.282
  35.209  39.744  34.143  35.018  40.497  34.913  35.596  38.879  34.684  35.858
  40.107  33.344  31.285  41.338  31.199  31.602  41.699  30.072  30.161  41.784
  31.788  29.934  41.450  32.715  29.153  42.590  31.031  28.996  42.216  30.028
  27.756  42.540  31.719  27.794  42.846  32.765  27.490  41.495  31.906  26.597
  43.257  30.955  26.227  44.325  31.291  26.168  42.645  29.916  26.590  41.777
  29.616  25.529  43.181  29.341  29.593  44.046  30.967  30.002  44.609  31.967
  29.412  44.680  29.779  29.064  44.190  28.968  29.750  46.074  29.496  30.694
  46.274  29.998  29.964  46.250  28.002  30.859  45.699  27.736  30.070  47.305
  27.746  28.837  45.688  27.356  28.736  46.186  26.539  28.730  47.148  29.985
  28.988  48.314  29.787  27.631  46.777  30.697  27.425  45.811  30.892  26.771
  47.723  31.387  26.765  48.624  30.764  25.288  47.272  31.311  25.137  46.596
  32.152  24.990  46.860  30.349  24.357  48.492  31.508  24.499  49.229  30.726
  24.506  48.946  32.481  22.913  48.019  31.302  22.779  47.067  31.807  22.726
  47.804  30.246  21.953  49.083  31.782  22.311  49.672  32.531  20.663  49.218
  31.536  20.053  48.372  30.832  20.526  47.515  30.572  19.122  48.543  30.484
  19.962  50.261  32.024  20.400  51.132  32.279  18.952  50.266  31.929  27.231
  48.180  32.728  27.271  49.414  32.979  27.539  47.231  33.631  27.231  46.300
  33.396  28.108  47.497  34.964  27.927  48.552  35.189  27.437  46.619  36.101
  27.655  47.052  37.083  27.880  45.624  36.013  26.006  46.506  35.930  25.446
  45.266  35.691  25.969  44.332  35.642  24.106  45.462  35.445  23.568  44.720
  35.019  23.705  46.726  35.518  22.588  47.428  35.113  21.693  46.949  34.725
  22.579  48.850  35.212  21.731  49.411  34.868  23.706  49.569  35.676  23.624
  50.641  35.740  24.832  48.845  35.961  25.678  49.385  36.338  24.901  47.452
  35.761  29.647  47.426  34.967  30.247  48.322  35.621  30.267  46.550  34.187
  29.790  45.895  33.589  31.648  46.257  34.654  31.836  46.681  35.637  31.769
  44.732  35.006  32.679  44.463  35.546  31.780  44.267  34.023  30.915  44.255
  35.487  32.837  46.746  33.771  33.625  47.430  34.377  32.927  46.356  32.476
  32.162  45.874  32.027  33.767  47.035  31.481  34.593  47.507  32.000  34.445
  45.948  30.634  34.894  45.245  31.332  35.275  46.363  30.063  33.333  45.039
  29.513  33.081  48.088  30.649  31.871  48.235  30.553  33.933  48.922  30.012
  34.933  48.826  30.068  33.485  49.920  28.979  32.395  49.938  28.995  34.027
  51.301  29.286  35.086  51.136  29.473  33.584  51.698  30.203  33.846  52.184
  28.034  32.775  52.413  27.486  34.975  52.426  27.354  35.927  52.424  27.689
  34.835  53.025  26.556  33.814  49.387  27.585  34.982  49.254  27.241  32.799
  49.220  26.683  31.821  49.460  26.845  33.029  48.858  25.267  34.015  48.399
  25.159  32.168  47.648  24.870  31.880  47.194  25.818  32.720  46.827  24.429
  30.986  47.952  23.961  30.936  47.406  22.829  30.274  48.911  24.200  32.942
  50.043  24.260  33.185  49.904  23.090  32.543  51.184  24.785  32.459  51.300
  25.784  32.458  52.443  23.976  33.285  52.486  23.271  32.557  53.312  24.623
  31.135  52.650  23.170  30.930  53.744  22.655  30.347  51.564  23.060  30.543
  50.679  23.503  28.995  51.665  22.486  28.830  52.691  22.151  28.923  50.925
  21.117  29.861  51.040  20.580  28.253  51.510  20.492  28.422  49.487  21.051
  27.443  49.371  21.518  29.120  48.850  21.587  28.312  49.156  19.576  29.073
  49.712  19.024  27.333  49.498  19.236  28.430  47.670  19.298  29.209  47.181
  19.711  27.751  46.923  18.452  28.081  45.689  18.369  28.872  45.391  18.919
  27.614  45.092  17.710  26.790  47.338  17.721  26.616  48.307  17.507  26.432
  46.622  17.113  27.817  51.297  23.427  26.852  52.034  23.421  28.054  50.288
  24.261  28.950  49.859  24.083  27.117  49.961  25.401  26.271  49.500  24.902
  27.716  49.033  26.462  28.601  49.484  26.921  26.748  48.535  27.505  27.255
  47.739  28.034  26.467  49.347  28.184  25.862  48.193  26.954  28.174  47.908
  25.686  28.782  48.153  24.989  26.690  51.265  26.114  27.617  51.906  26.590
  25.444  51.745  26.183  24.326  51.212  25.447  23.744  50.505  26.040  24.518
  50.657  24.524  23.403  52.364  25.164  22.361  52.032  25.165  23.792  52.828
  24.255  23.656  53.361  26.368  23.119  53.178  27.304  23.462  54.408  26.094
  25.166  53.124  26.654  25.578  53.882  25.991  25.535  53.393  28.058  25.253
  52.497  28.893  26.045  54.563  28.318  26.175  55.211  27.558  26.175  55.023
  29.701  25.178  55.266  30.082  26.890  55.838  29.665  26.752  54.033  30.633
  26.317  53.893  31.787  27.694  53.150  30.261  28.040  53.264  29.318  28.342
  52.188  31.102  27.538  51.488  31.377  29.422  51.429  30.318  30.226  52.099
  30.014  28.896  51.089  29.426  29.929  50.387  31.111  29.721  49.562  30.664
  28.842  52.734  32.392  29.271  53.863  32.533  28.792  51.900  33.445  28.603
  50.947  33.180  29.211  52.159  34.869  29.259  53.231  35.012  28.162  51.642
  35.912  28.619  51.922  36.856  28.144  50.551  35.858  26.726  52.191  35.851
  26.240  52.079  36.825  26.168  51.574  35.143  26.674  53.705  35.419  26.730
  53.858  34.336  27.362  54.338  35.976  25.299  54.160  35.799  25.125  54.316
  36.778  24.268  54.466  35.040  24.371  54.416  33.750  25.278  54.383  33.316
  23.589  54.612  33.131  23.102  54.841  35.460  23.047  54.836  36.471  22.319
  54.787  34.825  30.639  51.702  35.118  31.127  52.006  36.261  31.299  50.974
  34.236  30.883  50.824  33.330  32.716  50.495  34.285  32.747  49.488  33.870
  33.437  51.354  33.219  33.376  52.380  33.584  32.831  51.195  32.334  34.831
  50.780  32.960  35.175  49.633  33.316  35.755  51.587  32.463  35.612  52.588
  32.479  36.630  51.205  32.124  33.362  50.352  35.754  34.339  51.059  36.009
  32.771  49.519  36.610  31.975  48.999  36.242  33.137  49.408  38.010  33.196
  50.423  38.375  32.045  48.607  38.768  32.398  48.319  39.760  31.936  47.669
  38.212  30.651  49.299  38.914  30.340  49.817  38.008  29.615  48.163  39.397
  28.588  48.521  39.467  29.635  47.263  38.770  29.898  47.876  40.400  30.863
  50.382  39.917  29.846  50.780  39.937  30.996  50.047  40.942  31.558  51.194
  39.682  34.523  48.731  38.223  35.129  48.793  39.299  35.063  48.062  37.210
  34.579  48.002  36.323  36.400  47.494  37.282  36.694  47.347  38.322  36.517
  46.172  36.561  37.564  46.010  36.298  35.942  46.182  35.633  35.971  44.758
  37.435  37.424  48.508  36.691  38.632  48.191  36.790  37.019  49.651  36.036
  36.050  49.896  35.947  37.992  50.524  35.368  37.456  51.372  34.938  38.873
  51.274  36.442  39.559  50.535  36.840  38.350  51.631  37.330  39.639  52.461
  35.941  39.101  53.315  35.241  40.872  52.629  36.382  41.420  51.943  36.879
  41.298  53.546  36.376  38.772  49.911  34.213  39.873  50.310  33.961  38.161
  49.083  33.358  37.250  48.743  33.608  38.851  48.460  32.174  39.784  48.970
  31.942  39.201  46.931  32.395  39.745  46.653  31.486  40.226  46.731  33.573
  40.718  45.775  33.385  40.991  47.504  33.487  39.682  46.889  34.503  38.025
  45.951  32.536  37.500  45.990  31.578  37.472  46.238  33.424  38.355  44.421
  32.697  39.048  44.218  33.516  37.472  43.831  32.960  38.757  43.954  31.802
  38.026  48.667  30.895  36.776  48.666  30.951  38.611  48.835  29.709  40.082
  49.022  29.509  40.720  48.325  30.066  40.390  50.033  29.772  40.261  48.608
  28.054  40.403  47.527  27.999  41.073  49.156  27.572  38.921  49.018  27.395
  38.772  48.445  26.474  38.848  50.097  27.269  37.883  48.602  28.476  36.988
  49.219  28.562  37.543  47.152  28.360  38.309  46.302  28.759  36.496  46.848
  27.600  35.920  47.617  27.281  36.155  45.484  27.192  36.115  44.858  28.081
  34.701  45.445  26.600  34.353  44.453  26.306  34.681  46.052  25.701  33.452
  46.032  27.797  37.175  44.714  26.318  37.116  43.493  26.246  38.228  45.429
  25.842  38.205  46.431  25.947  39.370  44.929  25.063  39.001  44.191  24.356
  39.984  46.062  24.203  39.205  46.559  23.629  40.737  45.568  23.586  40.545
  46.991  25.056  41.296  47.471  24.685  40.430  44.285  25.937  41.202  43.462
  25.446  40.449  44.605  27.263  39.937  45.404  27.633  41.179  43.855  28.270
  42.217  43.892  27.934  40.960  44.516  29.602  41.501  44.004  30.397  41.277
  45.564  29.574  39.921  44.448  29.908  40.848  42.317  28.285  41.693  41.475
  28.543  39.555  42.123  28.054  39.021  42.975  27.934  38.877  40.820  28.217
  39.446  40.226  28.933  37.399  40.924  28.513  36.912  39.948  28.531  36.908
  41.435  27.678  37.061  41.746  29.823  37.658  42.652  29.817  35.565  42.139
  29.955  35.364  42.724  30.857  35.405  42.808  29.116  34.899  41.273  29.941
  37.533  41.022  31.062  37.452  41.675  31.922  36.868  40.179  31.268  38.580
  40.782  30.910  39.055  39.999  26.959  38.996  38.771  27.017  39.453  40.610
  25.847  39.711  41.580  25.971  39.732  39.899  24.586  39.116  38.994  24.613
  39.212  40.705  23.367  39.554  40.278  22.421  39.719  41.672  23.400  37.683
  41.004  23.300  37.200  41.222  24.250  37.386  42.092  22.295  36.346  42.295
  22.038  37.745  43.045  22.669  37.880  41.984  21.334  36.952  39.772  22.782
  35.873  39.911  22.876  37.155  39.535  21.735  37.278  38.877  23.314  41.229
  39.586  24.443  41.741  39.217  23.396  42.016  39.707  25.528  41.541  39.923
  26.397  43.372  39.189  25.618  43.808  39.251  24.615  44.203  39.989  26.652
  43.746  39.756  27.608  44.180  41.055  26.396  45.550  39.539  26.672  46.126
  40.297  26.758  43.423  37.703  25.900  42.684  37.189  26.692  44.335  37.066
  25.215  44.955  37.532  24.565  44.727  35.697  25.463  43.852  35.053  25.508
  45.637  35.193  24.316  46.202  34.282  24.507  46.312  35.994  24.021  44.860
  34.902  23.214  45.318  35.247  22.437  45.502  35.491  26.803  45.756  34.324
  27.139  45.943  36.547  27.415  45.887  37.451  26.981  46.410  36.525  28.793
  46.764  35.547  29.146  47.647  37.419  29.013  47.432  38.415  28.629  48.542
  37.035  28.504  47.966  37.610  30.509  48.286  38.744  30.920  47.743  36.632
  31.235  45.237  36.947  29.713  44.876  38.111  29.827  44.724  35.981  30.440
  45.207  35.096  30.331  43.549  36.023  31.325  42.821  36.701  30.869  42.909
  34.579  31.480  42.003  34.655  32.084  42.349  34.201  30.029  41.882  33.224
  29.986  41.703  35.032  29.729  43.135  34.225  29.274  43.855  33.541  32.051
  44.182  33.863  33.035  44.720  33.385  31.409  43.197  32.219  32.324  42.642
  32.267  33.256  42.560  31.902  31.502  43.982  31.476  32.471  43.790  36.651
  32.665  42.785  36.899  33.366  45.025  37.068  33.062  45.760  36.764  32.443
  45.447  37.922  34.198  45.367  37.296  35.077  46.929  38.359  33.993  46.959
  38.986  33.104  47.490  38.994  35.251  48.561  39.207  35.263  47.008  39.913
  35.590  47.319  38.307  36.072  47.750  37.230  33.766  47.804  37.155  32.807
  44.586  39.130  34.304  44.315  39.629  35.398  44.215  39.806  33.186  44.487
  39.381  32.311  43.414  41.022  33.202  43.872  41.720  33.909  43.372  41.763
  31.911  42.779  42.670  32.050  44.343  42.132  31.590  42.934  41.263  31.040
  42.003  40.679  33.644  41.543  41.307  34.607  41.293  39.723  32.932  41.766
  39.377  32.115  39.991  39.208  33.316  39.266  40.021  33.188  39.598  38.007
  32.446  38.617  37.639  32.747  40.283  37.175  32.585  39.444  38.377  31.011
  40.323  38.495  30.645  39.956  38.800  34.813  39.163  39.338  35.589  40.771
  37.851  35.263  41.375  37.437  34.566  40.885  37.441  36.659  39.993  36.892
  36.961  42.019  36.446  36.838  42.818  36.760  36.169  41.497  35.034  36.481
  42.272  34.279  36.529  40.759  34.700  37.210  41.192  35.060  35.432  42.645
  36.272  38.197  43.109  35.290  38.319  43.421  37.019  38.352  41.890  36.409
  38.969  41.089  38.704  37.579  40.374  38.684  38.593  41.905  39.724  37.269
  42.361  39.797  36.366  42.077  40.836  38.162  42.330  40.469  39.156  43.291
  41.671  37.713  43.079  42.725  37.919  43.395  41.564  36.634  44.522  41.285
  38.553  44.599  41.332  39.782  45.525  40.757  37.885  45.430  40.753  36.886
  46.345  40.399  38.357  40.743  41.657  38.267  40.413  42.265  39.299  39.828
  41.579  37.302  40.121  41.124  36.447  38.483  42.121  37.451  38.502  43.088
  37.947  37.879  42.544  36.078  37.879  41.665  35.441  38.492  43.344  35.663
  36.113  43.178  36.147  37.500  41.200  38.300  36.688  41.688  39.107  37.611
  39.878  38.219  38.435  39.407  37.872  36.729  39.086  39.026  35.700  39.411
  38.866  36.886  37.628  38.567  36.186  37.082  39.208  36.500  37.526  37.560
  37.925  37.313  38.716  36.968  39.257  40.552  36.059  38.965  41.281  38.233
  39.664  40.920  38.919  39.738  40.185  38.572  40.062  42.302  38.199  39.213
  42.877  40.133  40.074  42.464  40.301  40.468  43.477  40.546  40.862  41.830
  40.854  38.728  42.400  40.605  38.156  41.500  40.474  38.153  43.251  42.344
  38.877  42.370  42.703  39.615  43.078  42.632  39.250  41.393  43.056  37.525
  42.627  42.788  36.944  41.747  42.636  36.951  43.458  44.518  37.658  42.797
  44.963  36.767  42.988  44.908  38.183  42.027  44.746  38.238  43.598  37.804
  41.365  42.767  37.531  41.474  43.917  37.465  42.183  41.796  37.809  42.006
  40.857  36.645  43.334  42.123  36.943  43.796  43.065  36.827  44.406  41.036
  36.224  45.246  41.367  36.619  44.073  40.022  38.300  44.817  41.082  38.782
  43.947  40.643  38.457  45.091  42.118  38.594  45.991  40.143  38.021  46.860
  40.453  38.197  45.719  39.169  40.116  46.369  40.090  40.729  45.492  39.920
  40.504  46.810  41.011  40.438  47.331  39.024  41.438  47.413  38.917  40.261
  47.018  38.089  40.075  48.266  39.151  35.212  42.837  42.318  34.519  43.175
  43.247  34.701  41.977  41.423  35.346  41.751  40.683  33.238  41.635  41.296
  32.786  42.619  41.344  32.897  40.957  39.918  33.429  40.039  39.689  31.374
  40.706  39.849  31.028  40.474  38.844  31.012  39.909  40.503  30.822  41.566
  40.229  33.199  42.039  38.850  34.222  42.412  38.909  32.516  42.877  39.041
  33.158  41.458  37.418  33.501  42.327  36.874  33.780  40.581  37.248  32.144
  41.220  37.077  32.798  40.775  42.451  31.743  41.062  43.092  33.603  39.777
  42.932  34.449  39.563  42.431  33.193  38.916  44.067  32.229  38.479  43.808
  34.164  37.650  44.121  34.177  37.285  43.096  35.589  37.928  44.660  35.924
  38.880  44.254  35.664  37.884  45.740  36.302  37.188  44.297  33.500  36.487
  44.932  34.214  35.661  44.910  33.177  36.774  45.939  32.645  36.204  44.320
  33.064  39.617  45.357  32.496  39.156  46.367  33.464  40.884  45.366  33.732
  41.259  44.469  33.396  41.890  46.402  33.197  41.386  47.341  34.822  42.525
  46.685  34.931  43.236  47.494  35.122  43.120  45.825  35.844  41.447  46.696
  36.381  41.522  45.902  32.262  42.896  46.253  32.092  43.720  47.101  31.436
  42.826  45.198  31.728  42.094  44.547  30.352  43.800  44.909  30.719  44.828
  44.932  29.944  43.730  43.412  29.735  42.688  43.178  30.792  43.904  42.745
  28.719  44.666  43.204  27.654  44.178  42.887  28.840  45.871  43.626  29.236
  43.663  45.967  29.047  44.636  46.703  28.549  42.551  46.157  28.761  41.869
  45.446  27.582  42.194  47.267  26.908  43.048  47.168  28.157  42.274  48.193
  26.713  40.979  47.220  26.166  40.599  48.259  26.782  40.222  46.081  27.351
  40.566  45.313  26.182  38.874  45.944  25.615  38.721  46.859  25.276  38.933
  44.798  25.831  38.805  43.857  24.783  39.906  44.766  24.089  37.980  44.738
  23.541  37.469  45.698  23.632  37.746  43.564  23.811  38.272  42.725  22.877
  37.071  43.558  27.233  37.714  45.766  26.934  36.573  45.564  28.565  38.074
  45.724  28.782  39.051  45.608  29.567  37.024  45.564  29.375  36.246  46.297
  30.570  37.419  45.683  29.606  36.423  44.193  29.235  37.031  43.225  30.076
  35.186  43.969  30.407  34.706  44.794  30.084  34.476  42.589  30.575  35.101
  41.847  30.845  33.133  42.765  30.967  32.657  41.792  30.273  32.415  43.349
  32.320  33.400  43.304  32.266  33.567  44.382  32.624  34.311  42.789  33.428
  31.997  42.969  33.589  31.920  41.199  33.874  32.912  40.833  34.453  31.329
  40.923  32.704  31.538  40.699  28.660  34.238  42.090  28.531  33.851  40.886
  27.576  34.567  42.811  27.703  34.920  43.755  26.243  34.528  42.288  26.083
  33.523  41.894  25.240  34.842  43.409  24.259  35.032  42.971  25.519  35.767
  43.893  25.108  33.729  44.486  24.341  32.832  44.353  25.903  33.769  45.512
  26.381  34.610  45.827  25.880  32.947  46.094  25.993  35.461  41.025  25.047
  35.246  40.253  26.858  36.431  40.776  27.731  36.453  41.282  26.729  37.365
  39.633  25.814  37.934  39.779  27.778  38.469  39.691  27.628  39.117  38.832
  27.546  39.084  40.553  28.795  38.072  39.682  26.678  36.705  38.273  26.037
  37.285  37.297  27.409  35.607  38.075  27.850  35.146  38.860  27.628  34.995
  36.683  27.528  35.652  35.814  29.084  34.355  36.765  29.154  33.643  35.946
  29.044  33.749  37.665  30.191  35.359  36.845  30.632  36.131  35.841  30.196
  36.009  34.865  31.699  36.899  36.174  32.250  37.475  35.552  32.054  36.666
  37.476  33.052  37.251  38.302  33.597  38.132  37.976  33.313  36.577  39.501
  34.100  37.011  40.110  32.538  35.539  39.970  32.742  35.263  40.994  31.392
  35.136  39.242  30.720  34.489  39.795  31.159  35.628  37.916  26.519  33.889
  36.485  26.278  33.095  37.429  25.882  33.806  35.310  26.163  34.443  34.589
  24.804  32.790  35.071  24.308  32.738  36.044  23.751  33.171  34.000  23.580
  34.217  34.275  24.194  33.166  32.518  23.413  33.542  31.866  24.988  33.899
  32.423  24.535  32.189  32.181  22.486  32.343  34.159  21.725  32.738  33.487
  22.658  31.270  34.064  22.082  32.520  35.149  25.352  31.352  34.839  24.648
  30.433  35.207  26.548  31.145  34.256  26.962  31.966  33.842  27.220  29.873
  34.422  26.632  29.208  33.794  28.679  29.976  34.002  29.253  29.075  34.213
  28.605  30.181  32.940  29.107  30.704  34.689  27.194  29.364  35.859  26.767
  28.221  36.119  27.564  30.216  36.805  27.730  31.171  36.510  27.670  29.956
  38.208  28.133  28.963  38.211  28.530  30.961  38.899  27.938  31.848  39.099
  29.328  31.134  38.182  29.112  30.395  40.115  30.298  29.668  40.229  30.942
  29.491  39.389  30.440  29.095  41.417  31.116  28.414  41.714  29.407  29.525
  42.276  29.022  29.297  43.592  29.531  28.624  44.280  27.890  29.934  44.198
  27.614  29.792  45.232  27.173  30.869  43.468  26.379  31.500  43.853  27.487
  31.076  42.083  26.898  31.700  41.417  28.569  30.418  41.437  26.310  29.655
  38.810  26.166  28.665  39.426  25.376  30.558  38.581  25.619  31.409  38.077
  24.088  30.417  39.210  24.263  30.391  40.280  23.094  31.539  38.898  22.114
  31.221  39.248  23.020  31.764  37.835  23.387  32.828  39.608  24.157  33.283
  38.977  23.781  32.710  40.628  22.174  33.827  39.639  22.533  34.683  40.215
  21.394  33.362  40.250  21.750  34.250  38.275  20.895  33.850  37.905  22.341
  35.032  37.390  21.906  35.048  36.222  21.041  34.610  35.943  22.187  35.766
  35.570  23.448  35.770  37.723  23.813  35.731  38.672  23.850  36.458  37.101
  23.406  29.095  38.823  22.817  28.513  39.745  23.437  28.706  37.519  23.928
  29.333  36.897  22.646  27.622  36.929  22.017  27.218  37.718  21.707  28.364
  35.963  21.338  27.636  35.245  22.040  29.203  35.348  20.474  28.924  36.681
  20.525  29.797  37.598  19.349  28.495  36.203  19.280  27.814  35.453  18.544
  28.927  36.621  23.324  26.368  36.314  22.627  25.351  36.203  24.674  26.357
  36.217  25.241  27.128  36.523  25.413  25.136  35.862  24.768  24.273  35.988
  25.745  25.081  34.321  26.388  24.214  34.170  26.241  26.024  34.064  24.441
  25.018  33.478  23.677  25.738  33.781  23.984  24.043  33.605  24.875  25.263
  32.002  24.237  24.588  31.435  25.912  25.022  31.780  24.552  26.608  31.544
  24.170  27.290  32.185  24.921  27.229  30.442  25.331  26.630  29.349  25.344
  25.629  29.294  25.812  27.186  28.648  25.020  28.547  30.352  24.597  29.081
  31.096  25.248  28.932  29.445  26.636  24.861  36.750  27.268  23.882  36.451
  26.927  25.645  37.787  26.333  26.442  37.978  27.969  25.272  38.757  28.411
  24.353  38.368  29.056  26.343  38.685  29.768  26.020  39.447  28.655  27.282
  39.073  29.930  26.593  37.077  27.465  25.067  40.193  27.631  24.026  40.868
  26.785  26.109  40.701  26.527  26.852  40.081  26.232  26.194  42.092  27.016
  26.200  42.848  25.473  27.513  42.287  24.659  27.577  41.560  26.137  28.334
  42.011  25.061  27.737  43.716  25.926  27.881  44.369  24.487  26.896  44.081
  24.121  28.986  43.892  23.127  28.728  43.521  24.494  29.845  43.327  23.901
  29.409  45.307  24.875  29.698  45.718  23.470  28.682  46.000  23.040  30.516
  45.385  22.877  30.832  46.331  23.453  31.317  44.931  22.146  30.316  44.962
  25.395  24.934  42.376  24.598  24.568  41.595  25.795  24.196  43.385  26.521
  24.649  43.934  25.189  22.958  43.926  24.119  23.094  43.800  25.244  22.994
  45.016  25.626  21.626  43.284  25.151  20.595  43.732  26.541  21.665  42.319
  27.107  22.500  42.273  27.140  20.442  41.754  26.505  19.580  41.980  27.193
  20.499  40.262  27.504  19.550  39.835  25.811  20.660  39.657  25.139  19.993
  40.200  25.458  21.684  39.754  25.824  20.424  38.590  28.009  21.628  39.911
  27.687  22.407  40.361  28.482  20.213  42.430  29.081  21.157  43.023  29.003
  19.037  42.295  28.475  18.372  41.738  30.372  18.623  42.714  30.540  19.127
  43.676  30.553  17.136  42.986  30.404  16.623  42.034  29.755  16.912  43.693
  31.884  16.818  43.784  32.088  15.663  44.170  32.781  17.703  43.806  31.432
  19.252  41.769  32.244  18.597  41.165  31.531  20.592  41.829  30.817  21.065
  42.356  32.524  21.464  41.101  32.467  21.189  40.045  32.246  22.970  41.320
  32.786  23.525  40.558  30.818  23.358  41.161  30.834  24.424  40.955  30.389
  22.729  40.373  30.291  23.145  42.097  32.666  23.537  42.629  33.747  23.500
  42.724  32.385  24.581  42.765  32.246  22.932  43.440  34.023  21.128  41.408
  34.932  21.481  40.688  34.323  20.371  42.428  33.533  19.984  42.918  35.641
  19.866  42.699  36.316  20.699  42.503  35.824  19.326  44.086  35.556  18.266
  44.033  35.141  19.811  44.782  37.229  19.712  44.533  37.208  20.786  44.727
  37.903  19.495  43.703  37.709  18.877  45.753  37.888  19.293  46.896  38.000
  17.672  45.580  37.902  17.279  44.656  38.190  17.154  46.436  36.098  18.945
  41.530  37.276  18.823  41.236  35.161  18.410  40.763  34.182  18.430  40.977
  35.359  17.759  39.431  35.934  16.858  39.652  34.054  17.527  38.721  34.186
  16.992  37.778  33.403  16.942  39.373  33.630  18.508  38.519  36.320  18.469
  38.525  37.374  17.885  38.119  36.047  19.756  38.228  35.293  20.239  38.694
  36.817  20.475  37.183  36.758  19.842  36.292  36.216  21.857  36.975  36.735
  22.250  36.097  36.455  22.448  37.855  34.805  21.952  36.691  33.862  22.322
  37.580  34.080  22.775  38.543  32.657  21.844  37.154  31.789  21.838  37.668
  32.707  21.296  35.932  31.808  20.610  35.126  30.860  20.564  35.632  32.248
  20.058  33.862  31.571  19.572  33.173  33.577  20.222  33.433  33.879  19.776
  32.498  34.515  20.819  34.329  35.575  20.908  34.112  34.145  21.290  35.584
  38.231  20.633  37.703  39.110  21.015  36.883  38.674  20.228  38.897  38.024
  19.742  39.508  40.125  20.073  39.272  40.701  20.176  38.357  40.508  21.195
  40.193  41.529  21.033  40.561  40.344  22.555  39.454  40.822  23.370  39.999
  40.908  22.427  38.533  39.294  22.770  39.276  39.684  21.139  41.439  39.598
  20.094  41.755  38.675  21.513  41.258  40.255  21.982  42.553  39.619  21.849
  43.429  41.274  21.617  42.734  40.182  23.049  42.338  40.678  18.706  39.750
  41.839  18.545  40.216  39.929  17.588  39.530  38.988  17.679  39.164  40.450
  16.217  39.688  41.114  16.235  40.544  39.373  15.118  39.950  39.838  14.158
  40.162  38.778  14.999  39.045  38.501  15.393  41.181  38.017  16.353  40.989
  38.997  15.454  42.147  37.405  14.363  41.362  37.860  13.404  41.634  36.740
  14.285  40.506  36.574  14.717  42.571  36.876  14.459  43.503  35.307  15.058
  42.742  34.452  15.069  41.706  34.754  14.664  40.831  33.545  15.507  41.824
  34.814  15.270  43.932  35.328  15.129  44.791  33.857  15.558  44.042  41.361
  15.812  38.479  41.290  16.437  37.430  42.275  14.838  38.619  42.326  14.391
  39.526  43.277  14.535  37.558  42.852  14.543  36.550  43.781  13.583  37.700
  44.364  15.605  37.417  45.500  15.172  37.097  44.155  16.881  37.719  43.208
  17.161  37.919  45.202  17.885  37.768  45.907  17.708  36.957  44.611  19.236
  37.551  45.444  19.896  37.287  44.077  19.513  38.460  43.405  19.425  36.254
  45.968  17.769  39.086  45.382  17.559  40.153  47.299  17.850  39.108  47.774
  17.843  38.216  48.107  18.153  40.330  47.463  18.350  41.180  48.980  16.920
  40.594  49.684  16.723  39.783  48.354  16.026  40.660  49.637  16.946  41.970
  50.121  16.007  42.212  48.801  16.993  42.674  50.706  18.033  42.248  50.781
  18.009  43.339  50.302  19.023  42.036  51.950  17.734  41.516  52.192  16.778
  41.279  52.815  18.622  41.169  53.950  18.287  40.708  54.244  17.326  40.761
  54.615  19.031  40.563  52.524  19.857  41.332  51.658  20.110  41.772  53.158
  20.599  41.057  48.756  19.505  40.076  49.491  19.605  39.091  48.196  20.499
  40.764  47.588  20.215  41.522  48.375  21.906  40.652  48.003  22.255  39.689
  47.667  22.728  41.744  48.063  23.734  41.657  47.809  22.342  42.759  46.087
  22.837  41.590  45.846  23.580  42.351  45.744  23.419  40.273  44.666  23.568
  40.377  46.151  24.425  40.166  45.975  22.686  39.503  45.388  21.543  41.713
  44.382  21.864  41.954  45.399  20.910  40.823  45.729  21.034  42.609  49.828
  22.277  40.689  50.562  22.096  41.688  50.367  22.778  39.689  28.487  39.353
  36.304  28.863  39.789  34.865  28.151  38.929  33.871  28.866  40.082  37.031
  28.961  38.393  36.516  27.387  39.372  36.389  29.962  39.721  34.800  28.559
  40.819  34.661  27.073  39.088  33.925  28.455  37.889  34.005  28.410  39.393
  32.913
  42.346  32.499  22.172  41.737  32.975  22.831  43.010  33.156  21.807  41.844
  32.093  21.402  43.029  31.370  22.832  43.616  30.744  22.155  44.073  31.754
  23.927  43.566  32.439  24.612  44.923  32.187  23.414  44.635  30.528  24.700
  44.981  29.685  24.098  43.867  30.166  25.382  45.866  30.797  25.585  45.682
  31.609  26.296  46.726  31.169  25.042  46.149  29.545  26.400  46.223  28.694
  25.722  45.403  29.324  27.160  47.417  29.681  27.127  47.623  28.876  27.707
  48.194  29.843  26.508  47.271  30.442  27.788  41.964  30.540  23.423  40.975
  31.158  23.863  42.119  29.199  23.480  42.911  28.892  22.928  41.375  28.229
  24.311  40.545  28.735  24.791  40.725  27.036  23.573  41.535  26.441  23.164
  39.852  27.561  22.503  39.497  26.785  21.827  38.920  27.947  22.926  40.295
  28.316  21.838  39.922  26.077  24.453  39.448  25.324  23.828  40.532  25.540
  25.176  39.163  26.644  25.002  42.310  27.754  25.409  43.534  27.477  25.172
  41.800  27.777  26.633  40.865  28.148  26.696  42.553  27.164  27.766  43.633
  27.280  27.624  42.344  28.074  29.015  42.464  27.425  29.883  41.319  28.437
  29.069  43.297  29.194  29.031  43.075  30.427  28.325  42.191  30.518  27.712
  43.997  31.417  28.383  43.764  32.363  27.912  45.084  31.288  29.286  45.665
  32.174  29.468  45.395  30.093  29.910  46.241  30.032  30.573  44.502  29.021
  29.803  44.676  28.096  30.324  42.308  25.650  28.009  41.210  25.129  27.776
  43.364  24.954  28.449  44.260  25.396  28.585  43.263  23.592  28.959  44.237
  23.100  28.888  42.521  22.963  28.445  42.707  23.809  30.381  43.114  24.715
  31.135  41.809  22.873  30.702  41.655  22.175  29.993  41.100  22.790  32.060
  40.400  23.619  32.075  40.296  21.442  32.236  41.006  20.613  32.191  39.638
  21.407  31.362  39.486  21.349  33.505  38.878  22.229  33.728  40.161  21.193
  34.351  38.551  20.099  33.500  37.865  20.155  32.655  38.011  20.208  34.434
  39.367  18.829  33.451  39.625  18.473  32.543  39.748  18.139  34.507  40.494
  17.078  34.345  40.512  16.635  33.441  40.876  16.585  35.139  39.612  18.488
  35.724  39.465  19.482  35.851  40.062  17.943  36.437  42.142  22.985  33.218
  41.970  23.888  34.017  43.194  22.203  33.240  43.199  21.434  32.581  44.224
  22.286  34.290  43.714  22.485  35.232  44.939  20.949  34.342  45.736  20.950
  35.085  45.519  20.729  33.440  43.994  19.414  34.652  45.186  23.483  34.095
  45.650  23.922  35.135  45.472  24.023  32.914  45.180  23.614  32.033  46.224
  25.222  32.691  47.217  25.117  33.134  46.382  25.348  31.118  45.427  25.381
  30.586  46.889  24.447  30.796  47.192  26.562  30.654  48.225  26.545  31.005
  46.836  27.502  31.064  47.290  26.729  29.110  46.273  26.591  28.441  48.381
  27.121  28.675  45.504  26.469  33.340  46.159  27.389  33.881  44.143  26.473
  33.242  43.680  25.731  32.736  43.309  27.462  33.886  43.730  28.455  33.748
  41.893  27.379  33.249  41.582  26.344  33.376  42.016  27.562  32.175  40.717
  28.180  33.808  40.494  28.007  34.863  40.862  29.696  33.606  39.981  30.241
  33.936  41.761  30.073  34.093  41.045  29.829  32.532  39.416  27.824  33.025
  38.627  28.468  33.423  39.569  28.017  31.960  39.185  26.758  33.142  43.210
  27.274  35.379  43.128  28.305  36.096  43.110  26.051  35.807  43.145  25.311
  35.117  43.108  25.740  37.202  42.248  26.237  37.672  42.863  24.226  37.405
  42.450  24.075  38.401  42.093  23.865  36.727  43.816  23.694  37.314  44.499
  26.183  37.793  44.605  26.787  38.864  45.590  26.010  37.026  45.516  25.419
  36.215  46.879  26.559  37.297  47.174  26.240  38.299  47.892  25.844  36.318
  48.918  26.224  36.404  47.861  24.766  36.474  47.675  25.971  35.258  46.996
  28.117  37.234  47.661  28.762  38.060  46.255  28.743  36.312  45.892  28.186
  35.553  46.121  30.144  36.254  47.105  30.601  36.149  45.354  30.494  34.955
  45.555  31.561  34.869  45.629  29.879  34.091  44.303  30.289  35.157  45.399
  30.760  37.532  45.994  31.553  38.225  44.384  30.077  37.900  44.040  29.352
  37.283  43.448  30.463  39.003  43.250  31.535  38.960  42.059  29.816  38.824
  41.438  29.915  39.718  42.184  28.789  38.477  41.238  30.541  37.791  41.799
  30.421  36.868  41.103  31.577  38.098  39.590  29.937  37.644  39.088  31.399
  36.618  39.183  32.316  37.194  39.671  31.489  35.701  38.024  31.298  36.399
  44.097  30.245  40.371  44.115  31.146  41.208  44.836  29.188  40.489  44.882
  28.477  39.778  45.654  28.896  41.716  45.054  29.105  42.598  46.047  27.402
  41.783  46.628  27.243  40.870  45.189  26.731  41.710  46.903  26.920  43.033
  47.888  27.388  43.008  47.019  25.837  42.927  46.187  27.157  44.356  45.161
  26.806  44.230  46.120  28.240  44.501  46.971  26.584  45.547  48.023  26.852
  45.494  46.988  25.494  45.542  46.236  27.069  46.727  46.419  28.050  46.892
  45.244  26.880  46.698  46.658  26.626  47.540  46.943  29.702  41.763  47.239
  30.273  42.783  47.687  29.908  40.674  47.314  29.500  39.823  48.798  30.945
  40.589  49.441  30.609  41.409  49.638  31.008  39.351  49.754  29.962  39.085
  50.566  31.433  39.757  49.158  31.947  38.172  48.943  32.954  38.530  48.250
  31.433  37.877  50.108  31.988  36.933  50.839  32.754  37.196  49.715  32.410
  36.010  50.732  30.689  36.746  51.405  30.461  37.453  50.374  29.711  35.922
  49.626  29.835  34.867  49.254  30.745  34.617  49.362  29.069  34.270  50.792
  28.470  36.196  51.497  28.422  36.911  50.648  27.781  35.467  48.327  32.306
  41.025  49.021  32.940  41.810  47.129  32.784  40.598  46.617  32.250  39.910
  46.648  34.145  40.984  47.486  34.817  41.097  45.764  34.709  39.833  45.427
  35.716  40.072  44.885  34.116  39.619  46.464  34.803  38.526  45.930  34.540
  37.224  46.926  34.897  36.380  46.857  34.933  35.300  47.890  35.536  37.053
  48.690  35.930  36.580  47.709  35.357  38.427  48.251  35.674  39.308  45.959
  34.121  42.310  45.151  35.034  42.515  46.123  33.060  43.094  46.661  32.299
  42.730  45.624  32.995  44.439  46.118  33.807  44.974  45.786  31.989  44.842
  44.168  33.136  44.770  43.802  33.437  45.919  43.347  32.902  43.791  43.796
  32.565  42.951  41.878  32.939  43.853  41.513  33.870  44.303  41.314  32.825
  42.379  40.253  32.629  42.551  41.639  31.982  41.768  41.451  34.091  41.490
  42.475  34.460  41.516  41.214  33.743  39.997  41.109  34.645  39.395  42.095
  33.188  39.677  40.374  33.069  39.804  40.456  35.187  41.844  40.671  36.077
  41.249  39.441  34.836  41.658  40.559  35.501  42.879  41.351  31.726  44.625
  40.277  31.827  45.233  42.139  30.627  44.673  43.057  30.741  44.273  41.793
  29.513  45.492  40.796  29.150  45.226  42.748  28.388  45.249  43.745  28.800
  45.445  42.786  28.143  44.192  42.402  27.184  46.129  41.279  26.711  46.436
  43.397  26.487  46.440  41.690  29.856  47.038  42.572  30.424  47.612  40.543
  29.677  47.641  39.932  29.047  47.155  40.090  30.121  48.999  39.106  29.654
  49.134  40.753  29.421  50.213  41.661  29.964  50.477  40.918  28.385  49.936
  39.861  29.239  51.473  38.706  28.890  51.368  40.404  29.449  52.656  41.397
  29.639  52.694  39.830  29.387  53.482  39.868  31.626  49.130  39.332  32.076
  50.138  40.129  32.478  48.085  40.397  32.113  47.178  39.896  33.922  48.157
  40.378  34.260  49.078  40.494  34.659  46.971  39.913  34.313  46.111  41.530
  34.364  46.776  40.261  36.171  46.902  39.538  36.684  45.841  39.094  36.009
  45.125  39.303  38.075  45.724  38.739  38.420  44.864  39.741  38.935  46.748
  39.627  40.316  46.700  39.889  40.774  47.501  40.474  38.401  47.789  41.017
  38.956  48.537  40.849  37.008  47.876  41.420  36.523  48.658  38.402  34.311
  48.285  37.569  33.780  47.560  37.939  35.179  49.197  38.610  35.788  49.633
  36.594  35.310  49.617  36.578  35.725  50.622  35.787  36.257  48.701  34.749
  36.203  49.051  35.743  35.754  47.738  36.383  37.669  48.626  35.893  38.244
  47.842  37.429  37.563  48.338  36.283  38.400  49.977  35.713  37.867  50.739
  35.771  39.332  49.728  37.592  38.842  50.469  38.170  38.233  51.033  38.182
  39.980  50.128  37.717  40.985  49.388  36.852  40.928  48.866  38.295  41.786
  49.192  39.407  40.101  50.465  39.974  39.442  50.980  39.846  40.995  50.349
  35.871  33.951  49.822  34.637  33.842  49.625  36.602  32.919  50.240  37.603
  33.026  50.150  36.070  31.609  50.524  35.237  31.698  51.210  36.838  31.068
  51.074  35.739  30.636  49.400  35.637  29.400  49.608  35.633  31.110  48.134
  35.863  32.085  47.998  35.254  30.318  46.988  34.362  29.803  47.363  34.784
  31.157  45.820  34.549  30.527  44.961  35.539  31.874  45.494  33.575  31.974
  46.080  32.288  31.339  46.120  32.225  30.278  45.985  31.129  32.125  46.289
  30.192  31.594  46.215  31.197  33.410  46.721  30.046  34.067  46.942  30.170
  34.892  47.429  32.455  34.057  46.771  32.570  35.003  47.286  33.635  33.379
  46.440  34.571  33.909  46.484  36.310  29.302  46.703  37.485  29.600  46.829
  35.993  28.020  46.374  34.990  27.900  46.254  36.877  26.895  46.032  37.723
  26.886  46.724  36.143  25.507  46.278  35.271  25.686  46.893  36.802  24.898
  46.910  35.835  24.824  45.090  35.578  23.940  45.364  37.426  26.979  44.605
  36.684  27.485  43.685  38.699  26.561  44.350  39.334  26.375  45.117  39.258
  26.616  42.994  39.428  27.671  42.778  40.620  25.870  42.983  40.280  24.857
  43.210  41.222  26.324  43.771  41.428  25.823  41.696  40.875  25.239  40.959
  41.768  27.130  41.065  42.277  26.941  40.123  40.852  27.688  40.845  42.291
  27.824  41.720  42.712  25.032  42.006  43.375  25.093  41.149  43.255  25.548
  42.804  42.383  24.051  42.352  38.372  26.080  41.859  38.277  26.535  40.714
  37.623  25.023  42.241  37.689  24.766  43.224  36.688  24.391  41.338  36.233
  23.543  41.854  37.196  23.973  40.459  35.543  25.257  40.806  35.112  25.125
  39.651  35.111  26.164  41.667  35.589  26.231  42.552  34.030  27.134  41.483
  33.171  26.676  40.987  33.569  27.767  42.778  32.886  28.592  42.573  34.447
  28.056  43.366  32.754  26.778  43.589  31.600  26.578  43.412  33.395  26.153
  44.512  34.406  26.183  44.563  32.794  25.588  45.106  34.544  28.194  40.503
  33.967  28.376  39.436  35.763  28.754  40.725  36.229  28.611  41.613  36.355
  29.704  39.786  35.624  30.511  39.701  37.697  30.277  40.366  38.169  30.992
  39.692  38.399  29.451  40.492  37.637  31.016  41.687  38.182  30.616  42.838
  38.562  29.614  43.008  38.012  31.552  43.826  38.368  31.391  44.756  37.320
  32.633  43.327  36.818  33.887  43.854  37.090  34.098  44.879  36.211  34.802
  42.997  35.906  35.741  43.416  36.007  34.584  41.621  35.530  35.301  40.975
  36.509  33.381  41.094  36.377  33.168  40.038  37.115  32.396  41.922  36.477
  29.202  38.312  36.086  29.833  37.386  36.901  27.915  38.196  37.044  27.466
  39.091  37.002  27.156  36.926  37.563  27.780  36.242  37.879  25.908  37.105
  37.389  25.325  37.878  38.138  25.077  35.825  38.630  24.135  36.093  37.201
  24.702  35.418  38.798  25.580  35.112  39.277  26.230  37.619  39.709  25.279
  37.948  39.923  26.501  36.789  39.242  26.952  38.429  35.652  26.852  36.282
  35.475  27.038  35.141  34.644  26.435  37.077  34.862  26.346  38.056  33.385
  25.982  36.574  33.640  25.208  35.852  32.617  25.316  37.680  32.452  25.980
  38.532  33.282  24.554  38.095  31.004  24.626  37.134  32.511  27.022  35.887
  31.769  26.727  34.937  32.619  28.268  36.379  33.227  28.372  37.182  31.977
  29.437  35.808  30.962  29.077  35.662  32.029  30.620  36.711  31.324  31.352
  36.327  31.774  30.297  37.718  33.053  30.998  36.677  32.519  29.702  34.419
  31.730  29.667  33.456  33.837  29.704  34.248  34.512  29.547  34.984  34.437
  29.878  32.870  34.032  30.735  32.321  35.931  30.073  32.974  36.375  30.264
  31.997  36.126  30.959  33.580  36.335  29.195  33.473  34.166  28.698  31.918
  34.028  28.923  30.726  33.966  27.467  32.447  33.945  27.452  33.458  33.656
  26.251  31.767  34.327  26.091  30.923  33.701  25.034  32.714  33.141  25.253
  33.626  34.713  24.908  33.107  33.170  23.672  32.187  32.149  23.818  31.824
  33.168  22.903  32.958  33.925  23.177  31.018  34.773  22.684  31.487  34.359
  23.974  30.413  33.165  22.153  30.118  32.256  22.577  29.700  32.899  21.233
  30.624  34.142  21.836  28.994  34.377  22.666  28.480  34.990  21.401  29.333
  33.818  21.160  28.306  32.262  26.427  31.097  32.060  26.233  29.911  31.295
  26.939  31.838  31.433  26.931  32.847  29.892  27.069  31.409  29.807  26.447
  30.518  28.954  26.453  32.426  27.951  26.499  32.004  28.998  26.976  33.378
  29.189  24.954  32.675  29.159  24.098  31.547  28.885  24.448  30.554  29.484
  22.726  31.623  29.410  22.074  30.773  29.800  22.240  32.907  30.080  21.209
  33.079  29.779  23.067  34.076  29.954  22.679  35.070  29.453  24.398  33.920
  29.578  25.128  34.699  29.533  28.455  30.842  28.628  28.633  30.008  30.367
  29.529  31.060  30.983  29.453  31.856  30.375  30.748  30.293  29.338  31.069
  30.257  31.203  31.838  30.920  31.295  32.606  30.149  32.210  31.469  31.087
  30.650  32.412  32.217  31.352  33.169  32.571  30.589  31.674  33.018  29.186
  32.987  32.102  28.508  33.110  31.026  28.669  33.348  33.152  30.890  30.542
  28.861  30.163  30.687  27.895  32.184  30.126  28.735  32.689  29.892  29.584
  32.895  30.250  27.507  32.296  30.858  26.824  34.148  31.149  27.734  33.751
  32.147  27.963  34.629  31.170  26.759  35.072  30.793  28.731  35.036  31.473
  29.402  33.234  28.927  26.833  33.654  28.866  25.680  33.188  27.828  27.589
  32.907  27.875  28.561  34.073  26.674  27.347  34.125  26.106  28.274  33.563
  25.813  26.183  33.939  26.186  25.235  32.473  25.835  26.113  33.876  24.319
  26.161  34.439  23.856  27.103  33.648  23.567  25.114  33.406  24.038  24.249
  34.118  22.671  25.082  35.557  27.145  27.197  36.334  26.644  26.337  35.996
  28.102  28.040  35.316  28.539  28.650  37.402  28.588  28.141  37.367  29.231
  29.032  38.362  27.421  28.459  39.425  27.661  28.556  38.417  26.749  27.608
  37.862  26.563  29.595  38.065  25.189  29.473  38.533  24.811  28.574  37.926
  24.416  30.635  38.324  23.430  30.535  37.372  24.899  31.813  37.392  24.271
  32.682  36.938  26.236  31.908  36.630  26.633  32.856  37.227  27.056  30.754
  37.081  28.120  30.901  37.860  29.395  26.855  39.103  29.690  26.780  36.967
  29.782  25.928  35.985  29.585  26.059  37.238  30.743  24.772  38.099  30.355
  24.220  36.040  30.773  23.802  35.158  31.199  24.274  35.885  29.730  23.498
  36.307  31.521  22.469  37.390  31.995  22.223  35.408  31.488  21.517  34.417
  31.321  21.658  35.624  31.832  20.590  37.590  32.217  25.348  36.650  32.854
  25.758  38.804  32.781  25.150  39.464  32.265  24.591  39.113  34.171  25.428
  38.804  34.409  26.447  40.646  34.473  25.350  40.749  35.554  25.484  41.396
  33.690  26.464  42.450  33.968  26.461  41.190  34.116  27.450  41.183  32.640
  26.291  41.291  34.098  24.119  41.656  34.868  23.675  38.356  35.138  24.551
  38.432  36.380  24.763  37.722  34.700  23.472  37.758  33.735  23.175  36.984
  35.595  22.556  37.357  36.604  22.739  37.379  35.390  21.095  36.862  36.138
  20.489  37.065  34.370  20.872  38.889  35.490  20.880  39.165  34.994  19.945
  39.379  34.925  21.664  39.365  37.013  20.765  39.510  37.456  19.627  39.543
  37.786  21.793  39.245  37.341  22.652  39.844  38.753  21.797  35.457  35.667
  22.858  34.668  36.296  22.136  34.988  34.946  23.883  35.636  34.407  24.425
  33.607  34.725  24.098  33.362  34.007  23.320  33.459  33.935  25.381  32.417
  33.628  25.524  34.108  33.065  25.227  33.922  34.491  26.189  32.742  35.996
  24.158  33.238  36.920  24.811  31.686  36.087  23.366  31.382  35.302  22.809
  30.939  37.383  23.184  30.964  37.916  24.137  31.438  38.190  21.938  30.542
  38.766  21.678  32.641  39.061  22.266  32.938  39.544  21.336  32.255  39.785
  22.979  33.488  38.527  22.666  31.889  37.329  20.876  32.747  36.963  21.104
  29.495  37.127  23.020  29.168  36.367  22.094  28.647  37.519  23.913  28.990
  38.076  24.672  27.204  37.296  23.948  26.962  36.984  22.925  26.949  36.102
  24.927  27.192  36.404  25.951  27.668  35.369  24.571  25.532  35.616  24.777
  25.255  34.767  23.941  24.625  36.127  25.558  24.829  36.845  26.256  23.661
  35.955  25.318  26.361  38.568  24.138  26.717  39.347  25.034  25.396  38.818
  23.343  25.013  38.113  22.726  24.600  40.027  23.323  25.233  40.835  23.696
  24.301  40.389  21.790  23.708  39.570  21.387  25.247  40.420  21.252  23.493
  41.645  21.570  22.760  41.675  22.376  23.074  41.576  20.574  24.289  42.938
  21.685  24.818  42.955  22.640  23.539  43.718  21.811  25.070  43.111  20.435
  25.842  42.461  20.308  24.791  43.941  19.436  25.452  43.898  18.361  26.172
  43.207  18.154  25.040  44.351  17.558  23.720  44.703  19.435  23.065  44.611
  20.192  23.451  45.336  18.698  23.337  39.993  24.195  22.456  39.052  24.136
  23.106  41.048  25.022  23.845  41.740  25.066  21.937  41.392  25.798  21.431
  40.554  26.264  22.466  42.282  26.901  21.747  42.720  27.591  22.923  43.181
  26.494  23.487  41.603  27.851  24.673  41.446  27.553  22.910  41.035  28.905
  21.943  41.228  29.100  23.569  40.535  29.486  20.959  42.201  24.945  21.275
  42.673  23.875  19.745  42.392  25.483  19.549  41.997  26.390  18.698  43.184
  24.771  18.817  43.028  23.702  17.344  42.546  25.222  16.527  43.099  24.751
  17.204  41.042  24.864  16.191  40.676  25.038  17.375  41.025  23.793  17.911
  40.402  25.387  17.138  42.717  26.581  16.287  42.402  26.923  18.668  44.719
  25.040  17.720  45.253  24.561  19.749  45.265  25.603  20.525  44.679  25.864
  19.898  46.668  25.972  19.032  47.254  25.681  19.893  46.791  27.550  19.059
  46.185  27.906  19.727  47.846  27.767  21.123  46.217  28.298  21.849  45.508
  27.561  21.216  46.374  29.555  21.201  47.266  25.422  21.726  48.159  26.075
  21.775  46.764  24.324  21.332  46.070  23.727  22.978  47.324  23.855  23.002
  48.377  24.110  22.957  47.229  22.767  24.206  46.668  24.434  25.260  46.578
  23.856  24.078  45.966  25.605  23.233  46.053  26.161  25.265  45.330  26.163
  26.100  45.956  25.837  25.269  45.421  27.672  25.093  46.477  27.889  26.240
  45.116  28.088  24.284  44.580  28.183  23.531  44.780  27.627  25.635  43.949
  25.699  24.782  43.241  25.137  26.944  43.647  25.922  27.536  44.327  26.377
  27.536  42.326  25.595  26.756  41.592  25.422  28.437  42.497  24.255  29.058
  43.382  24.397  29.300  41.263  23.964  29.854  41.384  23.038  30.076  41.165
  24.729  28.669  40.388  23.862  27.570  42.791  23.118  27.021  43.492  23.463
  28.352  41.864  26.845  28.818  42.680  27.589  28.687  40.590  26.860  28.205
  40.026  26.172  29.549  39.994  27.831  29.704  40.763  28.589  28.821  38.801
  28.484  29.461  38.254  29.176  28.586  38.063  27.716  27.481  39.157  29.191
  26.540  38.335  29.060  27.420  40.218  29.936  30.847  39.500  27.126  30.731
  38.798  26.197  31.966  39.805  27.732  31.890  40.348  28.575  33.310  39.722
  27.121  33.137  39.250  26.159  33.962  41.049  26.757  34.916  40.882  26.271
  34.156  41.551  27.708  33.154  41.866  25.822  33.482  41.892  24.429  34.332
  41.328  24.079  32.783  42.647  23.524  33.002  42.540  22.474  31.917  43.555
  24.029  31.288  44.349  23.104  30.830  45.080  23.518  31.579  43.528  25.393
  30.728  44.053  25.783  32.228  42.763  26.328  32.026  42.660  27.381  34.266
  38.801  27.866  34.438  38.906  29.073  34.950  37.923  27.132  34.791  37.931
  26.133  36.115  37.175  27.542  36.748  37.758  28.209  36.706  37.036  26.639
  35.965  35.816  28.173  34.781  35.361  28.339  37.062  35.239  28.601  37.926
  35.737  28.436  36.912  33.869  29.202  36.418  33.205  28.495  38.278  33.298
  29.518  38.878  33.831  28.785  38.745  33.733  30.918  38.729  34.805  31.083
  38.097  33.291  31.680  39.763  33.414  31.123  38.369  31.784  29.308  37.958
  31.605  28.324  37.720  31.302  30.040  39.763  31.170  29.454  39.730  30.089
  29.380  40.301  31.592  28.594  40.145  31.499  30.416  35.900  33.707  30.393
  35.230  32.668  30.593  35.709  34.820  31.089  36.216  35.650  30.803  34.789
  34.906  32.206  34.591  33.893  32.582  35.527  35.603  33.330  34.876  35.783
  34.183  35.735  36.606  32.964  36.885  35.044  33.776  37.659  35.105  33.008
  36.830  33.569  34.097  37.750  33.195  34.564  36.045  33.418  34.836  36.626
  33.008  33.187  37.325  35.837  35.031  38.232  35.352  35.380  37.513  36.860
  34.705  36.619  35.656  35.840  33.433  35.555  31.799  32.775  35.877  32.790
  33.087  35.933  30.607  33.678  35.775  29.803  31.761  36.544  30.310  31.828
  36.979  29.313  30.757  35.383  30.185  29.732  35.717  30.359  30.964  34.590
  30.894  30.827  34.624  28.875  30.147  33.772  28.912  31.842  34.270  28.751
  30.417  35.522  27.705  29.265  35.639  27.304  31.418  36.091  27.049  32.360
  35.996  27.392  31.231  36.855  26.419  31.333  37.781  31.186  30.148  37.880
  31.615  32.196  38.765  31.435  33.142  38.620  31.119  31.947  39.959  32.221
  31.290  39.628  33.021  33.317  40.332  32.833  34.080  40.363  32.056  33.148
  41.763  33.465  34.096  42.167  33.801  32.739  42.407  32.689  32.505  41.673
  34.342  33.755  39.322  33.934  33.620  38.318  33.549  33.043  39.422  34.759
  35.140  39.336  34.562  35.246  40.311  35.037  35.237  38.525  35.292  35.912
  39.186  33.807  31.212  41.045  31.352  31.654  41.215  30.245  30.234  41.754
  31.900  29.991  41.611  32.875  29.288  42.635  31.176  29.264  42.131  30.204
  27.943  42.550  31.880  28.097  43.012  32.862  27.732  41.483  31.956  26.784
  43.213  31.160  26.380  44.313  31.529  26.318  42.642  30.042  26.706  41.773
  29.731  25.579  43.093  29.522  29.643  44.098  30.973  30.178  44.755  31.869
  29.249  44.636  29.819  28.836  44.031  29.131  29.621  45.966  29.397  30.549
  46.283  29.884  29.858  45.962  27.854  30.608  45.173  27.819  30.236  46.934
  27.577  28.767  45.663  27.078  28.509  46.317  26.431  28.568  47.085  29.860
  28.907  48.197  29.512  27.460  46.808  30.574  27.210  45.831  30.660  26.618
  47.836  31.197  26.674  48.778  30.663  25.143  47.433  31.246  24.900  46.616
  31.929  24.940  47.081  30.242  24.280  48.649  31.626  24.595  49.497  31.022
  24.313  48.963  32.672  22.794  48.381  31.303  22.464  47.367  31.510  22.776
  48.446  30.212  21.770  49.330  31.829  22.002  49.730  32.722  20.477  49.262
  31.661  19.890  48.388  30.889  20.449  47.665  30.454  18.909  48.436  30.667
  19.763  50.198  32.225  20.325  50.967  32.569  18.762  50.268  32.062  27.124
  48.190  32.578  26.810  49.271  33.086  27.950  47.369  33.192  28.306  46.587
  32.660  28.242  47.386  34.630  27.856  48.355  34.950  27.503  46.152  35.213
  27.851  46.103  36.241  27.828  45.241  34.703  25.975  46.310  35.255  25.189
  45.360  34.615  25.544  44.439  34.165  23.913  45.804  34.610  23.134  45.337
  34.173  23.763  47.074  35.193  22.664  47.920  35.401  21.687  47.527  35.135
  22.835  49.080  36.204  21.974  49.673  36.483  24.153  49.559  36.476  24.327
  50.542  36.880  25.241  48.683  36.248  26.237  48.976  36.545  25.071  47.376
  35.668  29.745  47.433  34.896  30.271  48.277  35.609  30.520  46.604  34.220
  30.127  45.900  33.614  31.881  46.296  34.723  32.024  46.718  35.726  31.986
  44.769  35.043  32.851  44.678  35.697  32.213  44.283  34.098  31.112  44.254
  35.443  32.999  46.821  33.836  34.010  47.297  34.370  32.729  46.866  32.547
  31.891  46.371  32.271  33.653  47.190  31.454  34.523  47.686  31.890  34.182
  45.923  30.697  34.461  45.241  31.505  35.142  46.216  30.265  33.201  44.918
  29.580  32.967  48.245  30.546  31.728  48.388  30.474  33.779  48.906  29.829
  34.767  48.695  29.863  33.440  49.835  28.759  32.362  49.929  28.927  34.097
  51.181  28.974  35.176  51.137  28.855  33.950  51.547  29.991  33.582  52.244
  28.064  32.418  52.271  27.644  34.448  53.108  27.634  35.400  53.062  27.966
  34.229  53.781  26.907  33.811  49.281  27.343  34.966  49.004  27.097  32.901
  49.058  26.394  31.935  49.331  26.569  33.176  48.854  24.954  34.243  48.700
  24.777  32.466  47.594  24.358  32.454  46.804  25.099  33.115  47.205  23.558
  31.104  47.791  23.807  30.696  46.953  22.933  30.439  48.795  24.209  32.862
  50.066  24.090  32.932  50.078  22.869  32.570  51.188  24.717  32.539  51.163
  25.728  32.400  52.472  24.111  33.054  52.602  23.253  32.555  53.172  24.930
  31.036  52.697  23.399  30.588  53.820  23.238  30.261  51.631  23.071  30.643
  50.740  23.330  28.888  51.828  22.480  28.550  52.862  22.469  28.910  51.288
  21.057  29.681  51.811  20.493  28.009  51.631  20.550  29.051  49.754  20.878
  28.592  49.231  21.719  30.097  49.452  20.883  28.484  49.271  19.549  29.083
  49.814  18.816  27.405  49.414  19.587  28.565  47.768  19.399  29.225  47.289
  19.990  27.800  47.036  18.656  27.777  45.730  18.905  28.441  45.482  19.622
  27.484  45.172  18.115  26.997  47.482  17.687  26.876  48.470  17.484  26.445
  46.879  17.100  27.687  51.162  23.200  26.560  51.592  23.004  27.914  50.242
  24.121  28.852  49.894  24.278  26.940  49.919  25.214  26.031  49.444  24.849
  27.609  49.056  26.271  28.528  49.530  26.616  26.555  48.723  27.365  26.880
  47.868  27.964  26.410  49.515  28.105  25.540  48.579  26.996  27.970  47.793
  25.695  28.146  48.119  24.809  26.611  51.232  25.899  27.532  51.789  26.433
  25.357  51.776  25.892  24.203  51.120  25.232  23.693  50.536  25.994  24.449
  50.515  24.358  23.213  52.335  24.783  22.217  51.915  24.678  23.550  52.768
  23.844  23.424  53.339  25.908  22.759  53.128  26.747  23.334  54.396  25.654
  24.915  53.117  26.298  25.478  53.812  25.693  25.112  53.416  27.812  24.641
  52.703  28.626  25.857  54.483  28.141  26.127  55.079  27.380  25.984  54.911
  29.504  24.969  55.176  29.779  26.664  55.754  29.576  26.432  53.931  30.594
  25.882  54.022  31.687  27.370  53.105  30.237  27.774  53.308  29.330  27.914
  52.030  31.057  27.158  51.282  31.314  29.000  51.308  30.348  29.785  51.974
  30.021  28.527  50.811  29.499  29.444  50.223  31.119  29.902  49.571  30.594
  28.462  52.553  32.385  28.687  53.773  32.566  28.751  51.684  33.395  28.498
  50.733  33.160  29.267  52.107  34.735  29.330  53.196  34.759  28.383  51.694
  35.968  28.826  52.112  36.869  28.481  50.614  36.063  26.916  52.040  35.896
  26.401  51.808  36.824  26.502  51.452  35.068  26.659  53.457  35.529  26.803
  53.691  34.484  27.272  54.159  36.104  25.297  53.888  35.855  24.933  53.755
  36.780  24.386  54.397  35.076  24.610  54.778  33.918  25.548  54.882  33.538
  23.855  54.827  33.254  23.173  54.608  35.593  22.927  54.274  36.520  22.431
  54.908  34.986  30.736  51.714  35.057  31.169  52.104  36.088  31.339  50.876
  34.254  30.840  50.690  33.400  32.777  50.601  34.335  32.882  49.623  33.867
  33.500  51.580  33.405  33.595  52.556  33.890  32.954  51.793  32.476  34.911
  50.979  33.081  35.292  49.880  33.483  35.723  51.651  32.424  35.674  52.661
  32.350  36.433  51.146  31.915  33.357  50.404  35.753  34.485  50.896  36.046
  32.734  49.563  36.550  31.770  49.440  36.280  33.143  49.298  37.960  33.179
  50.245  38.487  32.178  48.358  38.652  32.484  48.089  39.663  32.113  47.500
  37.994  30.818  49.037  38.895  30.372  49.229  37.926  29.844  48.109  39.706
  28.922  48.662  39.857  29.559  47.234  39.111  30.170  47.840  40.707  30.950
  50.397  39.664  30.018  50.644  40.179  31.703  50.108  40.402  31.274  51.224
  39.040  34.618  48.693  38.126  35.329  48.910  39.167  34.999  47.805  37.125
  34.471  47.778  36.260  36.373  47.289  37.100  36.650  47.090  38.130  36.391
  46.026  36.227  37.447  45.772  36.101  35.844  46.139  35.290  35.871  44.504
  37.083  37.391  48.320  36.596  38.590  48.110  36.799  37.009  49.466  35.994
  36.011  49.648  36.030  37.827  50.580  35.451  37.111  51.272  35.007  38.466
  51.468  36.533  39.216  50.947  37.124  37.666  51.856  37.155  39.087  52.745
  36.090  38.756  53.405  35.133  40.038  53.095  36.876  40.258  52.473  37.633
  40.624  53.854  36.551  38.742  50.193  34.278  39.847  50.679  34.212  38.146
  49.516  33.303  37.155  49.358  33.364  38.800  48.972  32.174  39.556  49.699
  31.867  39.455  47.547  32.328  39.954  47.288  31.398  40.556  47.748  33.336
  41.266  46.938  33.181  41.134  48.628  33.059  40.156  47.787  34.349  38.576
  46.364  32.833  37.641  46.326  32.271  38.306  46.431  33.884  39.309  45.013
  32.675  38.603  44.235  32.952  39.669  44.894  31.654  40.194  44.972  33.308
  37.898  48.815  30.964  36.706  48.561  31.098  38.469  48.992  29.737  39.763
  49.523  29.418  40.483  49.023  30.059  39.807  50.595  29.642  39.907  49.300
  27.909  40.395  48.332  27.779  40.362  50.147  27.383  38.462  49.238  27.353
  38.397  48.587  26.482  38.200  50.247  27.041  37.626  48.704  28.528  36.631
  49.146  28.560  37.546  47.172  28.350  38.492  46.467  28.722  36.475  46.675
  27.696  35.659  47.211  27.446  36.356  45.163  27.488  36.478  44.615  28.425
  34.949  44.991  26.913  34.658  43.946  27.030  34.963  45.266  25.859  33.595
  45.848  27.723  37.391  44.628  26.507  37.446  43.384  26.324  38.126  45.560
  25.847  37.949  46.535  26.045  39.285  45.186  25.032  38.891  44.489  24.285
  39.832  46.389  24.250  39.170  46.795  23.490  40.693  46.031  23.688  40.322
  47.455  25.061  41.072  47.840  24.619  40.474  44.503  25.821  41.180  43.667
  25.267  40.559  44.800  27.086  39.859  45.462  27.383  41.511  44.243  28.076
  42.517  44.166  27.648  41.542  45.210  29.282  42.154  44.774  30.073  41.942
  46.202  29.055  40.495  45.226  29.581  41.030  42.885  28.579  41.913  42.030
  28.884  39.736  42.530  28.576  39.011  43.195  28.313  39.301  41.108  28.789
  39.774  40.705  29.691  37.743  41.080  29.113  37.485  40.077  29.450  37.188
  41.283  28.195  37.294  41.982  30.305  37.684  42.986  30.188  35.745  42.138
  30.236  35.449  42.783  31.050  35.474  42.699  29.341  35.225  41.186  30.364
  37.782  41.617  31.766  37.134  42.144  32.464  37.702  40.550  31.962  38.779
  42.038  31.921  39.530  40.237  27.539  39.769  39.047  27.744  39.726  40.818
  26.319  39.436  41.769  26.139  39.927  40.028  25.058  39.396  39.075  25.126
  39.495  40.796  23.851  39.801  40.289  22.936  40.074  41.697  23.674  38.007
  41.111  23.730  37.581  41.608  24.607  37.756  41.926  22.481  36.675  41.997
  22.359  38.248  42.892  22.573  38.183  41.479  21.583  37.251  39.818  23.615
  36.193  40.039  23.541  37.659  39.380  22.707  37.422  39.198  24.502  41.379
  39.479  24.913  41.765  39.020  23.876  42.160  39.695  25.924  41.722  40.061
  26.752  43.547  39.251  26.058  44.103  39.572  25.178  44.086  40.002  27.263
  43.530  39.701  28.152  43.896  41.051  27.020  45.525  39.876  27.302  45.826
  40.165  28.165  43.479  37.721  26.060  42.657  37.080  26.716  44.386  37.080
  25.310  45.018  37.676  24.796  44.790  35.657  25.437  43.884  35.058  25.453
  45.625  35.161  24.256  46.177  34.279  24.564  46.372  35.941  24.089  44.823
  34.945  23.176  44.866  35.686  22.575  45.468  35.368  26.745  45.350  34.246
  27.232  46.086  36.390  27.395  46.251  37.221  26.862  46.498  36.405  28.752
  46.909  35.444  29.052  47.761  37.364  28.957  47.528  38.341  28.546  48.571
  36.996  28.325  48.106  37.571  30.462  48.830  38.518  30.842  47.643  36.697
  31.238  45.340  36.841  29.636  45.044  38.015  29.672  44.735  35.867  30.365
  45.217  34.994  30.533  43.585  36.043  31.233  42.899  36.744  30.769  42.870
  34.682  31.298  42.118  34.811  32.083  42.223  34.240  29.950  41.573  33.358
  30.008  41.488  34.974  29.636  42.984  34.051  29.196  43.770  33.458  31.817
  44.311  33.745  32.719  44.582  33.259  31.113  43.077  32.091  32.153  42.274
  32.090  32.900  42.784  31.671  31.201  43.822  31.377  32.496  43.854  36.729
  32.581  42.914  37.020  33.355  45.111  37.079  32.885  45.864  36.931  32.240
  45.520  37.773  34.182  45.412  37.217  35.111  47.013  38.153  34.014  47.177
  38.972  33.311  47.560  38.596  35.333  48.534  39.053  35.208  46.922  39.399
  35.717  47.527  37.807  36.084  47.708  36.962  33.784  47.859  36.947  32.833
  44.747  39.133  34.310  44.179  39.414  35.341  44.496  39.911  33.201  45.076
  39.663  32.409  43.658  41.089  33.092  44.172  41.891  33.626  43.681  41.548
  31.615  43.172  42.505  31.666  44.742  41.733  31.423  43.257  40.833  30.909
  42.250  40.842  33.588  41.746  41.688  34.331  41.683  39.741  33.098  42.262
  39.235  32.440  40.340  39.271  33.447  39.537  39.988  33.264  39.929  38.025
  32.667  39.067  37.500  33.052  40.719  37.293  32.481  39.505  38.572  31.393
  40.294  38.896  30.942  40.248  38.773  34.945  39.349  39.233  35.606  41.244
  38.079  35.486  41.934  37.594  34.926  41.244  37.751  36.990  40.388  37.103
  37.177  42.488  36.923  37.451  43.379  37.316  36.968  42.358  35.516  36.912
  43.214  34.931  37.242  41.414  35.021  37.167  42.398  35.531  35.821  42.731
  36.941  38.939  43.445  36.156  39.184  43.274  37.868  39.121  41.826  36.870
  39.538  41.175  39.053  37.783  40.235  39.225  38.629  42.003  39.969  37.463
  42.646  39.951  36.687  42.074  41.170  38.305  42.000  40.896  39.360  43.401
  41.853  38.124  43.416  42.732  38.762  43.524  42.056  37.060  44.476  40.988
  38.687  44.796  41.051  39.843  45.160  40.219  37.861  44.940  40.137  36.874
  45.978  39.754  38.211  40.763  42.034  38.195  40.490  42.928  39.005  39.721
  41.703  37.299  39.927  40.991  36.617  38.348  42.230  37.393  38.403  43.254
  37.758  37.827  42.355  35.936  37.822  41.359  35.500  38.541  43.041  35.480
  36.092  42.893  35.834  37.335  41.353  38.235  36.618  41.804  39.125  37.589
  40.038  38.101  38.279  39.622  37.500  36.796  39.089  38.961  35.738  39.320
  38.897  36.814  37.641  38.411  36.060  36.985  38.847  36.496  37.680  37.373
  37.810  37.190  38.499  37.020  39.247  40.427  36.047  39.269  41.205  38.237
  39.589  40.812  38.942  39.640  40.085  38.634  40.083  42.111  38.322  39.346
  42.854  40.148  40.287  42.225  40.422  40.827  43.125  40.517  40.831  41.354
  40.884  38.940  42.368  40.799  38.309  41.487  40.375  38.438  43.189  42.398
  39.117  42.612  42.631  39.518  43.604  42.958  39.680  41.879  42.962  37.622
  42.758  42.758  37.012  41.878  42.373  37.140  43.540  44.415  37.631  43.105
  44.615  36.640  43.207  44.953  37.964  42.315  44.659  38.140  43.946  37.913
  41.327  42.580  37.926  41.614  43.786  37.305  42.182  41.724  37.363  41.918
  40.757  36.522  43.338  42.164  36.845  43.757  43.116  36.846  44.460  41.166
  36.370  45.322  41.628  36.436  44.321  40.171  38.369  44.791  40.998  38.916
  43.900  40.705  38.740  45.040  41.991  38.572  45.894  39.970  38.157  46.786
  40.452  38.072  45.726  39.007  40.074  46.174  39.763  40.550  45.361  39.210
  40.584  46.312  40.717  40.211  47.401  38.945  41.026  47.384  38.358  39.398
  47.572  38.359  40.375  48.257  39.461  35.019  43.006  42.272  34.342  43.447
  43.212  34.581  42.128  41.338  35.271  41.781  40.697  33.164  41.662  41.227
  32.473  42.499  41.162  32.914  40.837  39.951  33.585  39.991  40.077  31.516
  40.261  39.851  31.411  39.481  39.083  31.030  39.889  40.751  30.864  41.106
  39.625  33.251  41.615  38.657  34.247  42.045  38.762  32.671  42.531  38.599
  33.191  40.945  37.227  33.652  41.580  36.473  33.600  39.941  37.257  32.167
  40.792  36.878  32.786  40.854  42.462  31.669  40.882  42.882  33.681  40.031
  43.016  34.606  39.875  42.630  33.350  39.091  44.132  32.481  38.477  43.908
  34.461  38.121  44.356  34.647  37.635  43.401  35.811  38.554  44.958  36.302
  39.178  44.215  35.576  39.219  45.791  36.413  37.681  45.215  33.975  36.969
  45.256  34.768  36.232  45.380  33.708  37.366  46.243  33.076  36.464  44.891
  32.920  39.894  45.435  32.172  39.404  46.298  33.475  41.079  45.523  34.032
  41.392  44.744  33.355  41.986  46.632  33.076  41.452  47.542  34.733  42.533
  46.822  34.638  43.286  47.612  34.982  43.118  45.932  35.704  41.576  47.057
  36.495  41.962  46.695  32.255  43.076  46.426  32.082  43.939  47.226  31.545
  43.058  45.263  31.711  42.297  44.622  30.463  43.986  44.959  30.746  45.024
  45.082  29.927  43.721  43.507  29.544  42.713  43.355  30.774  43.922  42.847
  28.816  44.740  43.203  27.697  44.286  42.759  28.961  45.931  43.385  29.309
  43.803  45.952  28.956  44.806  46.611  28.787  42.581  46.144  28.873  41.919
  45.382  27.913  42.317  47.285  27.051  42.987  47.263  28.472  42.344  48.220
  27.208  41.005  47.290  26.562  40.655  48.230  27.370  40.237  46.189  27.878
  40.641  45.409  26.643  38.962  45.953  26.069  38.771  46.861  25.686  39.187
  44.788  26.267  39.057  43.875  25.307  40.200  44.707  24.426  38.291  44.832
  23.821  38.022  45.841  23.881  37.891  43.692  24.228  38.245  42.814  22.947
  37.503  43.746  27.557  37.709  45.742  27.077  36.617  45.982  28.755  37.918
  45.229  28.934  38.882  44.984  29.914  37.012  45.031  30.064  36.403  45.929
  30.811  37.622  45.035  29.774  36.245  43.773  29.262  36.798  42.830  30.149
  35.010  43.727  30.451  34.549  44.571  30.000  34.185  42.530  30.509  34.698
  41.718  30.576  32.792  42.794  30.401  32.053  42.006  30.188  32.289  43.685
  32.109  32.917  42.919  32.421  33.287  43.901  32.412  33.714  42.245  33.230
  31.568  42.488  32.802  31.318  40.765  31.887  31.886  40.585  33.549  31.609
  40.024  32.648  30.276  40.501  28.564  34.163  41.923  28.391  33.878  40.748
  27.463  34.386  42.719  27.634  34.588  43.695  26.062  34.666  42.258  25.668
  33.744  41.824  25.217  35.043  43.470  24.217  35.309  43.125  25.562  35.956
  43.964  25.124  33.958  44.506  24.439  32.902  44.247  25.864  34.045  45.589
  26.375  34.901  45.732  26.051  33.271  46.208  25.984  35.661  41.134  24.977
  35.642  40.413  27.003  36.518  40.983  27.806  36.357  41.579  27.152  37.360
  39.820  26.300  38.030  39.878  28.432  38.166  39.888  28.432  38.824  39.028
  28.487  38.828  40.748  29.244  37.427  39.861  26.963  36.702  38.441  26.301
  37.197  37.560  27.577  35.542  38.192  28.150  35.186  38.942  27.548  34.784
  36.932  27.407  35.373  36.025  28.807  33.948  36.803  28.792  33.276  35.942
  28.909  33.370  37.720  29.986  34.822  36.610  30.412  35.401  35.448  29.863
  35.244  34.535  31.573  36.112  35.718  32.002  36.586  34.948  31.993  35.946
  37.037  33.202  36.261  37.692  33.945  36.886  37.217  33.370  35.948  39.005
  34.169  36.327  39.613  32.446  35.117  39.645  32.572  34.870  40.687  31.295
  34.730  38.930  30.542  34.115  39.406  31.038  35.104  37.597  26.295  33.875
  36.716  25.965  33.141  37.609  25.725  33.854  35.491  26.264  34.318  34.770
  24.581  32.873  35.235  23.949  32.863  36.121  23.697  33.398  34.115  23.431
  34.434  34.363  24.313  33.221  32.672  23.539  33.419  31.936  25.052  34.021
  32.604  24.731  32.224  32.552  22.409  32.643  34.197  21.640  33.134  33.587
  22.434  31.618  33.831  22.058  32.612  35.231  25.054  31.476  35.110  24.288
  30.601  35.589  26.308  31.285  34.632  26.894  32.055  34.346  26.901  29.975
  34.425  26.288  29.363  33.759  28.228  30.191  33.750  28.635  29.184  33.600
  28.014  30.610  32.766  28.791  30.893  34.365  27.045  29.282  35.733  26.912
  28.075  35.851  27.393  30.112  36.709  27.621  31.046  36.424  27.480  29.721
  38.104  28.010  28.765  38.172  28.308  30.722  38.873  27.861  31.709  38.993
  29.166  30.994  38.261  28.782  30.085  40.147  29.842  29.213  40.160  30.432
  28.914  39.309  29.978  28.749  41.436  30.611  27.995  41.671  29.184  29.431
  42.363  28.984  29.342  43.677  29.520  28.583  44.223  28.059  30.132  44.354
  27.957  30.058  45.426  27.263  31.061  43.598  26.585  31.716  44.115  27.452
  31.139  42.225  26.986  31.916  41.628  28.336  30.289  41.509  26.163  29.475
  38.799  25.884  28.324  39.227  25.214  30.427  38.854  25.535  31.383  38.808
  23.847  30.310  39.378  23.934  30.094  40.440  22.989  31.605  39.057  21.938
  31.379  39.219  23.162  31.768  37.993  23.300  32.853  39.827  24.273  33.268
  39.583  23.366  32.517  40.871  22.201  33.873  39.682  22.774  34.722  40.075
  21.435  33.672  40.432  21.763  34.269  38.330  20.867  33.895  38.054  22.328
  35.223  37.612  21.685  35.746  36.600  20.740  35.444  36.423  22.141  36.535
  36.155  23.497  35.724  37.935  24.088  35.297  38.636  23.831  36.493  37.371
  23.159  29.060  38.881  22.448  28.419  39.656  23.284  28.751  37.594  23.876
  29.336  37.021  22.467  27.741  36.935  21.889  27.329  37.766  21.447  28.430
  36.045  21.013  27.577  35.520  21.950  29.175  35.430  20.211  29.174  36.755
  20.368  29.935  37.693  19.003  28.752  36.402  18.880  28.291  35.509  18.261
  28.900  37.066  23.218  26.524  36.346  22.503  25.605  35.895  24.638  26.518
  36.383  25.189  27.334  36.557  25.441  25.313  35.993  24.752  24.462  36.071
  25.749  25.388  34.479  26.559  24.725  34.171  26.179  26.371  34.281  24.606
  25.027  33.484  23.766  25.690  33.702  24.416  23.972  33.680  25.007  25.312
  31.996  24.256  24.891  31.319  25.970  24.917  31.693  24.992  26.789  31.756
  24.423  27.305  32.414  25.450  27.429  30.673  25.983  26.778  29.657  26.112
  25.777  29.710  26.384  27.343  28.925  25.356  28.781  30.735  24.816  29.128
  31.515  25.546  29.408  29.964  26.534  24.893  36.879  26.969  23.785  36.621
  26.832  25.605  37.977  26.312  26.472  38.039  27.866  25.227  38.913  28.232
  24.229  38.684  29.106  26.133  38.920  29.788  25.736  39.669  28.811  27.112
  39.299  29.875  26.411  37.259  27.326  25.073  40.320  27.702  24.119  41.050
  26.420  25.919  40.767  26.134  26.715  40.208  25.982  26.024  42.129  26.721
  26.136  42.921  25.107  27.285  42.199  24.082  27.082  41.901  25.532  28.132
  41.644  25.015  27.697  43.704  25.999  27.703  44.186  24.342  27.012  44.210
  24.352  29.107  43.851  23.359  29.162  43.399  24.968  29.904  43.424  24.208
  29.369  45.338  25.174  29.505  45.828  23.642  28.542  45.765  23.454  30.669
  45.437  23.456  31.013  46.382  23.947  31.377  44.913  22.511  30.685  45.065
  25.181  24.768  42.524  24.427  24.164  41.669  25.455  24.201  43.679  26.204
  24.591  44.237  24.875  23.004  44.161  23.823  23.032  43.870  24.952  22.788
  45.224  25.516  21.748  43.523  25.288  20.658  44.110  26.327  21.824  42.475
  26.757  22.727  42.338  26.938  20.657  41.766  26.298  19.784  41.754  27.328
  20.922  40.298  27.593  20.079  39.648  26.208  21.543  39.479  25.321  20.914
  39.526  26.152  22.626  39.635  26.537  21.325  38.469  28.408  21.769  40.227
  28.200  22.626  40.577  28.331  20.360  42.438  28.876  21.242  43.011  28.946
  19.191  42.249  28.552  18.408  41.753  30.327  18.951  42.710  30.471  19.463
  43.662  30.522  17.413  42.990  30.728  16.868  42.075  29.599  16.938  43.314
  31.836  17.159  43.792  31.800  16.109  44.457  32.921  17.784  43.553  31.448
  19.627  41.870  31.963  19.088  40.903  31.594  20.939  42.081  31.095  21.216
  42.911  32.519  21.829  41.420  32.370  21.885  40.341  32.411  23.269  42.021
  33.365  23.776  41.896  31.312  23.922  41.322  31.147  24.929  41.719  31.544
  24.014  40.258  30.467  23.295  41.598  32.152  23.172  43.485  33.052  22.789
  43.972  32.057  24.208  43.801  31.190  22.748  43.789  33.996  21.414  41.553
  34.785  21.953  40.708  34.384  20.583  42.501  33.674  20.119  43.054  35.718
  19.988  42.528  36.426  20.819  42.410  35.961  19.264  43.866  35.452  18.312
  44.014  35.494  19.801  44.703  37.463  19.083  44.315  38.004  20.027  44.318
  37.949  18.408  43.621  37.599  18.561  45.702  37.716  19.324  46.690  37.606
  17.244  45.890  37.313  16.765  45.059  37.511  16.968  46.865  35.998  19.128
  41.307  37.152  18.900  41.010  35.035  18.647  40.482  34.068  18.889  40.598
  35.265  17.748  39.333  35.756  16.816  39.572  33.975  17.373  38.699  34.170
  16.670  37.887  33.336  16.891  39.452  33.511  18.253  38.261  35.972  18.452
  38.087  36.698  17.774  37.340  35.906  19.772  37.959  35.206  20.267  38.488
  36.706  20.489  36.971  36.821  19.786  36.150  35.987  21.801  36.509  36.455
  22.324  35.678  35.962  22.532  37.320  34.548  21.401  36.108  33.469  21.784
  36.852  33.474  22.347  37.774  32.328  21.338  36.208  31.404  21.553  36.563
  32.660  20.637  35.045  31.934  19.882  34.102  30.882  19.666  34.204  32.588
  19.389  32.973  31.995  18.697  32.387  33.948  19.353  32.931  34.535  18.786
  32.224  34.703  19.948  33.916  35.782  19.934  33.797  34.100  20.670  34.972
  38.193  20.679  37.496  38.981  21.159  36.652  38.537  20.132  38.711  37.875
  19.577  39.234  39.999  20.051  39.069  40.543  20.182  38.132  40.331  21.103
  40.151  41.342  20.966  40.525  40.280  22.433  39.443  40.823  23.205  39.998
  40.921  22.284  38.580  39.281  22.771  39.147  39.361  21.091  41.360  39.332
  20.056  41.715  38.363  21.458  41.114  39.920  21.911  42.514  39.168  21.990
  43.300  40.769  21.418  42.984  40.179  22.924  42.218  40.478  18.712  39.523
  41.697  18.540  39.665  39.648  17.674  39.715  38.659  17.854  39.641  40.092
  16.279  39.741  40.657  16.065  40.639  38.822  15.354  39.785  39.250  14.348
  39.735  38.217  15.588  38.917  37.875  15.553  41.081  37.537  16.587  41.089
  38.471  15.388  41.978  36.764  14.516  41.165  37.292  13.569  41.114  36.107
  14.581  40.290  36.097  14.643  42.499  36.651  14.438  43.317  34.935  15.220
  42.771  34.041  15.538  41.905  33.959  15.106  40.991  33.261  16.022  42.325
  34.629  15.460  43.991  35.221  15.084  44.711  33.663  15.743  44.126  40.948
  15.942  38.548  40.715  16.550  37.471  41.939  15.052  38.652  42.081  14.603
  39.537  42.855  14.667  37.579  42.314  14.400  36.677  43.379  13.817  38.016
  43.904  15.701  37.275  44.945  15.311  36.711  43.763  16.950  37.799  42.969
  17.048  38.405  44.865  17.909  37.876  45.536  17.729  37.032  44.429  19.331
  37.690  45.305  19.959  37.523  43.950  19.520  38.652  43.224  19.807  36.414
  45.654  17.718  39.152  45.160  17.429  40.240  46.995  17.881  39.028  47.429
  18.074  38.141  47.838  18.109  40.277  47.226  18.149  41.182  48.927  16.950
  40.534  49.711  16.991  39.786  48.346  16.025  40.412  49.539  16.932  41.889
  50.120  16.028  42.057  48.756  17.022  42.645  50.524  18.055  42.155  50.941
  17.934  43.153  50.052  18.997  41.876  51.684  17.830  41.328  52.022  16.894
  41.148  52.531  18.725  40.927  53.622  18.324  40.333  53.819  17.350  40.175
  54.307  19.002  40.028  52.337  19.960  41.102  51.464  20.276  41.515  52.900
  20.627  40.598  48.502  19.459  40.053  49.396  19.557  39.233  48.000  20.505
  40.772  47.273  20.262  41.432  48.334  21.917  40.490  48.147  22.144  39.438
  47.441  22.770  41.406  47.872  23.775  41.348  47.566  22.393  42.430  45.939
  22.842  41.048  45.512  23.349  41.915  45.636  23.557  39.740  44.568  23.759
  39.707  46.176  24.500  39.662  45.901  22.952  38.866  45.202  21.469  40.974
  44.113  21.462  41.023  45.439  20.973  40.028  45.512  20.807  41.780  49.780
  22.333  40.621  50.474  21.998  41.600  50.221  23.096  39.767  30.042  38.911
  36.503  28.772  39.436  35.846  28.302  38.515  34.743  30.287  39.590  37.331
  30.897  39.011  35.824  29.883  37.877  36.848  28.968  40.376  35.321  28.009
  39.486  36.642  27.202  38.578  34.732  28.572  37.475  34.975  28.738  38.867
  33.804
  42.569  32.350  22.151  41.787  32.718  22.671  43.237  33.101  22.063  42.329
  32.116  21.196  43.150  31.164  22.807  43.526  30.476  22.055  44.132  31.512
  23.903  43.746  32.229  24.634  45.023  31.903  23.409  44.574  30.261  24.731
  44.499  29.439  24.026  43.828  30.093  25.510  45.971  30.436  25.388  45.967
  31.366  25.962  46.738  30.594  24.629  46.205  29.279  26.346  46.010  28.313
  25.874  45.401  29.331  27.081  47.581  29.363  26.904  47.747  28.612  27.555
  48.324  29.203  26.250  47.834  30.180  27.448  41.963  30.217  23.342  40.953
  30.796  23.770  42.077  28.895  23.344  42.798  28.477  22.776  41.356  28.111
  24.353  40.657  28.768  24.868  40.478  27.010  23.719  41.136  26.293  23.216
  39.378  27.577  22.838  38.676  26.829  22.466  38.811  28.206  23.532  39.899
  28.148  22.074  39.667  26.217  24.789  38.916  25.539  24.377  40.443  25.606
  25.254  39.200  26.944  25.451  42.288  27.578  25.406  43.410  27.100  25.125
  41.880  27.755  26.676  41.078  28.328  26.892  42.753  27.293  27.767  43.771
  27.425  27.387  42.432  28.109  29.026  42.530  27.422  29.867  41.457  28.599
  28.925  43.367  29.282  29.238  43.174  30.381  28.431  42.398  30.407  27.676
  44.106  31.450  28.445  44.010  32.239  27.712  45.213  31.384  29.368  45.862
  32.245  29.318  45.337  30.308  30.296  46.043  30.264  31.111  44.454  29.216
  30.201  44.561  28.448  30.954  42.487  25.791  28.025  41.398  25.286  27.632
  43.404  25.071  28.671  44.232  25.528  29.026  43.151  23.702  29.136  44.104
  23.169  29.068  42.401  23.229  28.500  42.553  23.793  30.549  42.849  24.713
  31.281  41.836  22.821  31.102  41.702  22.041  30.486  41.246  22.800  32.427
  40.596  23.660  32.527  40.460  21.470  32.466  41.109  20.600  32.326  39.713
  21.395  31.683  39.880  21.371  33.863  39.382  22.330  34.040  40.704  21.283
  34.568  38.897  20.204  34.010  38.043  20.313  33.335  38.465  20.257  35.003
  39.631  18.934  33.897  39.600  18.538  32.963  40.170  18.183  34.825  40.795
  17.051  34.570  40.813  16.665  33.636  41.325  16.608  35.314  40.324  18.633
  36.037  40.238  19.589  36.341  40.661  17.919  36.666  42.374  22.875  33.467
  42.381  23.760  34.312  43.353  22.002  33.335  43.320  21.447  32.494  44.500
  21.915  34.297  43.979  22.057  35.239  45.123  20.536  34.186  45.920  20.629
  34.928  45.574  20.453  33.194  44.239  19.033  34.639  45.442  23.101  34.119
  45.866  23.584  35.138  45.639  23.618  32.869  45.317  23.147  32.039  46.441
  24.844  32.601  47.413  24.661  33.067  46.611  24.985  31.067  45.608  24.990
  30.665  47.118  24.093  30.699  47.434  26.270  30.719  48.451  25.932  30.927
  47.279  27.143  31.355  47.388  26.716  29.301  46.451  26.604  28.550  48.363
  27.418  28.881  45.751  26.064  33.286  46.485  26.906  33.866  44.432  26.140
  33.315  43.900  25.398  32.882  43.558  27.199  33.834  44.038  28.172  33.723
  42.182  27.114  33.206  41.643  26.205  33.486  42.234  27.115  32.115  41.228
  28.203  33.625  41.077  28.253  34.705  41.689  29.548  33.048  40.899  30.279
  33.181  42.567  29.818  33.636  42.011  29.516  32.006  39.860  27.967  32.989
  39.281  28.896  33.068  40.019  27.678  31.963  39.304  27.151  33.448  43.398
  27.107  35.367  43.255  28.121  36.041  43.428  25.885  35.838  43.075  25.139
  35.253  43.385  25.580  37.283  42.666  26.207  37.788  42.891  24.131  37.582
  42.986  23.868  38.636  41.886  24.025  37.162  43.488  23.385  37.060  44.704
  25.945  37.867  44.689  26.544  38.907  45.867  25.770  37.211  45.805  25.276
  36.330  47.206  26.262  37.632  47.501  26.027  38.654  48.201  25.624  36.655
  49.088  26.252  36.547  48.572  24.634  36.939  47.783  25.601  35.648  47.183
  27.770  37.486  47.747  28.439  38.370  46.610  28.278  36.402  46.387  27.618
  35.675  46.536  29.766  36.177  47.571  30.105  36.253  45.990  30.128  34.804
  46.219  31.140  34.465  46.316  29.471  34.003  44.900  30.191  34.792  45.693
  30.446  37.332  46.159  31.305  38.153  44.429  30.024  37.549  43.997  29.358
  36.934  43.675  30.573  38.736  43.706  31.650  38.547  42.208  30.040  38.736
  41.639  30.421  39.594  42.296  28.959  38.724  41.494  30.506  37.454  42.166
  30.364  36.611  41.416  31.597  37.435  39.961  29.637  37.080  39.132  30.614
  35.740  38.272  30.086  35.306  38.806  31.565  36.166  39.858  30.782  34.951
  44.293  30.370  40.144  43.928  31.071  41.075  45.193  29.422  40.304  45.310
  28.807  39.513  45.790  29.187  41.563  45.039  29.409  42.326  46.064  27.648
  41.798  46.805  27.346  41.057  45.187  26.999  41.836  46.594  27.537  43.246
  45.885  28.145  43.811  47.609  27.907  43.361  46.481  26.087  43.792  47.028
  25.331  43.220  45.467  25.700  43.836  47.031  25.946  45.240  48.056  26.248
  45.437  46.999  24.859  45.399  46.126  26.603  46.206  46.276  27.589  46.048
  45.171  26.282  46.109  46.361  26.437  47.177  47.082  30.085  41.718  47.376
  30.561  42.817  47.808  30.439  40.686  47.686  29.906  39.836  48.880  31.457
  40.690  49.325  31.199  41.651  49.939  31.187  39.646  50.216  30.141  39.502
  50.886  31.698  39.780  49.534  31.638  38.271  49.406  32.718  38.184  48.586
  31.213  37.926  50.551  31.247  37.150  51.459  31.722  37.515  50.109  31.676
  36.256  50.922  29.806  36.832  51.661  29.397  37.373  50.655  29.120  35.705
  49.763  29.485  34.806  49.514  30.467  34.771  49.770  28.989  33.924  51.260
  28.036  35.339  51.970  27.638  35.941  51.108  27.563  34.468  48.437  32.825
  40.810  49.042  33.728  41.380  47.247  33.101  40.364  46.914  32.511  39.607
  46.363  34.306  40.671  47.092  35.107  40.611  45.468  34.626  39.492  44.910
  35.508  39.791  44.777  33.801  39.331  46.192  34.966  38.200  45.768  34.648
  36.879  46.698  35.173  36.042  46.629  35.115  34.964  47.749  35.574  36.837
  48.551  36.038  36.433  47.419  35.611  38.169  47.991  36.029  38.988  45.664
  34.378  42.015  44.968  35.333  42.394  45.949  33.378  42.830  46.235  32.527
  42.373  45.640  33.417  44.262  46.014  34.398  44.552  46.246  32.678  44.780
  44.132  33.340  44.615  43.763  33.555  45.805  43.289  32.864  43.690  43.658
  32.425  42.855  41.819  32.783  43.803  41.513  33.685  44.320  41.217  32.705
  42.379  40.150  32.880  42.534  41.412  31.725  41.964  41.612  33.793  41.337
  42.690  33.718  41.190  40.849  33.549  40.037  41.249  34.090  39.184  40.914
  32.522  39.674  39.824  33.873  40.179  41.233  35.188  41.966  41.195  35.925
  41.163  40.265  35.068  42.466  41.883  35.495  42.786  41.221  31.583  44.598
  40.096  31.636  45.156  42.030  30.537  44.820  43.010  30.662  44.590  41.735
  29.476  45.701  40.846  29.028  45.255  42.841  28.401  45.581  43.740  28.799
  46.067  43.102  28.259  44.531  42.391  27.126  46.206  41.189  26.814  46.431
  43.332  26.287  46.303  41.411  29.934  47.136  42.184  30.598  47.858  40.151
  29.755  47.469  39.513  29.549  46.717  39.677  30.193  48.805  38.624  29.916
  48.848  40.263  29.195  49.878  41.307  29.445  50.026  40.129  28.170  49.537
  39.646  29.375  51.230  38.464  29.073  51.444  40.427  29.654  52.249  41.388
  29.850  52.048  40.083  29.585  53.203  39.586  31.699  49.030  39.239  32.092
  50.166  39.647  32.500  47.986  39.635  32.064  47.073  39.365  33.965  48.053
  39.996  34.371  48.841  39.862  34.566  46.708  39.211  34.120  45.961  40.866
  34.220  46.486  39.739  36.076  46.603  38.699  36.664  45.781  38.117  36.019
  45.147  38.615  38.054  45.708  37.846  38.553  45.145  39.380  38.848  46.468
  39.096  40.165  46.628  39.616  40.531  47.348  40.360  38.243  47.391  40.883
  38.918  48.046  40.564  36.870  47.363  41.371  36.328  47.826  37.880  34.296
  48.279  37.009  33.803  47.544  37.618  35.136  49.286  38.405  35.328  49.887
  36.304  35.263  49.945  36.417  35.729  50.926  35.338  36.131  49.147  34.475
  36.312  49.791  35.094  35.469  48.320  35.959  37.433  48.530  35.157  37.751
  47.860  36.811  37.172  47.897  36.240  38.587  49.518  35.715  38.419  50.455
  35.838  39.515  49.125  37.693  38.645  49.796  38.238  37.927  50.254  38.445
  39.745  49.691  37.944  40.843  49.216  37.030  40.756  48.804  38.395  41.748
  49.217  39.697  39.717  50.071  40.027  38.764  50.125  40.297  40.531  50.093
  35.580  33.896  50.214  34.359  33.761  50.286  36.430  32.879  50.405  37.403
  33.167  50.352  36.075  31.467  50.642  35.250  31.419  51.349  36.864  30.977
  51.204  35.636  30.641  49.439  35.205  29.550  49.681  35.713  31.189  48.189
  36.062  32.111  47.950  35.404  30.381  46.975  34.489  29.814  47.132  35.086
  31.315  45.801  34.922  30.681  44.923  35.894  32.033  45.643  33.755  31.983
  45.960  32.624  31.172  45.753  32.770  30.154  45.419  31.342  31.730  45.944
  30.444  31.167  45.750  31.291  33.041  46.491  30.100  33.696  46.600  30.183
  34.407  47.247  32.452  33.753  46.810  32.357  34.732  47.274  33.664  33.214
  46.540  34.621  33.657  46.755  36.490  29.322  46.625  37.643  29.707  46.499
  36.183  28.033  46.459  35.230  27.714  46.492  37.129  26.976  46.150  38.075
  27.194  46.649  36.657  25.641  46.717  36.756  25.689  47.795  37.315  24.857
  46.335  35.371  25.370  46.361  35.272  24.424  46.539  37.327  26.938  44.649
  36.544  27.252  43.789  38.560  26.528  44.326  39.154  26.345  45.125  39.150
  26.568  42.981  39.290  27.622  42.741  40.512  25.823  43.033  40.222  24.810
  43.283  41.014  26.282  43.881  41.403  25.940  41.734  40.832  25.532  40.905
  41.716  27.348  41.237  42.379  27.276  40.373  40.780  27.845  41.006  42.297
  27.776  42.055  42.728  25.270  42.065  43.495  25.459  41.305  43.068  25.484
  43.079  42.517  24.205  42.205  38.134  25.951  41.889  37.894  26.626  40.869
  37.542  24.751  42.094  37.772  24.212  42.912  36.498  24.217  41.172  35.914
  23.493  41.729  36.935  23.608  40.378  35.456  25.220  40.632  35.054  25.024
  39.439  35.023  26.267  41.338  35.442  26.418  42.242  34.134  27.372  41.026
  33.294  26.903  40.530  33.652  28.129  42.257  32.949  28.902  41.959  34.413
  28.641  42.842  32.898  27.144  43.200  31.675  27.015  43.031  33.647  26.511
  44.125  34.649  26.669  44.104  33.315  25.857  44.819  34.578  28.400  40.034
  33.786  28.794  39.164  35.884  28.787  40.128  36.453  28.322  40.811  36.506
  29.662  39.107  35.804  30.477  38.919  37.848  30.335  39.575  38.221  31.079
  38.870  38.660  29.606  39.632  37.865  30.879  40.966  38.447  30.321  42.061
  39.066  29.442  41.982  38.224  31.113  43.180  38.799  30.940  43.988  37.485
  32.206  42.857  37.114  33.344  43.630  37.452  33.378  44.657  36.471  34.381
  42.997  36.075  35.186  43.597  36.270  34.370  41.639  35.675  35.098  41.111
  36.712  33.291  40.894  36.415  33.327  39.855  37.344  32.193  41.448  36.657
  28.937  37.758  36.235  29.384  36.724  37.113  27.663  37.827  37.376  27.285
  38.721  37.254  26.810  36.630  37.904  27.280  35.887  38.041  25.516  36.946
  37.592  24.996  37.799  38.191  24.524  35.782  38.693  23.614  36.114  37.215
  24.288  35.354  38.699  24.953  34.920  39.428  25.730  37.492  39.810  24.781
  37.865  40.116  26.078  36.720  39.493  26.502  38.258  35.915  26.436  36.067
  35.697  26.527  34.857  34.919  26.211  36.899  35.173  25.935  37.832  33.513
  25.951  36.504  33.548  25.118  35.798  32.627  25.531  37.679  32.552  26.374
  38.365  33.070  24.664  38.170  30.878  25.063  37.220  32.931  27.185  35.777
  32.352  27.083  34.694  33.160  28.363  36.355  33.697  28.431  37.210  32.689
  29.618  35.717  31.616  29.429  35.639  32.920  30.772  36.696  33.983  30.853
  36.906  32.608  31.729  36.272  32.406  30.614  37.643  33.130  29.748  34.292
  32.285  29.872  33.386  34.456  29.617  33.993  35.120  29.442  34.731  34.947
  29.658  32.629  34.494  30.546  32.197  36.449  29.753  32.735  36.891  29.750
  31.732  36.753  30.619  33.318  36.871  28.834  33.128  34.506  28.449  31.803
  34.427  28.518  30.572  34.177  27.293  32.405  34.305  27.308  33.404  33.608
  26.107  31.730  34.329  25.875  30.948  33.551  24.894  32.701  32.800  25.116
  33.464  34.494  24.742  33.217  32.961  23.580  32.089  31.911  23.738  31.814
  32.949  22.854  32.891  33.907  23.030  30.990  34.746  22.610  31.551  34.321
  23.805  30.344  33.287  21.942  30.114  32.278  22.249  29.826  33.340  21.001
  30.670  34.005  21.742  28.831  33.941  22.583  28.287  34.975  21.594  29.056
  33.632  20.986  28.277  32.266  26.362  31.096  32.104  26.172  29.870  31.348
  26.866  31.885  31.506  26.912  32.883  29.997  27.064  31.462  29.834  26.570
  30.511  29.066  26.412  32.420  28.036  26.628  32.105  29.069  26.879  33.403
  29.181  24.924  32.655  29.202  24.015  31.550  29.129  24.418  30.554  29.288
  22.628  31.834  29.313  21.865  31.076  29.533  22.209  33.189  29.723  21.170
  33.426  29.582  23.137  34.283  29.586  22.765  35.300  29.456  24.504  33.970
  29.350  25.170  34.820  29.590  28.491  30.960  28.449  28.689  30.646  30.472
  29.463  31.107  31.187  29.387  31.813  30.362  30.783  30.405  29.304  31.033
  30.299  31.022  31.861  31.301  31.258  32.759  30.744  31.979  31.445  31.611
  30.247  32.381  32.538  30.939  33.159  32.860  30.164  31.615  33.302  28.891
  32.971  32.199  28.616  33.254  31.016  28.040  33.127  33.113  30.911  30.762
  28.991  30.166  30.994  28.022  32.196  30.405  28.847  32.711  30.253  29.695
  32.947  30.474  27.559  32.378  31.058  26.834  34.140  31.414  27.774  33.784
  32.384  28.120  34.644  31.511  26.808  34.861  30.803  28.809  34.864  31.426
  29.538  33.417  29.137  26.938  33.919  29.182  25.804  33.260  28.042  27.679
  32.979  28.202  28.638  34.095  26.879  27.542  34.044  26.225  28.414  33.477
  26.087  26.430  33.745  26.497  25.451  32.398  26.032  26.570  33.940  24.680
  26.361  34.240  23.994  27.351  33.934  24.060  25.201  33.382  24.403  24.420
  34.283  23.115  25.155  35.588  27.151  27.446  36.315  26.647  26.589  36.115
  28.040  28.326  35.564  28.290  29.127  37.470  28.475  28.338  37.445  29.229
  29.126  38.502  27.430  28.788  39.302  27.960  29.303  38.899  26.930  27.904
  37.925  26.312  29.692  37.736  24.996  29.236  37.925  24.706  28.210  37.441
  23.975  30.136  37.287  22.951  29.815  37.214  24.191  31.495  36.990  23.396
  32.190  37.133  25.550  31.922  36.813  25.671  32.943  37.559  26.580  31.051
  37.633  27.605  31.383  38.051  29.268  27.180  39.267  29.207  26.791  37.184
  30.015  26.424  36.237  30.052  26.781  37.453  30.771  25.228  38.478  30.475
  24.965  36.372  30.486  24.172  35.419  30.912  24.482  36.349  29.405  24.120
  36.727  31.018  22.789  37.309  32.089  22.686  36.330  30.254  21.726  35.980
  29.320  21.854  36.148  30.640  20.810  37.584  32.286  25.581  36.745  32.788
  26.279  38.617  32.866  25.063  39.276  32.299  24.538  39.025  34.275  25.286
  38.676  34.566  26.274  40.588  34.460  25.440  40.782  35.520  25.581  41.097
  33.624  26.591  42.170  33.773  26.700  40.578  33.916  27.510  40.864  32.573
  26.421  41.315  34.051  24.262  41.431  34.882  23.796  38.480  35.315  24.332
  38.725  36.515  24.500  37.727  34.906  23.285  37.555  33.916  23.203  37.129
  35.805  22.254  37.482  36.833  22.383  37.524  35.396  20.868  36.913  35.860
  20.084  37.391  34.326  20.757  39.115  35.565  20.672  39.342  35.105  19.708
  39.594  34.972  21.449  39.552  37.069  20.643  39.561  37.701  19.572  39.858
  37.765  21.729  39.800  37.291  22.627  40.238  38.689  21.630  35.610  35.805
  22.386  34.920  36.368  21.521  35.108  34.996  23.294  35.720  34.702  24.044
  33.647  34.797  23.519  33.135  34.348  22.670  33.385  33.851  24.737  32.326
  33.757  24.997  33.812  32.872  24.541  33.906  34.220  25.627  32.984  36.139
  23.761  33.420  36.949  24.614  31.792  36.372  23.136  31.369  35.617  22.602
  30.927  37.575  23.282  31.051  38.120  24.222  31.360  38.531  22.182  30.538
  39.239  22.126  32.602  39.351  22.458  33.319  38.753  23.013  32.912  39.913
  21.576  32.286  40.147  23.137  31.513  37.878  20.962  32.227  38.424  20.617
  29.442  37.210  23.200  29.028  36.598  22.244  28.645  37.647  24.209  29.046
  38.106  25.008  27.190  37.224  24.228  26.958  36.819  23.236  26.928  36.297
  25.376  27.000  36.703  26.378  27.699  35.527  25.343  25.647  35.586  25.098
  25.500  34.713  24.224  24.566  35.900  25.731  24.539  36.544  26.511  23.718
  35.552  25.314  26.325  38.486  24.343  26.442  39.282  25.298  25.500  38.689
  23.356  25.346  37.949  22.679  24.693  39.916  23.201  25.375  40.684  23.562
  24.335  40.165  21.759  23.654  39.358  21.498  25.249  40.034  21.184  23.688
  41.517  21.421  22.661  41.555  21.788  23.639  41.469  20.332  24.387  42.847
  21.872  24.972  42.636  22.772  23.638  43.590  22.116  25.315  43.368  20.796
  26.303  43.177  20.822  24.892  43.853  19.671  25.623  43.786  18.576  26.386
  43.127  18.591  25.393  44.324  17.758  23.667  44.434  19.450  22.890  44.243
  20.070  23.537  44.981  18.612  23.450  39.964  24.040  22.550  39.191  23.850
  23.329  41.012  24.933  24.127  41.623  24.966  22.110  41.448  25.665  21.761
  40.468  25.995  22.389  42.365  26.807  21.525  42.457  27.473  22.757  43.314
  26.418  23.469  41.739  27.740  24.604  41.539  27.374  23.092  41.233  28.912
  22.134  41.239  29.209  23.741  40.736  29.495  21.030  42.056  24.793  21.186
  42.445  23.665  19.836  42.239  25.349  19.750  41.907  26.296  18.612  42.976
  24.926  18.522  42.829  23.849  17.302  42.563  25.604  16.546  43.225  25.178
  16.992  41.120  25.261  15.922  40.965  25.412  17.171  40.820  24.224  17.460
  40.447  25.979  17.273  42.637  26.993  16.439  42.180  27.147  18.731  44.548
  25.088  17.856  45.290  24.622  19.733  45.147  25.710  20.489  44.575  26.074
  19.922  46.551  26.044  19.146  47.173  25.600  19.915  46.717  27.502  19.080
  46.092  27.819  19.820  47.744  27.835  21.114  46.145  28.233  21.911  45.455
  27.618  21.216  46.326  29.489  21.173  47.105  25.365  21.739  48.107  25.833
  21.688  46.451  24.312  21.166  45.623  24.080  22.966  46.695  23.658  22.947
  47.783  23.499  22.963  46.268  22.655  24.276  46.301  24.284  25.333  46.369
  23.725  24.272  45.963  25.580  23.324  45.890  25.939  25.481  45.440  26.240
  26.288  46.137  26.012  25.193  45.469  27.722  24.705  46.428  27.919  26.105
  45.319  28.298  24.354  44.417  28.177  23.456  44.745  28.038  25.841  44.037
  25.721  25.067  43.343  25.019  27.058  43.598  26.009  27.600  44.212  26.595
  27.530  42.267  25.719  26.643  41.637  25.716  28.230  42.265  24.333  28.949
  43.077  24.353  29.113  41.077  23.906  29.437  41.286  22.890  29.996  40.938
  24.532  28.512  40.174  23.917  27.384  42.525  23.205  26.805  43.237  23.507
  28.414  41.796  26.860  29.028  42.582  27.562  28.430  40.460  27.103  27.868
  39.876  26.497  29.339  39.757  28.108  29.743  40.485  28.822  28.644  38.750
  28.971  29.295  38.315  29.723  28.409  37.891  28.347  27.325  39.276  29.612
  26.327  38.598  29.632  27.262  40.435  30.103  30.640  39.390  27.414  30.664
  38.671  26.376  31.740  39.916  27.916  31.704  40.580  28.675  33.014  39.800
  27.248  32.902  39.433  26.225  33.719  41.160  27.139  34.735  41.022  26.784
  33.752  41.696  28.090  33.039  41.939  26.021  33.649  41.939  24.706  34.501
  41.297  24.580  33.090  42.708  23.677  33.653  42.705  22.753  31.992  43.516
  23.972  31.455  44.366  23.041  30.865  45.058  23.354  31.514  43.664  25.293
  30.663  44.307  25.489  32.012  42.865  26.293  31.490  42.918  27.237  33.997
  38.829  27.887  34.116  38.789  29.097  34.733  38.107  27.094  34.496  38.123
  26.115  35.816  37.232  27.551  36.508  37.785  28.186  36.266  37.010  26.581
  35.446  35.918  28.246  34.253  35.583  28.301  36.462  35.244  28.690  37.357
  35.713  28.645  36.371  33.915  29.284  36.067  33.195  28.538  37.779  33.535
  29.669  38.302  33.523  28.715  38.508  34.514  30.637  38.756  35.463  30.168
  37.867  34.726  31.498  39.466  34.119  30.986  37.796  32.083  30.184  37.085
  31.531  29.579  37.464  32.095  31.227  39.209  31.505  30.093  39.231  30.513
  30.550  39.350  31.455  29.013  40.049  32.131  30.406  35.407  33.676  30.465
  34.686  32.686  30.558  35.355  34.701  31.248  35.973  35.481  31.090  34.466
  34.861  32.423  34.157  33.881  32.792  35.164  35.605  33.685  34.491  35.628
  34.550  35.403  36.617  33.365  36.490  34.957  34.136  37.093  34.925  33.231
  36.268  33.569  34.671  37.177  33.176  35.101  35.533  33.481  35.469  35.934
  32.810  33.957  37.128  35.779  35.237  38.095  35.322  35.467  37.357  36.781
  34.878  36.515  35.782  36.132  33.151  35.630  32.020  32.300  35.824  32.873
  32.895  35.931  30.756  33.586  35.552  30.127  31.719  36.595  30.234  31.925
  36.936  29.226  30.596  35.556  30.111  29.641  36.076  30.039  30.596  35.002
  31.060  30.745  34.543  28.897  30.016  33.743  28.986  31.720  34.064  28.997
  30.454  35.315  27.626  29.317  35.694  27.418  31.412  35.680  26.812  32.382
  35.522  27.027  31.096  36.413  26.191  31.220  37.846  31.097  30.254  37.681
  31.897  31.813  39.067  30.961  32.518  39.097  30.245  31.623  40.165  31.854
  31.065  39.766  32.695  33.002  40.618  32.345  33.646  40.645  31.470  33.123
  41.881  33.143  34.158  42.191  33.289  32.707  42.675  32.522  32.689  41.753
  34.128  33.625  39.435  33.191  33.630  38.476  32.667  32.979  39.237  34.049
  35.051  39.609  33.757  35.026  40.382  34.524  35.315  38.695  34.291  35.748
  39.867  32.957  30.901  41.293  31.220  31.368  41.739  30.148  29.740  41.687
  31.812  29.390  41.184  32.614  28.867  42.686  31.172  28.785  42.319  30.149
  27.413  42.764  31.852  27.456  43.221  32.844  27.013  41.772  32.052  26.504
  43.509  30.936  26.439  44.701  30.966  25.840  42.812  30.093  26.098  41.847
  29.978  25.359  43.275  29.329  29.482  44.067  31.053  29.947  44.689  32.069
  29.350  44.668  29.854  28.908  44.101  29.137  29.822  45.975  29.407  30.739
  46.244  29.936  30.109  45.855  27.857  30.838  45.064  27.695  30.658  46.765
  27.627  28.960  45.626  27.130  28.695  46.390  26.609  28.948  47.171  29.744
  29.329  48.291  29.411  27.811  47.025  30.385  27.702  46.061  30.643  26.949
  48.106  30.994  27.257  49.065  30.565  25.463  47.800  30.810  25.166  46.851
  31.249  25.294  47.733  29.733  24.530  48.879  31.279  24.627  49.829  30.752
  24.710  49.036  32.345  23.062  48.354  31.170  22.857  47.477  31.777  23.011
  48.027  30.126  22.088  49.413  31.599  22.341  50.297  32.002  20.827  49.445
  31.429  20.232  48.599  30.738  20.811  47.827  30.446  19.261  48.706  30.503
  20.132  50.529  31.785  20.604  51.379  32.077  19.132  50.558  31.663  27.302
  48.298  32.518  27.110  49.401  33.100  28.016  47.370  33.088  28.222  46.519
  32.581  28.347  47.371  34.516  28.001  48.293  34.983  27.519  46.262  35.212
  27.778  46.327  36.269  27.745  45.292  34.766  26.019  46.337  35.072  25.254
  45.455  34.433  25.559  44.601  33.845  23.918  45.802  34.518  23.149  45.382
  34.011  23.788  46.986  35.258  22.680  47.796  35.653  21.675  47.513  35.376
  22.919  49.005  36.331  22.058  49.629  36.557  24.226  49.395  36.594  24.451
  50.321  37.106  25.344  48.517  36.340  26.320  48.842  36.677  25.115  47.347
  35.632  29.869  47.279  34.846  30.274  48.069  35.699  30.684  46.409  34.234
  30.351  45.741  33.548  31.963  45.914  34.813  32.035  46.321  35.825  31.857
  44.379  35.090  32.737  44.018  35.609  31.914  43.902  34.118  30.971  44.001
  35.599  33.192  46.367  34.065  34.276  46.324  34.608  32.996  46.667  32.781
  32.041  46.453  32.522  33.905  47.219  31.785  34.734  47.620  32.371  34.566
  46.196  30.867  35.223  45.528  31.423  35.368  46.707  30.322  33.546  45.178
  29.772  33.161  48.313  30.881  31.892  48.437  30.889  33.936  49.163  30.251
  34.936  49.063  30.374  33.427  50.010  29.130  32.360  50.193  29.175  34.114
  51.373  29.181  35.192  51.202  29.265  33.767  51.952  30.034  33.815  52.277
  28.048  32.626  52.505  27.733  34.818  52.874  27.409  35.787  52.667  27.625
  34.509  53.455  26.642  33.499  49.335  27.751  34.632  48.907  27.469  32.482
  49.352  26.888  31.589  49.746  27.148  32.626  48.885  25.465  33.611  48.425
  25.535  31.620  47.741  25.132  30.857  47.823  25.907  32.101  46.789  25.335
  31.001  47.865  23.795  31.456  47.183  22.863  30.120  48.714  23.717  32.732
  50.047  24.454  33.301  49.772  23.404  32.299  51.278  24.816  31.948  51.438
  25.746  32.084  52.355  23.889  32.595  52.173  22.948  32.459  53.240  24.401
  30.684  52.624  23.455  30.169  53.685  23.781  30.067  51.678  22.726  30.687
  50.926  22.444  28.725  51.854  22.194  28.547  52.926  22.137  28.598  51.330
  20.713  29.221  51.993  20.107  27.590  51.658  20.496  28.799  49.805  20.568
  28.248  49.224  21.302  29.867  49.584  20.643  28.393  49.356  19.209  28.973
  49.856  18.435  27.375  49.664  18.971  28.635  47.871  19.112  29.335  47.473
  19.714  28.168  47.030  18.190  28.514  45.776  18.179  29.036  45.444  18.981
  27.972  45.113  17.645  27.275  47.326  17.342  26.896  48.259  17.259  27.032
  46.617  16.666  27.615  51.253  23.123  26.491  51.775  23.053  27.951  50.344
  23.996  28.877  49.944  24.026  27.127  50.034  25.158  26.208  49.539  24.844
  27.743  49.093  26.150  28.652  49.540  26.575  26.729  48.865  27.312  27.085
  48.083  27.992  26.584  49.748  27.928  25.792  48.509  26.885  28.144  47.858
  25.528  28.841  48.009  24.899  26.797  51.329  25.838  27.768  52.104  26.158
  25.513  51.757  25.971  24.332  51.288  25.258  23.609  50.716  25.844  24.618
  50.729  24.376  23.614  52.570  24.862  22.560  52.477  24.592  24.233  52.999
  24.079  23.792  53.339  26.117  23.064  53.001  26.859  23.733  54.407  25.910
  25.222  53.080  26.511  25.727  53.834  25.914  25.535  53.211  27.976  25.279
  52.216  28.666  26.072  54.324  28.463  26.415  54.998  27.789  26.177  54.727
  29.856  25.192  54.896  30.280  26.699  55.683  29.955  26.844  53.786  30.857
  26.473  53.781  32.050  27.791  52.938  30.444  28.114  52.928  29.491  28.376
  51.937  31.347  27.600  51.230  31.635  29.421  51.062  30.643  30.286  51.678
  30.406  28.998  50.592  29.755  29.687  50.086  31.628  30.367  49.473  31.323
  29.013  52.562  32.641  29.853  53.421  32.550  28.715  51.945  33.794  28.085
  51.170  33.682  29.289  52.252  35.155  29.353  53.334  35.286  28.261  51.703
  36.252  28.573  52.116  37.203  28.439  50.633  36.379  26.785  52.167  36.076
  26.310  51.999  37.043  26.431  51.507  35.290  26.559  53.653  35.712  26.814
  53.893  34.676  27.201  54.267  36.347  25.177  54.066  36.066  25.106  54.244
  37.064  24.274  54.371  35.198  24.392  54.267  33.878  25.256  53.999  33.436
  23.672  54.645  33.267  23.214  54.941  35.646  23.071  54.940  36.647  22.553
  55.307  34.975  30.734  51.689  35.353  31.516  52.124  36.190  31.137  50.750
  34.536  30.448  50.456  33.866  32.530  50.231  34.414  32.555  49.321  33.819
  33.284  51.186  33.461  33.269  52.146  33.975  32.808  51.295  32.493  34.736
  50.763  33.107  35.330  49.855  33.638  35.478  51.400  32.270  35.086  52.280
  31.978  36.340  50.995  31.941  33.307  49.985  35.752  34.337  50.619  36.073
  32.775  49.198  36.690  31.879  48.862  36.363  33.145  49.137  38.049  33.220
  50.153  38.451  31.933  48.463  38.780  32.159  48.329  39.841  31.778  47.468
  38.388  30.580  49.118  38.699  30.314  49.353  37.677  29.472  48.169  39.204
  28.447  48.552  39.246  29.317  47.329  38.530  29.636  47.835  40.229  30.490
  50.393  39.488  29.485  50.804  39.469  30.577  50.260  40.560  31.176  51.117
  39.060  34.561  48.575  38.317  35.062  48.927  39.317  35.155  47.901  37.344
  34.638  47.852  36.489  36.572  47.585  37.338  36.869  47.539  38.387  36.881
  46.230  36.719  37.960  46.078  36.753  36.572  46.146  35.673  36.123  44.894
  37.628  37.579  48.612  36.703  38.810  48.570  36.844  37.108  49.768  36.126
  36.136  49.775  35.864  37.835  50.799  35.473  37.058  51.369  34.959  38.583
  51.668  36.512  39.221  51.041  37.138  37.844  52.098  37.191  39.343  52.829
  35.926  38.955  53.579  35.056  40.558  53.023  36.373  40.884  52.259  36.954
  41.065  53.811  36.006  38.680  50.239  34.356  39.835  50.615  34.320  38.114
  49.470  33.433  37.114  49.373  33.523  38.929  48.881  32.307  39.815  49.498
  32.149  39.516  47.500  32.696  40.206  47.179  31.906  40.317  47.584  33.998
  40.796  46.610  34.121  40.986  48.445  33.948  39.614  47.626  34.833  38.442
  46.333  32.744  37.855  46.324  31.829  37.792  46.595  33.575  39.099  44.980
  33.033  38.300  44.239  32.982  39.720  44.808  32.161  39.686  45.010  33.948
  38.139  48.887  30.993  36.936  48.662  31.036  38.730  48.919  29.787  40.157
  48.857  29.417  40.701  48.059  29.917  40.521  49.809  29.778  40.245  48.879
  27.886  40.591  47.928  27.489  40.882  49.706  27.566  38.855  49.236  27.350
  38.552  48.714  26.441  38.827  50.326  27.292  38.008  48.706  28.546  37.085
  49.277  28.554  37.650  47.210  28.525  38.493  46.346  28.883  36.512  46.902
  27.879  35.918  47.653  27.551  36.163  45.519  27.485  36.171  44.823  28.327
  34.748  45.495  26.887  34.494  44.454  26.697  34.766  46.008  25.928  33.413
  46.099  27.977  37.158  44.929  26.467  37.282  43.695  26.328  37.993  45.769
  25.816  37.885  46.770  25.830  39.061  45.263  25.037  38.628  44.595  24.291
  39.737  46.290  24.183  39.066  46.736  23.451  40.537  45.811  23.605  40.245
  47.318  24.952  40.946  47.752  24.459  40.270  44.642  25.808  40.955  43.744
  25.238  40.494  44.982  27.101  39.976  45.764  27.461  41.464  44.386  27.993
  42.470  44.357  27.576  41.463  45.169  29.310  42.023  44.636  30.085  41.733
  46.192  29.060  40.427  45.296  29.626  40.989  42.957  28.312  41.850  42.107
  28.370  39.706  42.682  28.347  39.135  43.506  28.207  39.152  41.331  28.534
  39.663  40.840  29.359  37.654  41.315  28.906  37.355  40.303  29.176  37.101
  41.616  28.015  37.273  42.120  30.106  37.555  43.176  30.055  35.743  42.100
  30.218  35.376  42.639  31.092  35.260  42.410  29.296  35.462  41.044  30.298
  37.767  41.558  31.442  37.400  42.137  32.285  37.426  40.534  31.602  38.848
  41.636  31.512  39.392  40.368  27.359  39.389  39.151  27.520  39.479  40.917
  26.198  39.361  41.918  26.182  39.721  40.182  24.929  39.171  39.250  24.999
  39.200  40.877  23.701  39.760  40.625  22.800  39.602  41.894  23.770  37.707
  40.879  23.402  37.127  41.131  24.283  37.312  41.926  22.377  36.258  41.725
  22.199  37.517  42.902  22.839  37.943  41.744  21.505  37.247  39.466  22.950
  36.186  39.514  22.708  37.817  39.095  22.102  37.355  38.729  23.752  41.183
  39.573  24.818  41.599  39.070  23.773  42.043  39.692  25.909  41.655  40.190
  26.694  43.356  39.088  25.959  43.893  39.406  25.069  44.003  39.721  27.174
  43.447  39.433  28.053  43.964  40.788  26.955  45.370  39.289  27.350  45.732
  39.896  27.997  43.358  37.556  25.896  42.636  36.897  26.613  44.215  36.913
  25.100  44.898  37.496  24.614  44.628  35.497  25.101  43.751  34.848  25.119
  45.424  35.096  23.841  46.188  34.383  24.168  45.770  35.963  23.284  44.480
  34.424  23.070  43.975  35.143  22.682  45.355  35.182  26.421  45.543  33.985
  26.760  45.673  36.183  27.261  45.622  37.159  27.015  46.032  36.063  28.681
  46.301  35.012  28.787  47.383  36.831  28.887  47.370  37.762  28.331  48.142
  36.175  28.452  47.776  37.032  30.331  48.322  38.122  30.658  47.324  36.262
  31.198  44.904  36.473  29.643  44.508  37.657  29.586  44.410  35.593  30.502
  44.719  34.638  30.406  43.301  35.852  31.436  42.440  36.162  30.848  42.902
  34.581  32.262  41.979  34.841  32.784  42.641  33.476  31.222  42.294  32.568
  31.721  41.990  33.860  30.441  43.615  33.247  30.779  43.915  34.187  33.291
  43.880  34.981  34.037  44.891  34.127  32.794  43.654  32.762  33.977  42.657
  32.761  34.435  43.819  31.977  33.249  44.338  32.608  34.805  43.542  37.007
  32.445  42.621  37.448  33.045  44.788  37.475  32.587  45.509  36.968  32.090
  45.286  38.279  33.699  45.237  37.736  34.639  46.788  38.558  33.483  46.956
  39.009  32.504  47.407  39.481  34.602  48.485  39.366  34.456  47.127  40.489
  34.327  47.152  39.231  35.629  47.475  37.333  33.669  47.473  36.878  32.816
  44.453  39.554  33.974  43.924  39.760  35.135  44.126  40.421  33.032  44.568
  40.301  32.130  43.240  41.525  33.230  43.703  42.124  34.016  43.120  42.355
  31.936  42.582  43.274  32.124  44.101  42.667  31.583  42.647  41.756  31.160
  41.800  41.131  33.758  41.314  41.694  34.732  41.223  40.106  33.110  41.743
  39.766  32.311  39.898  39.487  33.441  39.086  40.216  33.405  39.658  38.374
  32.532  38.814  37.780  32.889  40.561  37.764  32.555  39.542  38.762  31.196
  40.422  38.926  30.846  39.763  38.983  34.861  38.925  39.515  35.588  40.788
  38.250  35.356  41.511  38.070  34.673  40.874  37.863  36.742  39.961  37.358
  37.058  42.054  36.863  36.970  42.947  37.366  36.584  41.894  35.563  36.303
  42.828  35.003  36.366  41.161  34.960  36.839  41.578  35.708  35.263  42.204
  36.667  38.492  42.854  35.791  38.572  42.717  37.529  38.923  41.265  36.467
  39.013  41.015  39.087  37.650  40.334  39.152  38.624  41.813  40.020  37.187
  42.435  39.889  36.405  41.863  41.193  37.967  41.857  40.871  39.013  43.239
  41.795  37.826  43.144  42.735  38.360  43.394  42.065  36.780  44.316  41.066
  38.610  44.314  40.996  39.801  45.336  40.652  37.899  45.148  40.647  36.910
  46.123  40.139  38.282  40.653  42.127  37.940  40.610  43.110  38.684  39.594
  41.807  37.254  39.740  40.986  36.697  38.232  42.365  37.395  38.297  43.275
  37.999  37.616  42.809  36.012  37.681  41.956  35.326  38.400  43.422  35.565
  35.926  43.502  36.213  37.377  41.381  38.329  36.700  41.895  39.236  37.441
  40.058  38.211  38.112  39.699  37.542  36.747  39.151  39.112  35.707  39.329
  38.827  37.309  37.760  38.862  36.846  37.047  39.548  37.078  37.485  37.828
  38.361  37.723  39.144  36.961  39.434  40.576  36.004  39.149  41.339  38.132
  39.970  41.078  38.898  40.039  40.420  38.356  40.232  42.502  38.109  39.334
  43.069  39.790  40.343  42.929  39.740  40.442  44.018  40.228  41.271  42.549
  40.703  39.155  42.522  40.754  39.056  41.443  40.297  38.258  43.001  42.169
  39.424  42.866  42.208  39.442  43.955  42.578  40.394  42.576  42.900  38.185
  42.261  42.834  38.337  41.179  42.411  37.234  42.472  44.284  38.177  42.741
  44.833  37.356  42.500  44.700  38.995  42.323  44.401  38.153  43.740  37.493
  41.362  43.109  37.132  41.327  44.263  37.308  42.368  42.163  37.608  42.169
  41.224  36.432  43.512  42.330  36.535  43.978  43.312  36.818  44.610  41.318
  36.118  45.440  41.410  36.785  44.193  40.316  38.225  45.146  41.448  38.944
  44.411  41.075  38.535  45.340  42.472  38.381  46.327  40.436  37.713  47.111
  40.808  38.209  45.991  39.413  39.828  46.823  40.577  40.498  45.964  40.546
  40.001  47.337  41.516  40.178  47.628  39.360  41.065  48.061  39.555  40.315
  47.052  38.538  39.536  48.404  39.261  35.006  43.086  42.219  34.278  43.441
  43.149  34.610  42.343  41.215  35.353  42.123  40.572  33.203  41.807  41.075
  32.583  42.705  41.124  32.883  41.066  39.690  33.513  40.179  39.690  31.367
  40.591  39.550  31.341  39.740  38.865  31.059  40.202  40.519  30.623  41.346
  39.303  33.253  41.850  38.393  34.043  42.556  38.665  32.426  42.422  37.970
  33.744  40.945  37.295  34.096  41.608  36.510  34.639  40.389  37.567  32.934
  40.348  36.901  32.811  40.852  42.304  31.758  41.095  42.919  33.662  39.879
  42.685  34.547  39.751  42.220  33.180  38.993  43.744  32.146  38.751  43.526
  33.985  37.713  43.740  34.365  37.521  42.740  35.274  37.854  44.627  35.801
  38.741  44.268  35.002  37.905  45.679  35.903  36.974  44.497  33.255  36.490
  44.256  33.813  35.571  44.098  32.914  36.632  45.287  32.398  36.319  43.606
  33.089  39.697  45.103  32.539  39.110  46.067  33.654  40.952  45.127  34.132
  41.302  44.317  33.532  41.823  46.273  33.244  41.322  47.204  34.843  42.474
  46.651  34.788  43.229  47.429  35.253  43.045  45.818  35.854  41.557  46.909
  36.550  41.628  46.253  32.404  42.895  46.193  32.171  43.713  47.091  31.617
  42.955  45.118  31.976  42.546  44.272  30.599  44.056  45.037  31.141  44.964
  45.297  30.040  44.188  43.649  29.707  43.169  43.479  30.818  44.497  42.948
  28.870  45.102  43.622  27.761  44.558  43.280  29.057  46.315  43.920  29.475
  43.936  46.058  29.101  44.853  46.726  28.831  42.725  46.114  29.068  41.961
  45.495  27.725  42.423  47.028  26.849  43.009  46.755  28.017  42.797  48.010
  27.159  40.971  47.138  26.543  40.646  48.168  27.291  40.132  46.121  27.789
  40.482  45.321  26.715  38.787  46.058  26.299  38.549  47.036  25.648  38.960
  44.944  26.152  39.038  43.988  25.211  39.949  45.130  24.487  38.033  44.909
  24.186  37.322  45.843  23.720  38.114  43.853  23.830  38.698  43.032  23.040
  37.379  43.711  27.669  37.602  45.801  27.366  36.406  45.894  28.849  37.920
  45.346  29.111  38.888  45.378  29.956  36.991  44.984  30.023  36.223  45.757
  30.892  37.550  44.947  29.707  36.221  43.649  29.176  36.850  42.652  29.971
  34.936  43.599  30.161  34.388  44.427  29.863  34.206  42.352  30.385  34.807
  41.607  30.629  32.898  42.438  30.646  32.480  41.425  30.155  32.155  43.085
  32.094  33.079  42.874  32.024  33.218  43.952  32.522  34.008  42.504  33.136
  31.583  42.691  33.927  31.965  40.998  33.179  31.800  40.227  34.230  33.004
  41.138  34.809  31.324  40.942  28.409  34.153  41.824  28.196  33.806  40.672
  27.389  34.568  42.575  27.590  34.912  43.498  26.037  34.755  42.032  25.683
  33.850  41.541  25.172  35.285  43.210  24.202  35.549  42.783  25.636  36.148
  43.692  25.007  34.205  44.250  24.175  33.320  44.002  25.607  34.258  45.425
  25.949  35.188  45.616  25.376  33.674  46.217  25.979  35.735  40.826  25.061
  35.591  40.005  27.086  36.487  40.564  27.852  36.550  41.227  27.130  37.469
  39.527  26.278  38.141  39.652  28.420  38.296  39.632  28.435  39.155  38.977
  28.691  38.561  40.656  29.108  37.551  39.230  26.951  36.787  38.120  26.300
  37.359  37.205  27.566  35.606  37.935  28.158  35.313  38.706  27.607  34.795
  36.728  27.408  35.463  35.898  28.908  34.038  36.631  28.903  33.353  35.783
  29.068  33.462  37.540  30.117  34.912  36.497  30.398  35.690  35.401  29.850
  35.610  34.476  31.538  36.440  35.609  31.920  37.054  34.905  31.947  36.329
  36.958  32.940  36.960  37.680  33.635  37.654  37.222  33.146  36.571  39.035
  33.916  37.023  39.651  32.388  35.549  39.579  32.721  35.172  40.543  31.306
  34.970  38.907  30.711  34.236  39.434  31.090  35.359  37.552  26.465  33.816
  36.604  26.193  33.115  37.539  25.666  33.766  35.521  25.986  34.309  34.739
  24.474  32.878  35.416  24.030  32.750  36.402  23.353  33.375  34.486  23.167
  34.440  34.639  23.619  33.176  33.017  22.820  33.605  32.406  24.524  33.732
  32.780  23.745  32.139  32.704  21.967  32.685  34.759  21.147  33.105  34.178
  21.972  31.630  34.477  21.726  32.766  35.819  24.936  31.476  35.086  24.279
  30.582  35.547  26.057  31.202  34.432  26.542  31.928  33.916  26.682  29.875
  34.470  25.971  29.166  34.038  27.864  29.716  33.563  28.101  28.643  33.580
  27.732  30.211  32.606  28.723  30.155  34.079  26.917  29.367  35.907  26.606
  28.176  36.190  27.306  30.349  36.817  27.315  31.325  36.590  27.411  29.892
  38.245  27.920  28.925  38.207  28.200  30.878  39.122  27.541  31.682  39.433
  28.990  31.339  38.517  28.753  30.324  40.377  29.895  29.592  40.491  30.546
  29.311  39.670  29.969  29.084  41.789  30.735  28.521  42.133  28.991  29.569
  42.598  28.719  29.346  43.945  29.374  28.656  44.442  27.722  30.117  44.539
  27.600  30.137  45.610  26.976  30.993  43.760  26.257  31.620  44.275  27.166
  31.057  42.367  26.550  31.754  41.820  28.214  30.394  41.770  26.041  29.458
  38.833  25.899  28.295  39.144  25.011  30.359  38.775  25.210  31.323  38.517
  23.763  30.105  39.460  23.859  29.903  40.533  22.957  31.422  39.263  21.938
  31.330  39.633  22.859  31.484  38.173  23.606  32.782  39.705  24.404  33.091
  39.033  23.883  32.737  40.754  22.400  33.878  39.836  22.744  34.696  40.479
  21.608  33.408  40.420  21.836  34.383  38.581  20.920  34.039  38.314  22.478
  35.131  37.723  21.885  35.569  36.610  20.969  35.235  36.333  22.250  36.366
  36.123  23.675  35.600  37.866  23.991  35.503  38.815  24.007  36.264  37.171
  22.965  28.915  38.906  22.263  28.277  39.713  23.131  28.591  37.660  23.675
  29.235  37.105  22.324  27.618  36.923  21.633  27.087  37.568  21.426  28.421
  35.956  21.012  27.743  35.211  21.949  29.124  35.300  20.310  29.196  36.632
  20.487  30.167  37.384  19.045  28.925  36.326  18.871  28.117  35.752  18.324
  29.304  36.926  23.176  26.457  36.316  22.542  25.498  35.938  24.496  26.461
  36.246  24.938  27.359  36.427  25.350  25.305  35.949  24.710  24.433  35.959
  25.861  25.495  34.512  26.825  25.030  34.312  26.062  26.549  34.282  24.788
  24.940  33.559  23.804  25.384  33.710  24.755  23.851  33.578  25.211  25.331
  32.139  24.698  24.724  31.393  26.279  25.216  31.963  25.006  26.769  31.856
  24.477  27.326  32.511  25.538  27.546  30.898  26.073  27.021  29.823  25.691
  26.102  29.642  26.445  27.594  29.080  25.474  28.859  30.996  25.105  29.337
  31.801  25.926  29.452  30.312  26.443  24.879  36.908  26.737  23.633  36.777
  26.880  25.682  37.911  26.639  26.641  37.686  27.854  25.349  38.969  28.401
  24.457  38.670  28.937  26.398  39.043  29.711  26.252  39.799  28.359  27.289
  39.282  29.778  26.680  37.451  27.171  25.060  40.310  27.535  24.137  40.983
  26.315  26.018  40.780  25.928  26.671  40.122  25.847  26.098  42.183  26.693
  26.189  42.855  24.963  27.371  42.358  23.939  27.227  42.018  25.478  28.146
  41.800  24.889  27.817  43.811  25.923  27.911  44.151  24.406  27.114  44.487
  24.125  29.136  43.824  23.090  28.934  43.556  24.548  29.880  43.158  24.213
  29.779  45.173  25.276  29.940  45.372  23.830  29.086  45.918  23.457  30.989
  45.248  23.769  31.500  46.057  23.749  31.633  44.524  22.475  30.781  45.289
  25.173  24.740  42.501  24.381  24.186  41.697  25.584  24.095  43.610  26.175
  24.609  44.246  24.993  22.830  44.096  23.923  22.909  43.913  25.220  22.715
  45.156  25.593  21.492  43.464  25.415  20.433  44.024  26.325  21.564  42.327
  26.514  22.506  42.009  27.078  20.474  41.700  26.488  19.562  41.810  27.470
  20.753  40.192  27.865  19.831  39.754  26.299  21.282  39.342  25.539  20.500
  39.281  26.003  22.262  39.697  26.642  21.330  38.308  28.420  21.730  40.047
  28.113  22.521  40.496  28.391  20.241  42.444  28.677  21.161  43.186  29.016
  19.052  42.359  28.594  18.416  41.693  30.396  18.861  42.642  30.549  19.287
  43.633  30.669  17.367  42.615  30.888  17.097  41.588  29.805  16.813  42.962
  31.833  17.100  43.571  31.894  15.959  44.090  32.745  17.925  43.830  31.409
  19.596  41.821  32.107  19.113  40.954  31.596  20.888  42.077  30.936  21.297
  42.726  32.431  21.786  41.345  32.241  21.670  40.278  32.201  23.226  41.742
  33.037  23.893  41.524  30.994  23.909  41.100  30.988  24.955  41.412  31.024
  23.760  40.022  30.132  23.447  41.585  32.064  23.383  43.231  32.996  23.172
  43.767  31.798  24.383  43.576  31.231  22.840  43.667  33.957  21.371  41.500
  34.767  21.888  40.695  34.345  20.543  42.482  33.653  20.000  42.987  35.741
  20.079  42.609  36.401  20.942  42.599  35.934  19.471  43.978  35.493  18.487
  44.068  35.306  20.079  44.623  37.428  19.549  44.315  37.661  20.608  44.355
  38.006  19.059  43.529  37.749  18.797  45.556  38.034  19.392  46.633  37.703
  17.496  45.508  37.640  16.962  44.648  38.093  16.995  46.284  36.091  19.116
  41.472  37.245  18.729  41.280  35.100  18.712  40.627  34.196  19.164  40.716
  35.330  17.749  39.472  35.722  16.822  39.895  34.021  17.472  38.766  34.217
  16.766  37.957  33.333  17.133  39.538  33.638  18.389  38.324  36.259  18.370
  38.403  37.157  17.681  37.868  36.112  19.667  38.112  35.280  20.094  38.501
  36.862  20.341  37.085  36.918  19.685  36.215  36.335  21.741  36.725  36.843
  22.130  35.834  36.460  22.483  37.511  34.893  21.713  36.436  33.884  22.217
  37.166  34.048  22.801  38.064  32.656  21.803  36.692  31.751  21.981  37.116
  32.808  21.101  35.523  31.995  20.514  34.599  30.965  20.371  34.910  32.469
  19.959  33.445  31.729  19.555  32.768  33.857  19.919  33.225  34.185  19.499
  32.289  34.750  20.444  34.139  35.819  20.409  33.951  34.247  21.110  35.292
  38.308  20.514  37.620  39.219  21.081  36.903  38.662  20.060  38.786  37.999
  19.476  39.281  40.056  20.043  39.325  40.722  20.281  38.496  40.416  21.068
  40.405  41.397  20.834  40.831  40.457  22.435  39.711  40.871  23.232  40.334
  41.018  22.273  38.789  39.408  22.644  39.525  39.424  20.989  41.564  39.535
  19.974  41.941  38.411  20.974  41.182  39.574  21.996  42.636  38.879  21.878
  43.463  40.576  21.902  43.050  39.402  22.981  42.210  40.552  18.612  39.626
  41.760  18.379  39.710  39.619  17.592  39.611  38.632  17.784  39.645  40.053
  16.178  39.652  40.608  15.957  40.561  38.813  15.263  39.727  39.039  14.254
  39.383  38.101  15.568  38.967  38.112  15.175  41.094  37.806  16.202  41.269
  38.855  14.899  41.833  36.902  14.260  41.200  37.380  13.292  41.072  36.209
  14.505  40.401  36.285  14.480  42.481  36.789  14.299  43.340  35.042  14.928
  42.713  34.106  15.063  41.788  34.294  14.615  40.904  33.150  15.278  42.022
  34.562  15.064  43.915  35.123  14.661  44.657  33.689  15.518  44.134  41.029
  15.716  38.462  41.039  16.409  37.480  41.991  14.830  38.760  42.003  14.415
  39.687  43.059  14.353  37.929  42.569  14.132  36.987  43.491  13.424  38.292
  44.199  15.405  37.662  45.303  15.047  37.340  43.916  16.721  37.782  42.960
  17.034  37.874  44.939  17.791  37.865  45.671  17.658  37.062  44.414  19.194
  37.705  45.301  19.822  37.598  43.894  19.446  38.625  43.306  19.414  36.360
  45.817  17.653  39.161  45.361  17.257  40.262  47.071  18.066  39.024  47.346
  18.216  38.059  48.052  18.274  40.103  47.618  18.166  41.098  49.058  17.092
  40.105  49.836  17.361  39.395  48.466  16.224  39.825  49.663  16.617  41.389
  50.331  15.776  41.208  48.825  16.398  42.060  50.579  17.628  42.035  50.763
  17.303  43.059  50.070  18.593  42.012  51.833  17.619  41.215  52.332  16.751
  41.076  52.593  18.636  40.931  53.736  18.472  40.325  54.115  17.536  40.218
  54.335  19.273  40.207  52.260  19.846  41.293  51.477  20.095  41.875  52.978
  20.557  41.255  48.637  19.646  40.015  49.371  19.790  39.006  48.214  20.565
  40.843  47.808  20.325  41.740  48.179  22.030  40.538  48.152  22.152  39.455
  46.951  22.714  41.085  46.982  23.770  40.827  46.899  22.644  42.167  45.602
  22.242  40.634  45.014  23.113  40.894  45.539  22.166  39.066  44.505  21.943
  38.807  45.737  23.146  38.617  46.309  21.451  38.772  45.121  20.918  41.271
  44.174  20.612  40.843  45.831  20.098  41.169  44.912  21.119  42.329  49.440
  22.762  40.875  49.643  23.041  42.089  50.344  22.806  39.997  30.332  39.510
  35.346  28.828  39.138  35.384  28.120  39.374  34.055  30.521  40.543  35.026
  30.809  38.862  34.603  30.886  39.260  36.246  28.401  39.846  36.105  28.609
  38.127  35.763  27.042  39.468  34.192  28.255  38.530  33.358  28.377  40.302
  33.537
  42.703  32.341  22.557  42.546  32.966  23.328  43.292  32.824  21.883  41.886
  32.079  22.020  43.315  31.044  23.025  43.562  30.495  22.122  44.517  31.329
  23.959  44.150  32.046  24.690  45.335  31.752  23.384  44.952  30.039  24.748
  45.008  29.157  24.103  44.205  29.669  25.452  46.201  30.144  25.635  46.145
  30.958  26.361  47.097  30.265  25.034  46.226  28.868  26.438  46.242  27.986
  25.793  45.352  28.858  27.096  47.424  28.882  27.286  47.444  28.144  27.970
  48.279  28.835  26.749  47.397  29.733  27.841  42.234  30.236  23.750  41.456
  30.777  24.477  42.141  28.934  23.604  42.801  28.487  22.976  41.421  28.008
  24.537  40.559  28.435  25.058  40.743  26.791  23.865  41.432  26.263  23.208
  39.650  27.335  22.956  39.028  26.553  22.515  38.991  27.992  23.540  40.048
  27.957  22.161  40.182  25.754  24.869  39.452  25.112  24.368  41.000  25.123
  25.213  39.725  26.175  25.766  42.376  27.508  25.608  43.520  27.172  25.333
  41.887  27.485  26.853  40.952  27.817  27.036  42.612  26.878  27.977  43.649
  26.903  27.637  42.421  27.791  29.143  42.684  27.215  30.031  41.405  28.172
  29.226  43.403  28.934  29.253  43.096  30.063  28.426  42.240  30.079  27.773
  43.926  31.155  28.428  43.736  31.903  27.667  45.025  31.202  29.338  45.693
  32.046  29.366  45.351  30.042  30.095  46.158  30.058  30.818  44.549  28.898
  30.013  44.867  28.076  30.625  42.209  25.385  28.178  41.047  25.117  28.243
  43.192  24.498  28.285  44.091  24.763  27.911  43.136  23.209  28.878  44.152
  22.820  28.896  42.593  22.532  28.225  42.660  23.280  30.352  43.055  24.209
  31.032  41.764  22.374  30.686  41.293  21.934  29.909  41.197  22.354  32.072
  40.455  23.144  32.205  40.415  21.061  32.083  41.056  20.184  32.003  39.727
  21.082  31.239  39.596  20.972  33.372  39.015  21.880  33.511  40.333  20.980
  34.175  38.824  19.651  33.513  38.156  19.552  32.661  38.275  19.843  34.435
  39.533  18.365  33.550  39.640  17.918  32.656  40.108  17.829  34.614  40.888
  16.860  34.514  41.206  16.531  33.607  41.311  16.461  35.338  39.923  18.253
  35.838  39.441  19.139  35.897  40.274  17.683  36.596  42.229  22.525  33.220
  42.166  23.462  34.094  43.240  21.675  33.146  43.227  21.060  32.347  44.369
  21.652  34.116  43.969  21.724  35.128  45.097  20.364  34.072  46.013  20.456
  34.652  45.375  20.173  33.033  44.257  18.861  34.607  45.299  22.832  34.036
  45.753  23.257  35.124  45.524  23.429  32.863  45.361  22.836  32.055  46.235
  24.710  32.703  47.199  24.590  33.217  46.433  24.970  31.166  45.459  24.981
  30.685  47.042  24.177  30.745  47.282  26.158  30.877  48.233  25.877  31.323
  46.915  27.041  31.405  47.451  26.460  29.430  46.518  26.825  28.692  48.648
  26.491  28.978  45.482  25.918  33.339  46.046  26.863  33.857  44.130  25.888
  33.192  43.659  25.075  32.811  43.265  26.906  33.752  43.742  27.869  33.570
  41.888  26.837  33.086  41.363  25.958  33.466  42.107  26.766  32.015  40.951
  27.962  33.404  40.892  28.072  34.483  41.348  29.266  32.747  40.535  29.976
  32.882  42.275  29.626  33.192  41.427  29.196  31.667  39.554  27.616  32.924
  39.010  28.538  32.742  39.640  27.127  31.961  39.013  26.922  33.561  43.238
  26.764  35.285  43.313  27.756  35.967  43.111  25.555  35.818  42.998  24.804
  35.152  43.222  25.339  37.231  42.482  25.847  37.849  43.030  23.815  37.490
  43.119  23.714  38.571  42.112  23.485  37.005  43.881  23.348  37.000  44.532
  25.867  37.749  44.518  26.615  38.776  45.643  25.644  37.053  45.560  24.902
  36.377  46.913  26.210  37.471  46.969  25.878  38.507  48.029  25.554  36.602
  49.034  25.928  36.786  48.030  24.477  36.782  47.690  25.658  35.563  46.957
  27.729  37.443  47.690  28.287  38.277  46.224  28.369  36.499  45.802  27.741
  35.844  46.255  29.833  36.182  47.306  30.112  36.077  45.655  30.125  34.832
  45.634  31.203  34.733  46.324  29.735  34.073  44.621  29.802  34.707  45.493
  30.671  37.324  46.087  31.547  37.933  44.232  30.318  37.612  43.840  29.522
  37.120  43.376  30.667  38.814  43.177  31.740  38.847  42.098  29.868  38.771
  41.428  30.109  39.593  42.217  28.795  38.649  41.371  30.372  37.508  42.014
  30.461  36.640  40.962  31.379  37.644  40.068  29.277  37.130  39.334  30.180
  35.810  38.584  29.520  35.399  38.876  31.101  36.178  40.019  30.399  34.990
  44.086  30.395  40.173  43.972  31.213  41.080  44.938  29.419  40.253  44.915
  28.617  39.627  45.858  29.381  41.415  45.279  29.742  42.264  46.248  27.933
  41.747  46.968  27.524  41.038  45.322  27.351  41.736  46.929  27.782  43.134
  46.392  28.488  43.766  47.999  27.949  42.981  46.800  26.332  43.651  47.479
  25.676  43.097  45.853  25.915  43.317  47.082  26.146  45.152  48.136  26.350
  45.339  46.975  25.091  45.382  46.248  26.882  46.127  46.256  27.880  46.019
  45.247  26.731  46.129  46.574  26.655  47.048  46.987  30.351  41.417  47.222
  30.898  42.485  47.710  30.615  40.345  47.578  30.111  39.485  48.829  31.595
  40.337  49.434  31.285  41.187  49.675  31.304  39.034  49.725  30.223  39.023
  50.612  31.790  39.307  49.268  31.903  37.677  49.029  32.958  37.830  48.390
  31.433  37.244  50.378  31.834  36.618  51.177  32.512  36.918  49.851  32.062
  35.688  50.954  30.456  36.497  51.817  30.317  37.002  50.507  29.485  35.668
  49.640  29.755  34.682  49.328  30.695  34.498  49.438  28.986  34.057  50.946
  28.272  35.746  51.838  28.031  36.152  50.554  27.515  35.193  48.454  33.012
  40.535  49.147  33.816  41.105  47.194  33.366  40.111  46.772  32.916  39.313
  46.529  34.639  40.484  47.315  35.391  40.413  45.432  34.891  39.440  44.862
  35.771  39.719  44.725  34.069  39.551  46.021  35.051  38.101  45.485  34.495
  36.926  46.409  34.789  35.952  46.286  34.451  34.929  47.371  35.559  36.469
  48.208  35.792  35.947  47.155  35.765  37.788  47.885  36.329  38.351  45.962
  34.571  41.961  45.446  35.556  42.508  46.009  33.474  42.730  46.649  32.762
  42.397  45.481  33.414  44.097  46.033  34.110  44.729  45.735  32.428  44.502
  43.963  33.561  44.278  43.497  33.984  45.295  43.199  32.941  43.346  43.669
  32.651  42.497  41.739  32.915  43.360  41.341  33.836  43.798  41.164  32.704
  41.919  40.133  32.447  42.143  41.621  31.880  41.380  41.146  33.907  40.968
  42.141  34.349  41.010  40.938  33.354  39.569  40.178  33.911  39.026  41.893
  33.335  39.030  40.569  32.337  39.591  40.089  34.953  41.279  40.119  35.739
  40.524  39.075  34.552  41.295  40.312  35.458  42.218  41.258  31.837  44.364
  40.164  31.958  44.962  41.979  30.732  44.497  42.752  30.664  43.841  41.656
  29.611  45.381  40.680  29.195  45.127  42.685  28.449  45.272  43.612  28.907
  45.605  42.983  28.248  44.243  42.350  27.187  46.088  41.140  26.943  46.364
  43.262  26.289  46.115  41.624  30.088  46.853  42.486  30.810  47.382  40.557
  29.690  47.530  39.887  29.117  47.036  40.053  30.177  48.796  39.029  29.796
  48.773  40.836  29.421  49.933  41.831  29.862  49.966  40.913  28.403  49.540
  40.097  29.321  51.262  38.906  29.025  51.428  40.809  29.494  52.332  41.781
  29.744  52.279  40.286  29.404  53.199  39.818  31.722  48.901  39.513  32.244
  49.984  39.805  32.502  47.797  39.853  32.095  46.863  39.449  33.956  47.824
  40.081  34.414  48.590  39.723  34.589  46.450  38.943  34.294  45.752  40.696
  34.214  46.127  39.668  36.092  46.563  38.739  36.859  45.888  37.959  36.326
  45.365  38.781  38.248  45.843  38.041  38.825  45.299  39.665  38.964  46.652
  39.599  40.337  46.748  40.059  40.697  47.517  40.665  38.227  47.336  41.375
  38.752  47.950  40.721  36.805  47.251  41.419  36.158  47.766  38.034  34.155
  48.154  37.153  33.641  47.461  37.821  34.926  49.202  38.648  35.404  49.516
  36.479  35.190  49.820  36.602  35.716  50.769  35.618  36.051  48.862  34.664
  36.218  49.358  35.514  35.435  47.974  36.198  37.469  48.501  35.505  37.862
  47.761  37.133  37.430  47.943  36.348  38.488  49.632  36.041  37.957  50.534
  35.744  39.380  49.422  37.784  38.830  49.912  38.311  38.103  50.371  38.395
  40.014  49.886  37.893  41.183  49.569  36.959  41.165  49.178  38.370  42.068
  49.499  39.646  40.036  50.054  40.112  39.208  50.404  40.132  40.887  49.824
  35.729  33.892  50.140  34.479  33.864  50.182  36.493  32.871  50.491  37.485
  33.062  50.469  36.073  31.509  50.720  35.117  31.527  51.228  36.755  31.045
  51.432  35.953  30.558  49.518  35.743  29.354  49.751  35.996  31.066  48.328
  35.885  32.066  48.231  35.578  30.258  47.116  34.734  29.610  47.356  35.146
  31.201  45.933  34.992  30.636  45.004  35.860  31.970  45.652  33.744  31.830
  46.235  32.595  31.027  46.090  32.753  30.000  45.797  31.332  31.524  46.353
  30.555  30.780  46.333  31.269  32.853  46.830  30.067  33.332  47.262  30.279
  34.149  47.726  32.398  33.665  46.915  32.239  34.710  47.147  33.630  33.157
  46.572  34.516  33.779  46.563  36.706  29.361  46.732  37.786  29.764  46.344
  36.423  28.052  46.678  35.513  27.716  46.962  37.370  27.026  46.257  38.345
  27.136  46.746  36.860  25.667  46.626  37.068  25.484  47.678  37.429  24.892
  46.105  35.525  25.462  46.212  35.418  24.536  46.430  37.596  27.066  44.744
  36.742  27.370  43.936  38.840  26.758  44.358  39.567  26.814  45.060  39.376
  26.658  42.954  39.553  27.680  42.624  40.709  25.915  42.915  40.584  24.934
  43.364  41.450  26.439  43.519  41.377  25.884  41.559  40.686  25.369  40.905
  41.684  27.261  40.962  42.114  27.189  39.959  40.809  27.907  40.878  42.365
  27.875  41.554  42.741  25.202  41.599  43.070  25.041  40.568  43.402  25.669
  42.324  42.535  24.211  42.009  38.352  26.138  41.883  38.296  26.658  40.774
  37.586  25.132  42.268  37.611  24.778  43.215  36.642  24.504  41.388  36.158
  23.667  41.878  37.180  24.054  40.551  35.525  25.424  40.822  35.074  25.299
  39.728  35.041  26.373  41.610  35.450  26.476  42.524  34.077  27.376  41.251
  33.169  26.957  40.826  33.736  28.271  42.438  33.221  29.149  42.057  34.634
  28.602  42.974  32.928  27.506  43.439  31.754  27.164  43.296  33.504  27.069
  44.492  34.477  27.175  44.741  32.946  26.618  45.215  34.605  28.241  40.110
  33.887  28.360  39.124  35.772  28.853  40.258  36.298  28.633  41.097  36.470
  29.638  39.227  35.916  30.549  39.006  37.790  30.118  39.877  38.240  30.801
  39.150  38.433  29.254  39.996  37.780  30.902  41.203  38.006  30.401  42.380
  38.389  29.421  42.604  37.914  31.340  43.394  38.111  31.166  44.376  37.200
  32.457  42.861  36.685  33.563  43.476  36.607  33.743  44.544  36.037  34.574
  42.644  35.549  35.447  43.063  36.193  34.448  41.254  35.905  35.280  40.632
  36.747  33.321  40.609  36.857  33.271  39.539  37.265  32.241  41.444  36.621
  28.952  37.878  36.386  29.495  36.790  36.980  27.669  37.918  37.214  27.294
  38.832  37.211  26.884  36.669  37.800  27.497  35.983  38.052  25.622  36.974
  37.534  25.091  37.779  38.322  24.598  35.810  38.626  23.612  36.175  37.395
  24.427  35.281  39.089  24.979  35.126  39.439  25.859  37.497  39.822  24.869
  37.741  40.157  26.330  36.822  39.423  26.465  38.406  35.773  26.588  36.158
  35.466  26.901  35.005  34.837  26.113  37.035  34.983  25.869  38.008  33.490
  25.857  36.562  33.386  25.044  35.838  32.517  25.497  37.748  32.321  26.321
  38.435  32.915  24.684  38.349  30.886  24.940  37.123  32.895  27.130  35.875
  32.275  27.007  34.843  33.101  28.288  36.432  33.700  28.437  37.234  32.509
  29.565  35.945  31.428  29.436  35.997  32.909  30.768  36.870  33.951  31.078
  36.814  32.284  31.609  36.570  32.615  30.509  37.887  32.878  29.806  34.497
  31.952  30.000  33.702  34.193  29.657  34.137  34.817  29.355  34.877  34.631
  29.719  32.772  34.265  30.613  32.269  36.180  29.614  32.749  36.542  29.672
  31.724  36.633  30.479  33.249  36.496  28.700  33.253  34.172  28.567  31.886
  33.964  28.787  30.714  34.015  27.297  32.371  33.953  27.185  33.374  33.646
  26.095  31.546  34.288  26.093  30.669  33.722  24.810  32.438  33.152  25.001
  33.340  34.744  24.657  32.791  33.204  23.532  31.736  32.243  23.823  31.319
  33.114  22.756  32.511  34.019  23.063  30.576  35.039  22.758  30.832  33.999
  23.830  29.802  33.392  21.798  29.985  32.311  21.876  29.863  33.580  20.969
  30.668  33.917  21.559  28.614  33.688  22.330  27.992  34.927  21.548  28.564
  33.466  20.765  28.192  32.252  26.236  30.906  32.108  25.936  29.732  31.273
  26.640  31.718  31.563  26.834  32.662  29.882  26.877  31.387  29.539  26.453
  30.437  29.077  26.355  32.554  28.061  26.754  32.506  29.539  26.678  33.494
  29.033  24.865  32.541  29.035  24.054  31.375  29.120  24.485  30.386  29.223
  22.624  31.529  29.219  21.939  30.691  29.140  22.059  32.840  29.362  21.019
  33.007  29.218  22.858  33.965  29.152  22.396  34.934  29.120  24.267  33.831
  29.053  24.834  34.752  29.683  28.383  31.061  28.659  28.680  30.365  30.495
  29.362  31.416  31.220  29.218  32.102  30.332  30.713  30.814  29.265  30.934
  30.880  31.168  31.876  31.375  31.418  32.600  30.610  32.169  31.582  31.691
  30.527  32.673  32.557  31.018  33.623  32.775  30.459  32.070  33.459  29.038
  33.013  32.345  28.667  33.085  31.137  28.198  33.108  33.321  30.818  30.622
  29.340  30.094  31.043  28.469  32.041  30.165  29.037  32.616  29.924  29.826
  32.690  30.315  27.688  32.028  30.808  26.975  33.901  31.317  27.839  33.484
  32.209  28.317  34.375  31.586  26.899  34.854  30.734  28.711  34.523  30.863
  29.612  33.252  29.037  27.006  33.903  29.152  25.937  33.247  27.809  27.658
  32.633  27.699  28.456  34.063  26.636  27.381  33.936  26.033  28.283  33.434
  25.731  26.233  33.460  26.213  25.254  32.394  25.504  26.447  34.182  24.434
  26.249  34.666  23.867  27.235  34.196  23.863  25.109  33.642  24.184  24.328
  34.707  23.006  24.960  35.556  27.031  27.300  36.294  26.638  26.380  36.023
  27.814  28.272  35.443  28.173  29.011  37.427  28.282  28.300  37.511  28.878
  29.209  38.460  27.149  28.671  39.368  27.627  29.034  38.667  26.670  27.718
  37.980  26.131  29.684  38.215  24.794  29.396  38.563  24.453  28.429  37.905
  23.844  30.376  38.164  22.819  30.212  37.280  24.232  31.595  36.968  23.436
  32.252  37.045  25.599  31.853  36.606  25.930  32.791  37.314  26.538  30.833
  37.176  27.603  30.996  37.915  29.167  27.150  39.144  29.233  27.007  37.014
  29.801  26.347  36.067  29.837  26.725  37.360  30.556  25.130  38.241  30.080
  24.700  36.130  30.520  24.192  35.319  30.800  24.854  35.858  29.507  23.882
  36.236  31.376  22.865  37.259  31.981  22.575  35.141  31.514  22.193  34.270
  31.097  22.468  35.149  32.089  21.362  37.646  32.000  25.501  36.647  32.569
  26.040  38.850  32.536  25.330  39.642  31.994  25.043  39.067  34.011  25.652
  38.708  34.192  26.672  40.560  34.416  25.611  40.751  35.487  25.720  41.441
  33.566  26.598  41.102  32.540  26.670  42.491  33.702  26.356  41.295  33.985
  27.602  41.005  34.049  24.343  41.269  34.859  23.906  38.288  34.993  24.821
  38.282  36.129  25.171  37.734  34.528  23.715  37.613  33.555  23.503  37.122
  35.424  22.644  37.344  36.467  22.873  37.797  35.154  21.282  37.327  35.805
  20.555  37.805  34.080  21.082  39.280  35.549  21.211  39.838  34.882  20.548
  39.678  35.393  22.211  39.561  37.011  20.903  39.517  37.562  19.833  39.799
  37.808  21.966  39.824  37.425  22.903  40.237  38.713  21.906  35.541  35.418
  22.579  34.967  35.865  21.586  34.915  34.842  23.595  35.452  34.722  24.443
  33.496  34.768  23.780  33.094  34.305  22.872  33.177  33.732  24.932  32.120
  33.786  25.191  33.384  32.732  24.538  33.757  33.942  25.823  32.801  36.138
  23.952  33.335  36.986  24.682  31.597  36.379  23.379  31.066  35.665  22.896
  30.998  37.661  23.201  31.112  38.217  24.140  31.726  38.536  22.159  31.062
  39.368  21.910  33.028  39.253  22.674  33.861  38.564  22.568  33.211  40.171
  22.095  32.880  39.514  23.721  32.009  37.792  20.989  32.507  38.266  20.326
  29.542  37.369  22.920  29.109  37.083  21.779  28.724  37.557  24.024  29.234
  37.758  24.876  27.321  37.160  24.055  27.068  36.755  23.074  27.113  36.234
  25.283  27.037  36.802  26.214  27.957  35.546  25.298  25.825  35.522  25.098
  25.789  34.598  24.305  24.886  35.887  25.951  25.048  36.783  26.383  23.990
  35.707  25.522  26.474  38.461  24.179  26.560  39.237  25.155  25.557  38.692
  23.233  25.454  37.960  22.547  24.958  39.994  23.046  25.609  40.737  23.496
  24.757  40.280  21.572  24.374  39.404  21.051  25.765  40.464  21.189  23.865
  41.403  21.280  22.907  41.210  21.743  23.755  41.414  20.201  24.401  42.806
  21.690  24.979  42.687  22.607  23.589  43.506  21.855  25.365  43.237  20.573
  26.271  42.798  20.573  24.909  43.690  19.409  25.537  43.484  18.287  26.291
  42.818  18.362  25.283  43.921  17.411  23.794  44.388  19.247  23.265  44.865
  19.953  23.547  44.583  18.286  23.646  40.120  23.796  22.627  39.415  23.548
  23.553  41.117  24.679  24.321  41.696  24.991  22.312  41.391  25.406  21.896
  40.441  25.747  22.582  42.212  26.699  21.577  42.458  27.044  22.898  43.214
  26.408  23.544  41.580  27.621  24.741  41.454  27.362  23.091  41.204  28.743
  22.092  41.196  28.892  23.659  40.528  29.229  21.171  42.047  24.594  21.415
  42.546  23.513  19.946  42.158  25.094  19.801  41.766  26.013  18.748  42.889
  24.562  18.617  42.741  23.486  17.479  42.323  25.254  16.610  42.834  24.863
  17.222  40.918  24.862  16.243  40.634  25.246  17.033  40.951  23.783  18.048
  40.245  25.086  17.432  42.389  26.634  16.768  41.728  26.842  18.824  44.413
  24.784  17.827  45.036  24.432  19.895  45.023  25.353  20.703  44.492  25.665
  20.012  46.352  25.848  19.115  46.904  25.547  19.856  46.351  27.380  19.034
  45.725  27.749  19.649  47.378  27.684  21.099  45.923  28.136  21.927  45.223
  27.491  21.273  46.222  29.320  21.186  47.213  25.382  21.671  48.081  26.062
  21.742  46.787  24.274  21.191  46.045  23.862  23.031  47.195  23.705  23.122
  48.276  23.774  23.008  46.877  22.660  24.302  46.675  24.312  25.367  46.754
  23.691  24.277  46.087  25.553  23.370  45.993  25.974  25.428  45.489  26.243
  26.194  46.249  26.073  25.160  45.348  27.719  24.742  46.298  28.046  26.124
  45.248  28.232  24.265  44.353  28.135  23.366  44.659  27.978  25.770  44.154
  25.604  25.108  43.704  24.718  26.858  43.502  26.046  27.349  43.911  26.834
  27.412  42.189  25.634  26.585  41.485  25.544  28.242  42.388  24.322  28.922
  43.206  24.561  29.157  41.222  23.915  29.580  41.380  22.928  29.903  41.059
  24.681  28.498  40.356  23.816  27.414  42.655  23.175  26.631  43.147  23.444
  28.319  41.742  26.814  28.834  42.591  27.574  28.607  40.469  26.814  28.334
  39.867  26.047  29.432  39.920  27.876  29.586  40.683  28.651  28.746  38.678
  28.515  29.402  38.467  29.363  28.712  37.806  27.861  27.385  39.101  29.130
  26.406  38.288  29.014  27.281  40.145  29.813  30.782  39.466  27.242  30.846
  38.639  26.336  31.871  40.083  27.631  31.904  40.658  28.460  33.215  39.951
  27.080  33.082  39.634  26.047  33.767  41.394  26.969  34.825  41.440  26.699
  33.721  41.902  27.931  32.985  42.193  25.932  33.362  42.105  24.590  34.163
  41.482  24.233  32.651  42.895  23.662  32.992  42.914  22.638  31.693  43.781
  24.055  31.083  44.661  23.145  30.482  45.265  23.590  31.265  43.829  25.369
  30.474  44.521  25.604  31.998  43.110  26.355  31.757  43.101  27.407  34.092
  38.937  27.850  34.284  38.977  29.048  34.576  37.997  27.033  34.198  37.984
  26.096  35.751  37.152  27.347  36.442  37.727  27.960  36.179  36.712  26.451
  35.338  35.962  28.232  34.196  35.604  28.349  36.316  35.222  28.766  37.269
  35.553  28.762  36.328  33.811  29.262  35.875  33.142  28.538  37.774  33.269
  29.358  38.032  32.978  28.341  38.848  34.357  29.769  38.858  35.153  29.024
  38.730  34.647  30.815  39.853  33.937  29.727  37.877  31.871  30.102  37.147
  31.239  29.600  37.608  31.963  31.153  39.270  31.324  29.859  39.255  30.331
  30.287  39.479  31.143  28.800  39.961  31.928  30.452  35.549  33.663  30.642
  34.961  32.591  30.837  35.316  34.758  31.385  35.792  35.620  31.165  34.458
  34.947  32.510  34.172  33.955  32.850  35.225  35.650  33.660  34.553  35.712
  34.515  35.363  36.705  33.430  36.514  34.997  34.160  37.328  35.067  33.431
  36.352  33.504  34.468  37.290  33.010  34.708  35.820  33.346  35.406  35.691
  32.987  33.763  36.992  35.647  35.484  37.562  35.014  36.170  37.519  36.590
  35.332  36.140  35.946  36.097  33.183  35.763  32.207  32.474  36.156  33.106
  32.964  36.092  30.923  33.523  35.614  30.236  31.746  36.785  30.441  31.930
  37.165  29.443  30.546  35.862  30.269  29.658  36.425  29.957  30.250  35.422
  31.220  30.786  34.741  29.227  30.099  33.910  29.358  31.793  34.344  29.335
  30.638  35.287  27.798  29.544  35.358  27.327  31.636  35.755  27.100  32.578
  35.663  27.453  31.435  36.394  26.351  31.324  38.013  31.224  30.301  38.132
  31.791  32.154  39.015  31.188  33.028  38.858  30.712  31.953  40.222  32.028
  31.358  39.993  32.908  33.362  40.679  32.567  33.986  40.918  31.707  33.092
  41.840  33.579  33.990  42.151  34.095  32.646  42.705  33.097  32.395  41.429
  34.313  34.036  39.395  33.274  34.002  38.485  32.680  33.462  39.116  34.164
  35.502  39.529  33.698  35.705  40.458  34.249  35.769  38.637  34.272  36.114
  39.567  32.791  31.206  41.355  31.265  31.499  41.683  30.156  30.096  41.826
  31.847  29.910  41.414  32.746  29.108  42.703  31.170  29.085  42.355  30.136
  27.712  42.597  31.785  27.656  43.174  32.705  27.433  41.551  31.876  26.640
  43.251  30.883  26.352  44.475  30.934  26.005  42.510  29.992  26.384  41.603
  29.765  25.523  43.001  29.248  29.459  44.156  30.961  29.854  44.820  31.895
  29.283  44.706  29.732  28.812  44.128  29.047  29.772  46.014  29.294  30.708
  46.195  29.832  29.997  45.955  27.803  30.709  45.146  27.661  30.432  46.874
  27.382  28.838  45.564  27.161  28.432  46.362  26.830  28.866  47.259  29.650
  29.155  48.431  29.357  27.679  46.970  30.217  27.331  46.035  30.317  26.855
  48.010  30.906  27.040  49.011  30.506  25.400  47.670  30.706  25.046  46.772
  31.215  25.249  47.622  29.628  24.484  48.884  31.032  24.718  49.823  30.523
  24.504  48.904  32.122  23.067  48.491  30.663  22.928  47.425  30.833  22.798
  48.604  29.613  22.102  49.305  31.487  22.504  49.933  32.152  20.821  49.561
  31.194  20.147  48.754  30.455  20.697  47.944  30.204  19.146  48.800  30.273
  20.125  50.419  31.836  20.587  50.948  32.562  19.144  50.545  31.642  27.201
  48.313  32.348  26.885  49.356  32.872  27.938  47.377  32.948  28.225  46.604
  32.369  28.102  47.461  34.395  27.794  48.460  34.720  27.228  46.392  35.082
  27.378  46.430  36.160  27.485  45.412  34.677  25.738  46.592  34.883  24.884
  45.758  34.265  25.191  44.866  33.738  23.579  46.339  34.187  22.761  45.909
  33.782  23.576  47.522  34.886  22.538  48.467  35.179  21.552  48.160  34.843
  22.894  49.624  35.765  22.184  50.357  36.118  24.270  49.888  36.137  24.503
  50.786  36.679  25.279  48.905  35.896  26.303  49.110  36.172  24.961  47.745
  35.199  29.543  47.226  34.816  29.978  47.879  35.750  30.339  46.317  34.194
  29.937  45.718  33.489  31.611  45.916  34.780  31.744  46.382  35.761  31.542
  44.523  35.176  32.474  44.294  35.691  31.578  43.916  34.266  30.689  44.190
  35.767  32.825  46.188  33.864  33.932  46.357  34.380  32.614  46.287  32.563
  31.728  46.067  32.146  33.572  46.942  31.693  34.412  47.424  32.196  34.314
  45.868  30.735  34.713  45.096  31.395  35.114  46.402  30.218  33.362  44.863
  29.431  32.846  48.106  30.928  31.628  48.258  30.997  33.685  48.792  30.068
  34.683  48.643  30.041  33.306  49.848  29.072  32.216  49.937  29.011  33.903
  51.231  29.512  34.934  51.067  29.846  33.444  51.542  30.451  33.894  52.383
  28.471  33.018  52.556  27.656  34.844  53.268  28.667  35.518  52.974  29.366
  35.024  53.973  27.962  33.799  49.408  27.665  34.903  48.985  27.503  32.901
  49.489  26.712  31.924  49.633  26.949  33.094  49.073  25.358  34.163  48.863
  25.361  32.289  47.852  24.887  32.069  47.118  25.662  33.089  47.325  24.379
  31.072  48.087  23.984  31.047  47.586  22.823  30.274  48.961  24.346  32.897
  50.258  24.398  33.044  50.135  23.189  32.553  51.461  24.960  32.592  51.389
  25.971  32.148  52.664  24.322  32.711  52.782  23.404  32.362  53.465  25.026
  30.705  52.788  23.803  30.085  53.894  23.799  30.100  51.695  23.328  30.592
  50.821  23.379  28.854  51.773  22.578  28.493  52.795  22.513  29.027  51.395
  21.133  29.818  51.969  20.645  28.066  51.726  20.726  29.260  49.925  20.747
  28.732  49.354  21.522  30.296  49.614  20.663  28.544  49.539  19.470  28.814
  50.243  18.685  27.466  49.631  19.599  28.838  48.111  19.173  29.709  47.759
  19.551  28.203  47.282  18.394  28.681  46.115  18.220  29.463  45.807  18.779
  28.239  45.615  17.463  27.191  47.689  17.666  26.880  48.653  17.761  26.948
  47.156  16.847  27.694  51.116  23.281  26.597  51.643  23.092  27.946  50.292
  24.303  28.875  49.957  24.511  26.993  50.000  25.378  26.183  49.527  24.824
  27.513  49.022  26.361  28.332  49.504  26.885  26.487  48.580  27.358  26.773
  47.625  27.793  26.221  49.375  28.057  25.600  48.298  26.792  28.187  47.906
  25.794  28.895  48.199  25.222  26.541  51.267  26.069  27.392  51.821  26.732
  25.295  51.797  26.022  24.174  51.334  25.250  23.534  50.711  25.877  24.450
  50.775  24.357  23.432  52.604  24.904  22.407  52.359  24.618  23.901  53.237
  24.148  23.552  53.446  26.158  22.915  53.026  26.942  23.221  54.479  26.123
  25.022  53.178  26.479  25.624  53.913  25.941  25.208  53.394  27.974  24.658
  52.633  28.793  26.001  54.414  28.379  26.251  55.089  27.674  25.908  54.820
  29.772  24.872  54.945  30.060  26.536  55.705  29.791  26.488  53.813  30.825
  26.231  54.007  31.984  27.336  52.888  30.394  27.415  52.779  29.395  27.914
  51.849  31.317  27.129  51.119  31.518  29.153  51.275  30.666  29.869  52.076
  30.485  28.900  50.801  29.717  29.761  50.263  31.429  29.888  49.512  30.851
  28.472  52.526  32.580  29.141  53.608  32.445  28.397  51.877  33.723  27.928
  50.972  33.733  28.991  52.194  34.952  29.270  53.241  34.910  27.979  51.944
  36.076  28.431  52.326  36.995  27.851  50.878  36.256  26.634  52.644  35.936
  26.274  52.685  36.959  25.923  52.099  35.302  26.523  54.076  35.441  26.634
  54.176  34.368  27.313  54.706  35.853  25.231  54.595  35.814  25.072  54.764
  36.803  24.205  54.770  35.010  24.311  54.486  33.754  25.238  54.521  33.365
  23.527  54.632  33.139  22.952  55.148  35.355  22.591  55.258  36.297  22.165
  55.074  34.734  30.358  51.566  35.220  31.070  52.046  36.115  30.872  50.697
  34.391  30.302  50.428  33.611  32.318  50.283  34.365  32.385  49.313  33.882
  33.078  51.239  33.421  32.981  52.276  33.743  32.540  51.217  32.476  34.482
  50.810  33.115  34.905  49.723  33.471  35.253  51.622  32.453  34.769  52.461
  32.173  36.158  51.436  32.038  32.919  50.113  35.783  33.968  50.680  36.163
  32.330  49.303  36.643  31.414  48.899  36.469  32.702  49.255  38.041  32.655
  50.273  38.433  31.721  48.389  38.845  32.068  48.163  39.846  31.637  47.459
  38.283  30.268  48.994  38.958  29.911  49.259  37.956  29.282  47.961  39.426
  28.255  48.330  39.359  29.439  46.953  39.042  29.420  47.749  40.489  30.148
  50.242  39.867  29.111  50.581  39.841  30.596  50.186  40.864  30.680  51.027
  39.318  34.139  48.666  38.258  34.769  48.729  39.321  34.905  48.170  37.219
  34.526  48.167  36.283  36.321  47.708  37.304  36.629  47.544  38.335  36.442
  46.324  36.608  37.509  46.231  36.410  35.844  46.404  35.702  35.808  44.947
  37.569  37.376  48.719  36.746  38.614  48.370  36.891  36.912  49.914  36.229
  35.913  50.022  36.177  37.767  50.987  35.682  37.081  51.757  35.334  38.593
  51.559  36.804  39.240  50.822  37.281  37.963  51.761  37.667  39.331  52.845
  36.394  38.820  53.605  35.545  40.527  53.033  36.880  41.022  52.204  37.170
  41.081  53.771  36.461  38.511  50.536  34.383  39.425  51.251  34.021  38.025
  49.538  33.685  37.094  49.190  33.870  38.750  49.119  32.445  39.445  49.897
  32.125  39.602  47.886  32.760  40.171  47.625  31.859  40.863  48.210  33.612
  41.466  47.318  33.803  41.505  48.956  33.143  40.464  48.531  34.570  38.955
  46.613  33.339  37.989  46.502  32.840  38.875  46.643  34.419  39.769  45.356
  32.844  39.495  44.458  33.392  39.627  45.148  31.778  40.832  45.538  32.960
  37.896  48.874  31.168  36.657  48.837  31.290  38.474  48.747  29.964  39.923
  48.919  29.698  40.469  48.071  30.108  40.346  49.774  30.218  40.110  48.990
  28.184  40.448  48.020  27.818  40.714  49.817  27.794  38.647  49.134  27.705
  38.483  48.619  26.756  38.477  50.206  27.708  37.801  48.522  28.784  36.847
  49.042  28.894  37.565  47.069  28.532  38.390  46.198  28.890  36.515  46.736
  27.828  35.850  47.457  27.571  36.308  45.339  27.385  36.271  44.726  28.286
  34.891  45.190  26.711  34.649  44.158  26.481  34.907  45.723  25.761  33.587
  45.971  27.759  37.404  44.752  26.445  37.583  43.540  26.405  38.176  45.603
  25.752  37.925  46.585  25.737  39.345  45.158  24.999  39.021  44.350  24.347
  39.788  46.349  24.154  38.915  46.556  23.538  40.631  46.189  23.469  39.947
  47.503  24.992  40.828  47.821  24.778  40.458  44.564  25.890  41.206  43.758
  25.377  40.593  44.986  27.141  39.963  45.620  27.616  41.584  44.311  27.954
  42.490  44.402  27.354  41.753  45.014  29.290  42.674  44.643  29.749  41.842
  46.101  29.180  40.957  44.723  29.983  41.212  42.818  28.155  42.054  41.920
  28.143  39.871  42.573  28.342  39.228  43.339  28.324  39.331  41.271  28.520
  39.744  40.743  29.386  37.856  41.490  28.820  37.410  40.560  29.151  37.330
  41.799  27.919  37.475  42.464  29.926  37.772  43.487  29.705  35.986  42.451
  30.140  35.780  43.099  31.001  35.493  42.901  29.287  35.560  41.479  30.382
  38.034  42.084  31.338  37.718  42.850  32.047  37.678  41.123  31.689  39.115
  42.125  31.377  39.471  40.329  27.355  39.471  39.111  27.497  39.645  40.805
  26.145  39.735  41.816  26.206  39.867  40.071  24.926  39.259  39.169  25.028
  39.233  40.876  23.737  39.541  40.466  22.771  39.634  41.884  23.815  37.674
  40.950  23.740  37.407  41.410  24.695  37.173  41.905  22.637  36.092  41.943
  22.517  37.603  42.903  22.726  37.541  41.535  21.681  36.901  39.577  23.742
  35.823  39.709  23.860  37.057  39.009  22.831  37.165  39.051  24.659  41.332
  39.656  24.809  41.790  39.491  23.678  41.999  39.379  25.888  41.590  39.678
  26.757  43.436  39.045  25.851  43.910  39.354  24.921  44.173  39.769  26.971
  43.670  39.610  27.929  44.170  40.803  26.643  45.541  39.370  27.176  46.069
  39.803  26.493  43.502  37.476  25.939  42.722  36.815  26.628  44.500  36.894
  25.230  44.990  37.518  24.594  44.909  35.512  25.351  43.973  34.969  25.259
  45.855  35.212  24.167  46.712  34.598  24.430  46.239  36.089  23.657  45.110
  34.511  23.206  45.694  34.652  22.458  45.477  35.101  26.723  45.778  33.960
  26.841  45.705  36.047  27.684  45.671  37.012  27.387  46.136  35.877  29.043
  46.417  34.826  29.140  47.427  36.809  29.265  47.150  37.712  28.711  48.278
  36.264  28.866  47.703  37.212  30.675  48.245  38.339  30.780  47.137  36.595
  31.652  44.877  36.214  29.889  44.336  37.316  29.744  44.549  35.465  30.876
  45.164  34.703  31.134  43.389  35.701  31.753  42.595  36.006  31.064  42.912
  34.416  32.330  41.897  34.601  32.666  42.732  33.337  31.211  41.968  32.629
  31.521  42.477  33.812  30.265  43.595  32.677  31.105  43.649  33.921  33.592
  43.733  34.822  34.206  44.664  33.598  33.369  42.885  32.801  34.290  41.848
  33.122  34.364  42.861  31.871  33.737  43.222  32.606  35.310  43.579  36.897
  32.740  42.598  37.356  33.301  44.766  37.440  32.939  45.537  36.975  32.480
  45.244  38.375  33.998  45.010  37.965  34.988  46.687  38.789  33.817  46.863
  39.300  32.866  47.255  39.733  34.885  48.316  39.950  34.731  46.675  40.649
  34.944  47.161  39.362  35.913  47.497  37.623  33.920  47.345  37.090  33.131
  44.376  39.693  33.962  43.991  40.157  35.098  43.991  40.285  32.785  44.481
  40.085  31.924  43.050  41.361  32.635  43.473  42.158  33.246  43.072  41.866
  31.225  42.347  42.648  30.998  44.075  42.285  31.138  43.007  40.994  30.571
  41.712  41.014  33.243  41.267  41.705  34.135  41.018  39.963  32.829  41.416
  39.416  32.084  39.720  39.575  33.388  39.006  40.399  33.260  39.211  38.365
  32.574  38.222  38.131  32.977  39.875  37.522  32.763  39.150  38.580  31.190
  40.068  38.617  30.921  39.809  39.170  34.814  38.839  39.602  35.536  40.887
  38.528  35.286  41.487  38.011  34.660  40.926  38.093  36.704  39.945  37.697
  36.980  41.977  36.936  36.825  42.896  37.319  36.379  41.657  35.683  35.970
  42.510  35.003  35.864  40.827  35.169  36.457  41.299  35.848  34.950  42.286
  36.519  38.300  43.048  35.750  38.206  42.719  37.365  38.850  41.447  36.117
  38.845  41.105  39.229  37.642  40.486  39.274  38.747  41.901  40.223  37.177
  42.412  40.203  36.312  42.099  41.338  38.085  42.226  40.995  39.120  43.453
  42.079  37.729  43.505  43.152  37.909  43.643  42.068  36.647  44.533  41.373
  38.472  44.625  41.493  39.669  45.329  40.612  37.718  45.150  40.625  36.719
  45.988  40.014  38.192  40.899  42.310  38.109  40.994  43.292  38.820  39.809
  42.027  37.384  39.866  41.235  36.767  38.516  42.651  37.545  38.580  43.542
  38.158  37.838  43.034  36.224  37.994  42.161  35.598  38.354  43.954  35.942
  36.061  43.273  36.386  37.654  41.624  38.371  37.107  42.077  39.358  37.740
  40.280  38.215  38.401  39.932  37.534  36.937  39.309  38.880  35.887  39.515
  38.656  37.159  38.004  38.181  36.527  37.310  38.729  36.930  38.087  37.111
  38.237  37.805  38.234  37.081  39.275  40.399  36.178  39.179  41.249  38.278
  39.682  40.801  38.982  39.712  40.083  38.764  40.072  42.159  38.634  39.296
  42.915  40.285  40.334  41.971  40.748  40.915  42.776  40.432  40.887  41.049
  40.943  38.959  41.999  40.420  38.281  41.326  40.828  38.518  42.998  42.401
  39.119  41.653  42.854  39.828  42.346  42.508  39.651  40.712  43.240  37.882
  41.687  43.751  37.820  40.733  42.642  36.979  41.779  44.180  37.902  42.758
  44.851  37.191  42.484  44.688  38.767  42.688  43.768  37.823  43.673  38.172
  41.318  42.763  37.782  41.243  43.948  37.774  42.369  42.008  38.025  42.339
  41.026  36.888  43.484  42.406  37.141  43.820  43.408  37.040  44.654  41.333
  36.360  45.465  41.605  36.877  44.317  40.311  38.485  45.250  41.319  39.207
  44.431  41.207  38.758  45.685  42.269  38.666  46.370  40.257  37.925  47.159
  40.400  38.453  45.924  39.287  40.121  46.878  40.314  40.854  46.070  40.282
  40.245  47.413  41.254  40.298  47.715  39.138  41.242  48.076  39.102  40.236
  47.229  38.257  39.726  48.551  39.168  35.464  43.018  42.448  34.745  43.262
  43.420  35.018  42.214  41.456  35.580  42.164  40.621  33.593  41.776  41.377
  32.920  42.641  41.328  33.393  40.905  40.124  34.186  40.176  40.050  32.065
  40.076  40.111  32.141  39.282  39.375  31.870  39.636  41.091  31.260  40.791
  39.946  33.551  41.802  38.916  34.592  42.090  38.802  32.991  42.730  39.075
  33.143  41.221  37.550  32.893  41.990  36.819  33.913  40.537  37.215  32.238
  40.631  37.669  33.107  41.022  42.585  32.075  41.352  43.179  33.801  39.943
  43.018  34.613  39.646  42.496  33.283  39.087  44.119  32.287  38.722  43.864
  34.212  37.860  44.212  34.229  37.343  43.251  35.630  38.304  44.601  36.028
  38.916  43.786  35.614  38.881  45.521  36.253  37.431  44.741  33.741  36.841
  45.135  34.362  35.953  45.015  33.853  37.159  46.168  32.697  36.539  45.040
  33.132  39.824  45.497  32.535  39.265  46.393  33.755  41.002  45.690  34.341
  41.323  44.929  33.634  41.874  46.836  33.306  41.312  47.709  34.934  42.510
  47.273  34.727  42.959  48.237  35.284  43.243  46.546  35.916  41.494  47.482
  36.398  41.375  46.659  32.593  43.020  46.655  32.257  43.621  47.648  31.833
  43.028  45.582  32.181  42.490  44.798  30.679  43.935  45.366  31.071  44.907
  45.665  30.205  43.873  43.921  29.943  42.850  43.662  31.013  44.204  43.268
  28.931  44.790  43.657  27.864  44.325  43.375  29.084  46.021  43.763  29.415
  43.663  46.283  28.828  44.666  46.691  29.027  42.422  46.629  29.566  41.670
  46.237  27.761  42.198  47.395  27.117  43.039  47.126  27.923  42.365  48.461
  26.929  40.963  47.295  25.874  40.894  47.896  27.262  39.985  46.459  28.149
  40.088  45.989  26.508  38.758  46.238  26.015  38.579  47.186  25.422  39.108
  45.162  25.853  39.166  44.166  24.903  39.990  45.521  24.202  38.216  45.009
  23.676  37.778  45.942  23.738  37.978  43.767  24.055  38.471  42.945  22.931
  37.393  43.605  27.323  37.483  45.873  26.843  36.358  45.898  28.654  37.580
  45.799  29.052  38.507  45.819  29.632  36.428  45.651  29.360  35.602  46.298
  30.637  36.783  45.885  29.673  35.921  44.189  29.261  36.618  43.250  30.019
  34.633  43.949  30.342  34.115  44.755  30.041  34.058  42.559  30.622  34.741
  41.931  30.808  32.759  42.475  30.645  32.333  41.484  30.418  32.025  43.192
  32.274  32.982  42.847  32.425  33.110  43.914  32.649  33.922  42.437  33.427
  31.770  42.218  33.193  32.080  40.404  32.131  32.125  40.133  33.740  33.001
  40.173  33.540  31.236  39.816  28.604  33.999  41.883  28.521  33.837  40.636
  27.524  34.283  42.648  27.655  34.499  43.633  26.150  34.395  42.089  25.787
  33.490  41.608  25.083  34.804  43.152  24.171  35.073  42.625  25.446  35.710
  43.642  24.831  33.663  44.105  24.120  32.705  43.848  25.452  33.709  45.268
  25.824  34.563  45.670  25.161  32.952  45.865  26.000  35.487  40.960  25.023
  35.443  40.270  26.957  36.445  40.784  27.744  36.579  41.395  26.857  37.457
  39.747  25.943  38.047  39.835  28.147  38.339  39.959  28.150  39.218  39.313
  28.270  38.637  41.003  29.081  37.817  39.750  26.798  36.792  38.339  26.026
  37.325  37.556  27.486  35.703  38.162  28.080  35.390  38.912  27.608  35.077
  36.822  27.489  35.896  36.108  28.960  34.382  36.672  28.826  33.797  35.763
  29.074  33.827  37.601  30.108  35.300  36.565  30.504  35.996  35.438  30.054
  35.862  34.465  31.525  36.842  35.754  31.985  37.467  35.108  31.975  36.612
  37.054  32.997  37.147  37.865  33.659  37.842  37.376  33.275  36.648  39.171
  34.064  37.012  39.818  32.468  35.563  39.598  32.781  34.975  40.456  31.367
  35.109  38.857  30.704  34.362  39.246  31.120  35.608  37.540  26.495  34.031
  36.491  25.958  33.394  37.468  26.072  33.922  35.217  26.580  34.354  34.464
  24.852  33.166  34.831  24.170  33.258  35.666  24.175  33.740  33.557  24.006
  34.812  33.590  24.900  33.419  32.206  24.497  33.947  31.350  25.855  33.950
  32.197  24.948  32.363  31.944  22.769  33.191  33.480  22.315  33.579  32.567
  22.778  32.118  33.309  22.108  33.323  34.344  25.207  31.641  34.735  24.423
  30.777  35.238  26.389  31.322  34.270  26.995  32.102  34.040  26.898  29.949
  34.390  26.326  29.224  33.818  28.365  29.999  34.015  28.879  29.068  34.267
  28.367  30.169  32.942  28.847  30.853  34.486  26.846  29.455  35.850  26.410
  28.356  36.223  27.293  30.348  36.760  27.738  31.177  36.391  27.442  29.962
  38.155  27.994  29.017  38.177  28.478  30.807  38.961  28.019  31.737  39.288
  29.334  31.068  38.338  28.944  30.205  40.207  30.108  29.467  40.390  30.910
  29.287  39.695  30.186  28.979  41.668  31.044  28.527  41.948  29.136  29.422
  42.380  28.847  29.250  43.766  29.487  28.604  44.362  27.869  30.058  44.261
  27.770  30.168  45.330  26.948  30.752  43.477  26.127  31.268  43.935  27.206
  30.805  42.083  26.505  31.340  41.450  28.296  30.225  41.533  26.117  29.688
  38.943  25.932  28.580  39.525  25.104  30.555  38.817  25.359  31.456  38.428
  23.726  30.318  39.374  23.767  30.327  40.464  22.835  31.560  39.020  21.785
  31.343  39.224  23.009  31.900  38.002  23.164  32.714  39.976  24.176  33.061
  39.741  23.151  32.383  41.023  22.043  33.762  39.838  22.346  34.620  40.430
  21.063  33.417  40.173  21.755  34.270  38.441  20.957  33.761  38.088  22.315
  35.099  37.581  21.767  35.404  36.430  20.871  34.950  36.297  22.238  36.069
  35.834  23.433  35.694  37.830  23.881  35.716  38.736  23.683  36.410  37.165
  23.110  28.985  38.943  22.371  28.316  39.712  23.375  28.610  37.687  23.926
  29.266  37.160  22.469  27.636  36.973  21.722  27.245  37.667  21.676  28.343
  35.878  21.292  27.584  35.195  22.347  28.997  35.320  20.487  29.064  36.416
  20.583  30.066  37.117  19.299  28.538  36.066  19.256  27.846  35.339  18.507
  28.974  36.526  23.142  26.398  36.369  22.449  25.486  35.892  24.522  26.307
  36.448  25.063  27.098  36.779  25.268  25.142  36.022  24.649  24.238  36.044
  25.835  25.191  34.565  26.587  24.412  34.472  26.332  26.144  34.413  24.802
  24.831  33.501  23.868  25.363  33.680  24.700  23.749  33.371  25.273  25.322
  32.108  24.613  24.884  31.371  26.309  25.019  31.953  25.085  26.750  31.884
  24.857  27.326  32.676  25.461  27.426  30.768  25.625  26.933  29.585  25.645
  25.931  29.483  25.703  27.488  28.754  25.594  28.707  30.864  25.115  29.165
  31.630  25.871  29.209  30.022  26.333  24.789  36.968  26.701  23.615  36.906
  26.869  25.690  37.807  26.576  26.639  37.623  27.856  25.369  38.834  28.304
  24.429  38.537  29.016  26.350  38.926  29.808  25.964  39.565  28.639  27.243
  39.413  29.683  26.576  37.335  27.176  25.110  40.215  27.211  24.020  40.795
  26.661  26.205  40.751  26.725  27.086  40.264  26.123  26.204  42.086  26.969
  26.148  42.769  25.306  27.494  42.210  24.440  27.540  41.537  25.963  28.345
  42.059  24.751  27.654  43.623  25.518  27.701  44.385  24.106  26.826  43.924
  23.863  28.905  43.729  22.967  28.872  43.108  24.457  29.722  43.319  23.619
  29.184  45.216  24.605  29.293  45.675  23.126  28.357  45.736  22.833  30.464
  45.371  22.573  30.684  46.320  23.297  31.273  44.992  21.928  30.414  44.920
  25.225  25.008  42.406  24.187  24.856  41.778  25.587  24.203  43.457  26.355
  24.507  44.045  24.829  23.037  43.845  23.806  23.089  43.474  24.830  23.086
  44.934  25.605  21.763  43.511  25.674  20.879  44.406  26.193  21.657  42.337
  26.257  22.548  41.870  27.008  20.639  41.757  26.480  19.695  41.839  27.066
  20.841  40.233  27.223  19.870  39.749  25.774  21.281  39.607  24.892  20.746
  39.955  25.665  22.364  39.698  25.964  21.210  38.536  28.081  21.735  39.867
  27.813  22.536  40.325  28.383  20.477  42.397  28.956  21.412  42.936  28.931
  19.261  42.324  28.370  18.558  41.872  30.244  19.049  42.886  30.197  19.537
  43.858  30.455  17.615  43.340  30.321  16.950  42.483  29.719  17.355  44.101
  31.818  17.314  43.993  31.931  16.121  44.463  32.716  18.196  43.998  31.362
  19.684  42.064  31.979  19.004  41.270  31.545  20.983  42.089  30.925  21.490
  42.706  32.475  21.790  41.266  32.223  21.563  40.232  32.222  23.288  41.581
  33.041  23.771  41.045  30.860  23.729  40.936  30.332  24.475  41.538  31.015
  24.190  39.966  30.161  22.894  40.857  32.208  23.624  43.036  31.308  23.211
  43.491  33.128  23.224  43.464  32.199  24.716  43.096  33.952  21.398  41.399
  34.740  21.867  40.593  34.333  20.522  42.351  33.615  20.159  42.955  35.690
  20.071  42.447  36.348  20.935  42.435  35.897  19.474  43.826  35.697  18.405
  43.797  35.279  20.042  44.521  37.351  19.499  44.282  37.671  20.536  44.280
  37.900  19.098  43.424  37.616  18.719  45.544  37.571  19.191  46.716  37.843
  17.494  45.393  37.961  17.096  44.469  38.216  17.005  46.199  36.020  19.008
  41.362  37.205  18.811  41.015  34.988  18.495  40.641  34.064  18.779  40.955
  35.080  17.712  39.434  35.312  16.673  39.631  33.654  17.625  38.879  33.641
  17.266  37.845  33.045  17.033  39.555  33.233  18.629  38.865  36.067  18.354
  38.393  37.006  17.657  37.927  35.917  19.662  38.181  35.166  20.148  38.659
  36.696  20.409  37.270  36.752  19.960  36.278  36.108  21.813  37.171  36.727
  22.375  36.475  36.161  22.260  38.162  34.633  21.847  36.634  33.543  22.249
  37.317  33.626  22.616  38.329  32.433  21.897  36.633  31.539  22.053  37.069
  32.707  21.234  35.512  31.912  20.544  34.552  30.831  20.465  34.603  32.526
  20.026  33.355  31.935  19.657  32.527  33.946  20.172  33.249  34.446  19.890
  32.339  34.741  20.753  34.272  35.801  20.900  34.129  34.147  21.279  35.418
  38.149  20.432  37.636  38.866  20.880  36.761  38.676  20.048  38.799  37.980
  19.776  39.470  40.119  19.972  39.177  40.703  20.130  38.268  40.539  21.026
  40.194  41.600  20.970  40.395  40.146  22.399  39.593  40.618  23.254  40.073
  40.427  22.448  38.539  39.078  22.610  39.659  39.850  20.938  41.592  40.144
  19.930  41.888  38.760  20.947  41.562  40.360  21.942  42.660  40.085  21.593
  43.649  41.430  22.082  42.597  39.887  22.914  42.467  40.611  18.566  39.667
  41.773  18.421  39.999  39.761  17.542  39.604  38.839  17.774  39.258  40.199
  16.160  39.744  40.816  16.071  40.640  38.982  15.274  39.891  39.169  14.256
  39.538  38.369  15.726  39.109  38.345  15.345  41.286  38.148  16.372  41.580
  39.027  14.861  41.989  36.988  14.607  41.272  37.216  13.579  40.979  36.426
  15.118  40.488  36.170  14.617  42.540  36.696  14.488  43.398  34.926  15.092
  42.713  34.130  15.432  41.754  34.308  15.074  40.829  33.142  15.494  41.922
  34.538  15.207  43.905  35.189  14.762  44.547  33.684  15.718  44.074  41.054
  15.681  38.545  40.838  16.223  37.427  42.037  14.795  38.721  42.152  14.461
  39.666  43.013  14.268  37.731  42.512  14.075  36.779  43.448  13.340  38.114
  44.151  15.293  37.492  45.294  14.809  37.290  43.924  16.618  37.651  42.948
  16.830  37.806  44.945  17.621  37.733  45.645  17.429  36.910  44.376  19.023
  37.534  45.190  19.711  37.314  43.958  19.413  38.461  43.145  19.259  36.160
  45.735  17.437  39.050  45.133  17.212  40.109  47.086  17.593  38.964  47.510
  17.813  38.066  48.039  17.974  40.019  47.458  18.006  40.944  49.059  16.787
  40.170  49.832  16.786  39.403  48.450  15.881  40.092  49.562  16.678  41.628
  50.065  15.727  41.800  48.709  16.768  42.305  50.576  17.766  42.009  50.736
  17.774  43.088  50.103  18.717  41.807  51.858  17.622  41.320  52.207  16.704
  41.053  52.623  18.627  40.864  53.685  18.414  40.138  54.137  17.512  40.250
  54.251  19.225  39.948  52.267  19.924  41.085  51.434  20.152  41.618  52.640
  20.702  40.577  48.690  19.335  39.848  49.504  19.501  38.937  48.348  20.246
  40.815  47.680  19.853  41.459  48.459  21.662  40.659  47.982  21.849  39.690
  47.667  22.421  41.863  48.227  23.348  41.961  47.771  21.897  42.811  46.220
  22.890  41.628  45.832  23.320  42.544  46.039  23.962  40.520  45.016  23.935
  40.160  46.382  24.926  40.890  46.660  23.771  39.648  45.384  21.699  41.147
  44.327  21.940  41.222  45.662  21.398  40.139  45.574  20.920  41.889  49.874
  22.208  40.586  50.551  21.949  41.564  50.204  23.040  39.738  29.417  39.576
  36.504  28.167  39.293  35.721  28.048  40.424  34.592  29.231  40.263  37.344
  30.307  39.989  36.009  29.773  38.661  36.998  27.333  39.193  36.431  28.284
  38.352  35.187  27.199  40.140  33.964  28.942  40.404  33.963  27.831  41.365
  35.107
  42.566  32.716  22.764  42.044  33.337  23.360  43.347  33.266  22.410  41.948
  32.430  22.022  42.992  31.462  23.447  43.482  30.868  22.671  44.062  31.709
  24.525  43.623  32.520  25.118  44.960  31.996  23.974  44.391  30.508  25.389
  44.460  29.659  24.709  43.555  30.353  26.067  45.708  30.729  26.105  45.549
  31.569  26.786  46.474  30.914  25.357  46.025  29.376  26.851  46.083  28.566
  26.131  45.209  29.211  27.550  47.352  29.588  27.618  47.550  28.743  28.127
  48.088  29.774  26.949  47.162  30.288  28.310  41.840  30.616  23.887  40.887
  31.129  24.418  42.031  29.304  23.863  42.784  28.921  23.302  41.300  28.349
  24.652  40.558  28.922  25.210  40.486  27.293  23.812  41.167  26.800  23.123
  39.355  28.040  22.951  38.597  27.321  22.636  38.915  28.811  23.574  39.819
  28.344  22.003  39.787  26.291  24.761  39.148  25.617  24.205  40.518  25.743
  25.352  39.065  26.824  25.400  42.312  27.624  25.553  43.386  27.171  25.141
  41.932  27.554  26.827  41.047  27.924  27.160  42.765  26.841  27.840  43.813
  26.911  27.561  42.700  27.500  29.232  43.012  26.809  30.019  41.622  27.560
  29.420  43.441  28.818  29.449  43.153  29.950  28.686  42.288  29.948  28.043
  43.823  31.180  28.965  43.366  32.057  28.547  44.871  31.245  29.896  45.379
  32.183  30.019  45.218  30.062  30.589  46.153  30.062  31.121  44.469  28.904
  30.410  44.757  27.989  30.910  42.406  25.376  27.983  41.192  25.002  27.837
  43.353  24.474  28.367  44.292  24.724  28.106  43.099  23.235  29.066  44.078
  22.791  29.254  42.510  22.512  28.520  42.422  23.428  30.459  42.644  24.377
  31.204  41.598  22.429  30.858  41.598  21.533  30.390  41.008  22.470  32.123
  40.354  23.335  32.196  40.111  21.228  32.316  40.734  20.333  32.273  39.315
  21.184  31.573  39.441  21.191  33.692  38.828  22.087  33.805  40.187  21.137
  34.487  38.583  19.898  33.776  37.827  19.873  32.982  38.030  19.854  34.711
  39.384  18.642  33.776  39.434  18.190  32.872  39.818  17.984  34.852  40.320
  16.789  34.794  40.229  16.278  33.931  40.554  16.380  35.687  39.881  18.509
  36.035  39.499  19.405  36.286  40.253  17.936  36.789  42.008  22.648  33.273
  41.741  23.463  34.204  43.203  22.029  33.181  43.403  21.417  32.408  44.200
  21.965  34.154  43.689  22.101  35.107  44.981  20.689  34.105  45.709  20.825
  34.918  45.544  20.653  33.171  44.003  19.178  34.333  45.237  23.116  33.991
  45.897  23.454  34.961  45.491  23.578  32.753  45.081  23.011  32.033  46.199
  24.931  32.569  47.182  24.830  33.023  46.398  25.139  31.025  45.506  25.468
  30.487  46.598  24.181  30.546  47.373  26.217  30.653  48.363  25.865  30.970
  47.153  27.117  31.233  47.495  26.738  29.235  46.451  26.956  28.580  48.615
  27.115  28.821  45.472  26.144  33.199  46.133  27.067  33.742  44.141  26.191
  33.039  43.771  25.417  32.512  43.322  27.145  33.673  43.677  28.139  33.387
  41.935  26.925  32.976  41.590  25.920  33.193  41.968  27.131  31.903  40.887
  27.921  33.582  40.704  27.786  34.655  41.256  29.416  33.379  40.564  29.949
  34.027  42.250  29.594  33.769  41.149  29.692  32.326  39.500  27.731  32.935
  38.769  28.402  33.382  39.583  27.866  31.852  39.085  26.736  33.062  43.273
  27.006  35.185  43.326  28.005  35.922  43.209  25.763  35.712  42.999  24.996
  35.084  43.248  25.432  37.196  42.405  25.885  37.717  43.110  23.917  37.458
  42.957  23.782  38.531  42.263  23.475  36.940  44.044  23.417  37.187  44.576
  26.000  37.718  44.529  26.813  38.608  45.709  25.734  37.083  45.779  25.044
  36.351  46.997  26.370  37.434  47.133  26.093  38.477  48.096  25.672  36.635
  49.041  26.139  36.891  48.099  24.594  36.779  47.859  25.840  35.584  47.036
  27.929  37.323  47.628  28.607  38.220  46.382  28.450  36.302  45.744  27.877
  35.764  46.331  29.927  36.092  47.342  30.299  35.979  45.712  30.154  34.764
  45.996  31.168  34.458  46.262  29.531  34.068  44.640  30.019  34.604  45.695
  30.668  37.338  46.306  31.454  38.053  44.445  30.310  37.572  44.015  29.684
  36.904  43.687  30.820  38.702  43.443  31.880  38.560  42.332  30.030  38.743
  41.810  30.216  39.685  42.523  28.985  38.515  41.415  30.410  37.555  41.735
  29.936  36.639  41.341  31.478  37.311  39.771  29.682  37.638  38.769  30.745
  36.561  37.805  30.260  36.425  38.710  31.751  36.979  39.292  30.779  35.607
  44.367  30.624  40.099  44.099  31.437  40.971  45.161  29.572  40.357  45.532
  29.128  39.530  46.040  29.482  41.561  45.500  29.927  42.400  46.173  28.015
  41.880  46.783  27.461  41.162  45.200  27.532  41.944  46.722  27.750  43.309
  46.172  28.403  43.995  47.764  28.073  43.276  46.746  26.257  43.829  47.407
  25.674  43.181  45.694  25.964  43.811  47.216  26.103  45.277  48.200  26.558
  45.373  47.230  25.025  45.431  46.226  26.602  46.188  46.173  27.612  46.175
  45.313  26.168  46.171  46.604  26.632  47.125  47.345  30.272  41.450  47.657
  30.853  42.450  47.978  30.563  40.341  47.709  30.163  39.459  49.085  31.625
  40.299  49.759  31.311  41.088  49.944  31.393  39.105  50.317  30.370  39.115
  50.820  32.029  39.249  49.397  31.819  37.773  48.964  32.812  37.754  48.679
  31.108  37.348  50.539  31.858  36.754  51.327  32.468  37.189  50.126  32.329
  35.861  50.896  30.509  36.259  51.775  30.076  36.497  50.234  29.682  35.465
  49.280  30.018  34.668  49.017  30.990  34.637  48.980  29.331  33.989  50.657
  28.490  35.527  51.450  28.293  36.124  50.376  27.892  34.767  48.576  33.031
  40.494  49.326  33.715  41.149  47.276  33.396  40.179  46.698  32.694  39.733
  46.578  34.596  40.609  47.305  35.394  40.783  45.572  34.968  39.502  45.160
  35.973  39.652  44.737  34.263  39.438  46.180  34.905  38.088  45.459  34.535
  36.948  46.224  34.977  35.946  45.797  35.026  34.949  47.312  35.585  36.360
  47.921  36.143  35.787  47.302  35.593  37.720  47.902  36.178  38.397  45.818
  34.430  41.987  45.199  35.441  42.499  45.965  33.318  42.671  46.557  32.579
  42.316  45.435  33.219  44.047  45.846  34.025  44.653  45.773  32.314  44.566
  43.928  33.332  44.237  43.489  33.888  45.203  43.166  32.834  43.240  43.617
  32.490  42.401  41.696  32.716  43.373  41.377  33.615  43.914  40.945  32.623
  42.040  39.908  32.823  42.265  41.165  31.675  41.541  41.365  33.677  41.033
  42.330  33.435  40.598  40.326  33.749  39.910  40.783  34.235  39.049  40.197
  32.696  39.635  39.402  34.239  40.200  41.489  35.084  41.603  41.497  35.803
  40.773  40.646  35.348  42.236  42.355  35.257  42.244  41.276  31.591  44.311
  40.161  31.666  44.849  42.151  30.618  44.547  42.926  30.564  43.902  41.870
  29.511  45.384  40.934  29.063  45.058  42.973  28.473  45.339  43.898  28.872
  45.737  43.183  28.218  44.301  42.599  27.155  46.090  41.409  26.777  46.354
  43.526  26.392  46.333  41.665  30.032  46.839  42.603  30.504  47.506  40.407
  29.806  47.272  39.739  29.472  46.592  39.890  30.267  48.560  38.916  29.773
  48.504  40.674  29.587  49.703  41.579  30.163  49.858  40.985  28.581  49.414
  39.885  29.580  51.070  38.733  29.200  51.194  40.485  29.841  52.202  41.477
  30.045  52.251  39.941  29.736  53.047  39.631  31.769  48.612  39.663  32.414
  49.684  39.397  32.516  47.484  39.297  32.075  46.591  39.347  33.986  47.455
  40.006  34.422  48.204  39.921  34.555  46.163  39.352  34.277  45.271  40.876
  34.037  46.042  40.011  36.084  46.132  39.229  36.817  45.208  38.590  36.372
  44.449  39.259  38.218  45.270  38.607  38.744  44.588  39.991  38.846  46.226
  39.901  40.257  46.258  40.050  40.548  47.163  40.734  38.154  47.189  41.253
  38.621  48.009  40.763  36.753  47.127  41.326  36.219  47.870  37.892  34.400
  47.761  36.964  33.919  47.185  37.726  35.255  48.771  38.512  35.686  49.239
  36.402  35.382  49.410  36.423  35.895  50.373  35.531  36.296  48.495  34.535
  36.399  48.941  35.360  35.824  47.522  35.988  37.719  48.202  35.227  38.176
  47.582  36.914  37.695  47.625  36.174  38.495  49.481  35.636  37.979  50.272
  35.599  39.407  49.323  37.578  38.701  49.877  38.054  37.830  50.045  38.324
  39.784  49.717  37.839  40.902  49.316  36.847  40.866  49.134  38.434  41.707
  49.260  39.616  39.768  49.967  40.021  38.858  50.116  40.173  40.606  50.041
  35.736  34.122  49.832  34.545  34.010  49.783  36.521  33.120  50.099  37.492
  33.332  49.959  36.226  31.789  50.579  35.492  31.804  51.385  37.145  31.327
  50.918  35.771  30.738  49.547  35.356  29.636  49.965  35.852  31.020  48.252
  36.226  31.914  47.967  35.518  30.078  47.187  34.875  29.298  47.583  34.715
  30.860  46.143  34.354  30.251  45.314  35.316  31.629  45.658  33.403  31.475
  46.605  32.167  30.851  46.413  32.216  29.884  45.916  30.944  31.543  46.734
  30.009  31.096  46.447  31.037  32.850  47.246  29.834  33.531  47.506  30.023
  34.346  47.974  32.263  33.504  47.427  32.423  34.508  47.803  33.416  32.762
  47.138  34.329  33.345  47.083  36.688  29.263  46.639  37.649  29.851  46.213
  36.589  27.954  46.657  35.892  27.697  47.336  37.508  26.961  46.183  38.454
  27.231  46.642  37.052  25.520  46.645  36.920  25.445  47.717  37.905  24.910
  46.327  35.894  25.079  45.970  35.612  24.297  46.443  37.757  26.990  44.720
  36.803  27.247  43.984  38.961  26.536  44.316  39.665  26.270  44.995  39.301
  26.635  42.902  39.256  27.682  42.599  40.767  26.154  42.807  40.884  25.200
  43.319  41.366  26.799  43.454  41.435  26.021  41.413  40.945  25.217  40.878
  41.587  27.279  40.625  42.169  27.044  39.734  40.587  27.572  40.309  42.078
  28.034  41.242  42.835  25.655  41.697  43.356  25.479  40.755  43.334  26.468
  42.203  42.962  24.711  42.219  38.359  26.028  41.898  38.204  26.615  40.811
  37.663  24.947  42.188  37.886  24.426  43.023  36.762  24.360  41.222  36.497
  23.346  41.528  37.293  24.194  40.280  35.525  25.144  40.892  35.065  25.072
  39.736  35.198  26.157  41.731  35.705  26.195  42.596  34.152  27.141  41.426
  33.237  26.603  41.180  33.878  27.920  42.728  33.433  28.901  42.569  34.804
  28.161  43.268  32.980  27.178  43.635  31.779  27.184  43.475  33.492  26.477
  44.570  34.494  26.552  44.712  32.952  25.818  45.114  34.490  28.074  40.341
  33.625  28.299  39.495  35.653  28.585  40.225  36.386  28.318  40.863  36.062
  29.528  39.209  35.317  30.333  39.204  37.399  30.205  39.600  37.649  30.963
  38.858  38.244  29.518  39.522  37.404  30.743  40.983  37.939  30.204  42.126
  38.554  29.331  42.202  37.794  31.110  43.185  38.349  30.917  44.013  37.059
  32.230  42.836  36.772  33.451  43.512  37.051  33.593  44.548  36.133  34.446
  42.774  35.854  35.345  43.304  35.922  34.309  41.397  35.533  35.134  40.819
  36.269  33.108  40.780  36.170  33.055  39.712  36.917  32.063  41.459  36.216
  28.760  37.918  35.781  29.179  36.856  36.928  27.565  37.918  37.243  27.255
  38.830  37.074  26.739  36.818  37.621  27.265  36.036  37.967  25.477  37.077
  37.459  24.890  37.839  38.141  24.658  35.767  38.606  23.687  35.966  37.156
  24.409  35.358  38.680  25.285  35.074  39.374  25.785  37.662  39.822  24.918
  38.140  40.019  26.039  36.824  39.345  26.585  38.402  35.726  26.340  36.214
  35.587  26.435  34.973  34.750  25.938  37.047  34.967  25.810  38.027  33.393
  25.650  36.481  33.552  24.849  35.761  32.528  25.060  37.596  32.449  25.831
  38.357  33.155  24.241  37.932  30.901  24.505  37.136  32.757  26.936  35.839
  32.208  26.855  34.764  32.840  28.064  36.514  33.117  28.005  37.482  32.365
  29.321  35.991  31.283  29.177  35.891  32.461  30.375  37.106  33.494  30.383
  37.458  32.144  31.332  36.696  31.876  30.141  38.004  32.986  29.668  34.581
  32.191  29.981  33.673  34.283  29.366  34.375  34.867  29.072  35.144  34.933
  29.414  33.069  34.676  30.380  32.638  36.396  29.419  33.407  36.988  29.413
  32.493  36.586  30.355  33.923  36.644  28.545  34.017  34.637  28.283  32.066
  34.759  28.466  30.872  34.163  27.143  32.555  34.270  26.965  33.537  33.649
  25.985  31.724  34.382  25.869  30.920  33.586  24.676  32.552  32.823  24.831
  33.316  34.548  24.385  32.988  33.121  23.468  31.712  32.070  23.642  31.478
  33.061  22.628  32.413  33.889  23.096  30.430  34.949  22.911  30.615  33.808
  23.876  29.691  33.265  21.881  29.741  32.274  22.183  29.415  33.224  20.999
  30.383  34.104  21.579  28.549  34.234  22.350  27.897  35.024  21.277  28.835
  33.624  20.865  28.022  32.306  26.326  31.120  32.177  26.371  29.921  31.366
  26.674  32.023  31.644  26.745  32.990  29.924  26.900  31.682  29.713  26.289
  30.801  29.030  26.441  32.815  27.991  26.756  32.679  29.400  26.831  33.757
  29.001  24.982  32.884  28.239  24.423  31.848  27.558  25.000  31.235  28.247
  23.019  31.556  27.737  22.611  30.695  29.098  22.263  32.340  29.019  21.201
  32.134  29.919  22.821  33.326  30.429  22.126  33.971  29.891  24.205  33.618
  30.430  24.633  34.448  29.460  28.267  31.227  28.220  28.433  31.045  30.415
  29.187  30.987  31.376  29.004  31.262  30.108  30.421  30.353  29.040  30.658
  30.329  30.812  31.655  31.031  30.882  32.445  30.280  31.852  31.361  31.237
  30.176  32.227  32.299  30.884  32.957  32.694  30.257  31.477  33.098  28.740
  32.816  32.253  28.292  33.004  31.104  28.080  33.164  33.283  30.707  30.438
  28.948  30.080  30.559  27.911  32.016  30.219  28.881  32.512  30.117  29.758
  32.837  30.436  27.631  32.234  30.820  26.811  34.046  31.363  27.969  33.635
  32.320  28.290  34.490  31.487  26.974  35.009  30.798  28.849  34.808  31.091
  29.747  33.414  29.144  27.014  33.846  29.237  25.909  33.351  27.984  27.700
  32.918  27.979  28.613  34.170  26.794  27.399  34.133  26.125  28.258  33.506
  25.914  26.316  33.552  26.451  25.358  32.446  25.744  26.506  34.297  24.627
  26.246  34.840  24.037  27.220  34.465  24.151  25.131  34.091  24.573  24.299
  35.099  23.366  25.057  35.683  27.203  27.322  36.313  26.915  26.300  36.156
  27.943  28.338  35.532  27.978  29.133  37.580  28.424  28.390  37.661  29.075
  29.261  38.483  27.251  28.599  39.380  27.611  29.107  38.753  26.826  27.632
  38.023  26.136  29.547  38.101  24.782  29.275  38.542  24.427  28.356  37.753
  23.837  30.250  37.914  22.784  30.073  37.285  24.177  31.519  37.056  23.459
  32.281  37.096  25.541  31.713  36.686  25.926  32.641  37.515  26.536  30.806
  37.305  27.562  31.074  38.055  29.224  27.136  39.196  29.475  27.014  37.153
  29.810  26.375  36.196  29.811  26.713  37.432  30.804  25.300  38.397  30.532
  24.876  36.333  30.697  24.220  35.388  31.089  24.612  36.273  29.634  23.954
  36.618  31.498  22.927  37.592  32.200  22.770  35.710  31.501  21.924  34.848
  30.999  22.067  35.858  32.130  21.144  37.496  32.260  25.780  36.534  32.953
  26.269  38.669  32.880  25.623  39.422  32.350  25.224  38.851  34.313  25.872
  38.661  34.707  26.859  40.322  34.622  25.826  40.540  35.682  25.911  41.114
  33.760  26.832  41.125  32.697  26.626  42.138  34.085  26.999  40.643  33.896
  27.814  40.790  34.272  24.557  41.173  35.085  24.203  38.211  35.296  25.004
  37.962  36.423  25.441  37.689  34.844  23.864  37.980  33.899  23.654  36.956
  35.666  22.869  37.135  36.718  23.094  37.614  35.442  21.416  37.051  35.966
  20.644  37.554  34.417  21.050  39.125  35.800  21.280  39.575  35.266  20.443
  39.580  35.429  22.201  39.344  37.326  21.068  39.008  37.774  19.984  39.897
  38.095  22.023  40.341  37.793  22.884  39.873  39.103  21.890  35.424  35.415
  22.754  34.857  35.604  21.696  34.807  34.812  23.737  35.343  34.689  24.585
  33.377  34.603  23.851  33.056  34.093  22.940  33.060  33.701  25.036  32.022
  33.752  25.363  33.331  32.666  24.807  33.589  33.999  25.948  32.667  35.989
  23.939  33.257  36.932  24.421  31.464  36.141  23.466  31.025  35.309  23.100
  30.701  37.394  23.275  30.832  38.025  24.156  31.176  38.103  21.962  30.285
  38.523  21.504  32.126  39.291  22.259  33.144  38.904  22.306  31.935  39.981
  21.441  31.817  39.855  23.144  31.933  37.316  21.056  32.785  37.727  20.854
  29.207  37.041  23.082  28.796  36.700  21.990  28.425  37.011  24.149  28.894
  37.269  25.012  27.004  36.880  24.142  26.654  36.420  23.220  26.646  35.867
  25.248  26.896  36.298  26.210  27.238  34.971  25.085  25.242  35.406  25.175
  24.901  34.411  24.621  24.352  36.190  25.812  24.682  37.005  26.308  23.370
  35.965  25.683  26.424  38.285  24.198  26.607  39.066  25.096  25.619  38.667
  23.149  25.438  38.077  22.348  25.016  39.998  22.936  25.754  40.728  23.280
  24.776  40.220  21.415  24.306  39.376  20.909  25.774  40.377  21.005  23.962
  41.481  21.104  22.994  41.324  21.574  23.884  41.587  20.023  24.604  42.743
  21.583  25.270  42.580  22.430  23.893  43.454  21.999  25.420  43.324  20.548
  26.357  42.937  20.496  24.937  43.974  19.533  25.608  43.934  18.418  26.363
  43.278  18.311  25.066  44.419  17.716  23.924  44.883  19.659  23.452  45.077
  20.521  23.591  45.394  18.855  23.663  40.058  23.766  22.755  39.202  23.564
  23.476  41.100  24.554  24.221  41.785  24.559  22.204  41.359  25.290  21.831
  40.427  25.716  22.629  42.262  26.475  21.786  42.556  27.088  23.032  43.163
  26.000  23.602  41.617  27.416  24.779  41.496  27.138  23.178  41.145  28.546
  22.190  41.235  28.782  23.749  40.590  29.169  21.061  41.846  24.483  21.101
  41.909  23.241  19.929  42.282  25.136  19.925  42.115  26.138  18.729  42.953
  24.597  18.740  42.889  23.517  17.469  42.279  25.125  16.689  42.858  24.634
  17.265  40.843  24.606  16.222  40.530  24.618  17.747  40.807  23.623  17.776
  40.189  25.311  17.279  42.209  26.568  16.636  41.526  26.752  18.652  44.488
  24.927  17.674  45.111  24.606  19.681  45.110  25.551  20.530  44.627  25.780
  19.824  46.514  25.901  19.015  47.103  25.469  19.787  46.654  27.439  18.927
  46.166  27.903  19.657  47.680  27.787  21.008  46.045  28.098  21.667  45.182
  27.454  21.369  46.238  29.313  21.154  47.138  25.382  21.705  48.033  26.036
  21.693  46.789  24.242  21.164  46.184  23.624  22.942  47.342  23.615  22.939
  48.431  23.511  22.961  46.869  22.641  24.354  46.890  24.210  25.391  47.196
  23.628  24.286  46.084  25.241  23.407  45.766  25.642  25.487  45.485  25.910
  26.371  46.119  25.874  25.279  45.507  27.421  24.978  46.532  27.640  26.222
  45.337  27.946  24.285  44.499  27.833  23.405  44.792  27.596  25.814  44.116
  25.375  25.073  43.540  24.589  26.943  43.523  25.784  27.502  44.058  26.433
  27.552  42.225  25.487  26.815  41.447  25.283  28.443  42.413  24.257  29.041
  43.311  24.420  29.322  41.280  23.795  29.857  41.565  22.897  30.056  41.036
  24.562  28.665  40.423  23.621  27.657  42.733  23.159  27.084  43.470  23.374
  28.447  41.734  26.646  29.049  42.540  27.391  28.540  40.416  26.823  27.892
  39.834  26.316  29.353  39.784  27.875  29.574  40.612  28.552  28.622  38.640
  28.686  29.239  38.588  29.582  28.551  37.693  28.149  27.207  38.915  29.124
  26.368  38.027  28.802  26.839  39.965  29.673  30.696  39.358  27.300  30.773
  38.574  26.350  31.754  40.006  27.703  31.734  40.676  28.454  33.027  39.748
  27.016  32.897  39.475  25.971  33.835  41.110  26.822  34.871  40.831  26.637
  33.766  41.732  27.714  33.372  41.968  25.694  33.799  41.658  24.385  34.422
  40.782  24.231  33.376  42.397  23.328  33.435  41.933  22.354  32.626  43.595
  23.578  32.164  44.375  22.561  31.721  45.191  22.794  32.148  43.896  24.868
  31.586  44.783  25.121  32.511  43.077  25.916  32.170  43.263  26.927  33.885
  38.651  27.714  34.073  38.556  28.934  34.382  37.737  26.892  33.985  37.727
  25.965  35.418  36.834  27.186  36.255  37.472  27.481  35.647  36.320  26.251
  35.158  35.689  28.233  33.987  35.261  28.488  36.227  35.028  28.664  37.096
  35.316  28.233  36.254  33.766  29.340  35.953  33.029  28.612  37.743  33.419
  29.583  38.337  33.523  28.677  38.398  34.319  30.596  38.143  35.368  30.424
  38.124  34.104  31.631  39.466  34.268  30.378  37.918  31.995  30.141  37.368
  31.261  29.545  37.435  31.902  31.116  39.274  31.347  30.209  39.159  30.302
  30.513  39.656  31.351  29.195  39.973  31.802  30.917  35.333  33.689  30.609
  34.628  32.677  30.808  35.267  34.810  31.345  35.920  35.563  31.169  34.417
  34.912  32.550  34.142  33.918  32.885  35.220  35.452  33.767  34.665  35.228
  34.674  35.357  36.531  33.761  36.638  34.875  33.973  37.244  35.220  33.144
  36.668  33.317  34.144  37.590  32.987  34.621  35.832  33.112  34.813  36.627
  32.844  33.160  37.222  35.439  35.301  38.181  34.986  35.540  37.299  36.518
  35.206  36.566  35.124  36.111  33.079  35.626  32.191  32.368  35.973  33.102
  32.791  35.941  30.879  33.383  35.616  30.129  31.563  36.694  30.499  31.718
  37.140  29.511  30.375  35.770  30.330  29.497  36.373  30.099  30.199  35.223
  31.269  30.519  34.782  29.122  29.725  34.060  29.278  31.496  34.307  29.201
  30.303  35.476  27.784  29.249  35.526  27.212  31.363  36.002  27.269  32.284
  35.760  27.595  31.262  36.683  26.531  31.297  37.917  31.305  30.233  38.033
  31.962  32.305  38.851  31.394  33.129  38.628  30.851  32.139  40.182  32.108
  31.485  40.018  32.966  33.496  40.600  32.632  34.120  40.613  31.737  33.670
  42.035  33.132  34.713  42.309  33.210  33.191  42.790  32.515  33.229  42.201
  34.113  33.947  39.520  33.663  33.927  38.485  33.307  33.364  39.576  34.567
  35.371  39.636  34.080  35.562  40.503  34.707  35.679  38.710  34.570  35.985
  39.690  33.174  31.410  41.285  31.239  31.855  41.678  30.170  30.217  41.670
  31.744  29.781  41.324  32.592  29.347  42.616  30.998  29.127  42.214  30.005
  27.963  42.605  31.699  28.023  42.958  32.724  27.666  41.558  31.815  27.000
  43.329  30.747  26.710  44.503  30.914  26.558  42.777  29.668  26.800  41.823
  29.458  26.107  43.422  29.043  29.767  44.112  30.905  30.109  44.754  31.924
  29.631  44.677  29.658  29.231  44.050  28.980  29.948  46.080  29.277  30.923
  46.348  29.676  30.045  46.009  27.757  30.879  45.359  27.489  30.249  47.012
  27.372  28.877  45.499  27.183  28.450  46.277  26.826  29.009  47.212  29.730
  29.365  48.367  29.511  27.943  46.959  30.461  27.677  45.993  30.606  27.135
  47.993  31.094  27.247  48.925  30.531  25.671  47.493  31.062  25.460  46.643
  31.715  25.332  47.271  30.058  24.652  48.555  31.496  24.913  49.436  30.913
  24.762  48.809  32.552  23.167  48.162  31.263  23.037  47.302  31.926  22.967
  47.790  30.260  22.167  49.154  31.598  22.565  50.044  31.853  20.886  49.279
  31.347  20.234  48.404  30.653  20.767  47.577  30.430  19.302  48.586  30.298
  20.275  50.407  31.616  20.764  51.150  32.083  19.314  50.549  31.322  27.458
  48.290  32.538  27.340  49.417  32.994  28.046  47.285  33.177  28.077  46.378
  32.738  28.358  47.321  34.564  28.058  48.250  35.054  27.605  46.225  35.234
  27.824  46.317  36.302  27.987  45.220  35.065  26.103  46.241  34.966  25.481
  45.385  34.142  25.931  44.594  33.559  24.182  45.722  34.038  23.406  45.212
  33.641  23.886  46.884  34.785  22.702  47.545  34.996  21.816  47.314  34.436
  22.776  48.656  35.850  21.851  49.185  36.031  23.964  49.085  36.385  23.925
  49.954  37.034  25.178  48.375  36.215  26.113  48.743  36.593  25.153  47.224
  35.411  29.870  47.265  34.873  30.342  48.142  35.617  30.599  46.282  34.320
  30.129  45.696  33.641  31.880  45.861  34.865  31.901  46.244  35.890  31.911
  44.352  35.015  32.812  43.993  35.503  31.960  43.899  34.021  31.044  43.909
  35.505  33.077  46.372  34.049  34.114  46.732  34.566  32.898  46.556  32.738
  31.964  46.358  32.418  33.855  47.136  31.763  34.633  47.639  32.330  34.501
  46.070  30.911  34.880  45.287  31.569  35.409  46.418  30.420  33.475  45.072
  29.743  33.164  48.168  30.804  31.996  48.347  30.861  33.963  48.922  29.998
  34.973  48.826  30.011  33.443  49.943  29.048  32.374  49.963  29.216  34.076
  51.325  29.495  35.137  51.251  29.718  33.595  51.571  30.446  33.686  52.435
  28.503  32.691  52.492  27.800  34.532  53.418  28.434  35.396  53.339  28.958
  34.182  54.112  27.787  33.899  49.552  27.670  35.127  49.461  27.461  32.971
  49.396  26.759  32.025  49.517  27.105  33.067  48.907  25.375  34.073  48.508
  25.252  32.197  47.670  25.198  31.554  47.626  26.084  32.962  46.885  25.192
  31.287  47.620  23.925  31.464  46.688  23.116  30.322  48.415  23.863  32.878
  50.115  24.390  32.927  49.899  23.172  32.730  51.303  24.895  32.568  51.437
  25.885  32.552  52.534  24.120  33.267  52.648  23.303  32.873  53.321  24.798
  31.130  52.807  23.578  30.659  53.923  23.777  30.488  51.803  22.956  30.851
  50.860  22.936  29.104  51.905  22.406  28.900  52.943  22.174  28.910  51.338
  21.035  29.618  51.875  20.402  27.898  51.510  20.670  29.278  49.883  20.891
  28.791  49.297  21.683  30.348  49.697  20.985  28.774  49.418  19.491  29.383
  49.974  18.769  27.715  49.654  19.436  28.952  48.002  19.178  29.682  47.483
  19.639  28.211  47.187  18.435  28.412  45.936  18.470  29.165  45.609  19.048
  27.913  45.331  17.842  27.248  47.645  17.726  26.995  48.616  17.685  26.620
  47.042  17.209  27.999  51.495  23.360  26.973  52.102  23.360  28.126  50.363
  24.044  28.982  49.826  23.964  27.221  49.834  25.138  26.374  49.343  24.672
  27.853  48.943  26.185  28.740  49.423  26.592  26.830  48.665  27.307  27.018
  47.720  27.818  26.831  49.465  28.047  25.806  48.537  26.947  28.322  47.774
  25.717  28.927  47.970  25.000  26.827  51.118  25.995  27.647  51.791  26.679
  25.540  51.468  26.110  24.420  51.014  25.245  23.828  50.244  25.730  24.760
  50.679  24.267  23.546  52.217  24.986  22.513  51.991  24.747  24.023  52.742
  24.155  23.682  53.033  26.284  22.984  52.577  26.996  23.439  54.094  26.242
  25.173  52.777  26.576  25.713  53.495  25.962  25.495  52.984  28.041  25.027
  52.219  28.885  26.205  54.034  28.391  26.704  54.592  27.710  26.149  54.592
  29.684  25.103  54.772  29.940  26.627  55.569  29.728  26.761  53.632  30.742
  26.209  53.560  31.848  27.843  52.908  30.293  28.307  53.134  29.427  28.503
  51.986  31.200  27.819  51.152  31.367  29.724  51.280  30.640  30.437  52.041
  30.304  29.523  50.669  29.760  30.456  50.498  31.595  30.978  49.808  31.170
  28.948  52.630  32.519  29.635  53.665  32.499  28.762  51.906  33.650  28.236
  51.040  33.665  29.225  52.241  35.012  29.233  53.333  35.117  28.251  51.823
  36.135  28.591  52.194  37.108  28.253  50.742  36.050  26.781  52.120  35.903
  26.276  51.846  36.831  26.291  51.424  35.216  26.468  53.557  35.506  26.811
  53.691  34.482  27.008  54.123  36.265  25.072  53.930  35.792  24.729  53.855
  36.736  24.098  54.215  34.936  24.207  54.197  33.615  25.092  53.976  33.191
  23.434  54.424  32.998  22.893  54.540  35.381  22.701  54.544  36.373  22.129
  54.676  34.736  30.693  51.824  35.166  31.324  52.322  36.114  31.250  50.928
  34.293  30.723  50.731  33.460  32.628  50.558  34.267  32.707  49.650  33.679
  33.329  51.703  33.466  33.401  52.552  34.145  32.765  52.005  32.587  34.773
  51.377  32.979  35.106  50.196  33.072  35.435  52.324  32.381  34.991  53.226
  32.283  36.330  52.013  32.018  33.347  50.321  35.615  34.275  51.040  35.998
  32.827  49.446  36.491  31.913  49.089  36.253  33.088  49.364  37.940  33.098
  50.369  38.346  31.898  48.631  38.589  32.136  48.493  39.649  31.847  47.693
  38.032  30.583  49.370  38.610  30.408  49.697  37.587  29.538  48.310  38.862
  28.540  48.736  38.754  29.667  47.470  38.172  29.603  47.873  39.857  30.499
  50.533  39.585  29.483  50.883  39.768  30.795  50.285  40.606  31.013  51.446
  39.289  34.436  48.748  38.217  35.076  48.977  39.229  34.963  47.972  37.233
  34.465  47.624  36.432  36.451  47.642  37.276  36.848  47.443  38.276  36.646
  46.281  36.552  37.664  45.904  36.549  36.279  46.310  35.525  35.784  44.929
  37.457  37.375  48.769  36.734  38.624  48.551  36.817  36.887  49.844  36.103
  35.887  49.908  35.950  37.690  50.880  35.463  36.940  51.519  34.990  38.325
  51.790  36.566  38.946  51.205  37.249  37.583  52.264  37.206  39.239  52.988
  36.083  38.957  53.728  35.175  40.247  53.302  36.881  40.460  52.711  37.677
  40.940  53.963  36.567  38.608  50.528  34.270  39.461  51.288  33.954  38.295
  49.509  33.496  37.604  48.910  33.920  39.132  49.008  32.326  39.924  49.679
  32.011  39.896  47.658  32.728  40.568  47.283  31.968  40.759  48.000  34.017
  41.267  47.152  34.494  41.531  48.710  33.711  40.168  48.414  34.826  38.961
  46.510  33.141  38.313  46.273  32.299  38.471  46.855  34.050  39.654  45.168
  33.343  38.870  44.425  33.519  40.336  44.952  32.520  40.182  45.277  34.287
  38.221  48.739  31.147  37.059  48.298  31.252  38.713  48.979  29.900  40.062
  49.285  29.535  40.820  48.564  29.848  40.343  50.239  29.990  40.161  49.404
  28.002  40.421  48.426  27.593  40.774  50.225  27.636  38.660  49.619  27.661
  38.530  49.326  26.616  38.429  50.673  27.839  37.932  48.798  28.688  36.916
  49.128  28.912  37.790  47.345  28.408  38.677  46.562  28.632  36.712  46.894
  27.793  35.995  47.555  27.520  36.510  45.491  27.453  36.752  44.881  28.319
  35.054  45.154  26.949  34.898  44.108  27.214  34.898  45.471  25.916  33.687
  46.006  27.908  37.518  44.939  26.352  37.609  43.718  26.287  38.348  45.746
  25.745  38.094  46.705  25.564  39.580  45.299  25.101  39.280  44.502  24.424
  40.211  46.453  24.220  39.693  46.383  23.255  41.301  46.395  24.183  39.925
  47.703  24.806  40.748  48.187  24.823  40.604  44.734  26.010  41.254  43.784
  25.598  40.656  45.130  27.265  39.993  45.838  27.541  41.460  44.518  28.277
  42.487  44.506  27.899  41.466  45.316  29.586  42.188  44.920  30.296  41.611
  46.382  29.391  40.468  45.158  30.006  41.091  43.062  28.429  41.937  42.180
  28.674  39.779  42.771  28.393  39.103  43.514  28.309  39.281  41.397  28.615
  39.774  40.925  29.468  37.743  41.431  28.867  37.359  40.458  29.203  37.187
  41.552  27.940  37.378  42.487  29.916  37.563  43.501  29.561  35.829  42.331
  30.140  35.610  42.855  31.075  35.178  42.906  29.478  35.522  41.283  30.177
  38.178  42.300  31.242  37.657  42.952  31.928  37.913  41.306  31.598  39.228
  42.581  31.110  39.575  40.489  27.425  39.799  39.291  27.679  39.580  41.043
  26.237  39.287  42.006  26.257  39.885  40.394  24.943  39.378  39.427  24.890
  39.403  41.372  23.814  39.774  41.126  22.814  39.722  42.393  24.028  37.812
  41.342  23.707  37.331  41.528  24.668  37.364  42.563  22.824  36.311  42.496
  22.533  37.634  43.478  23.350  37.966  42.457  21.931  37.318  40.047  23.078
  36.247  40.111  22.846  37.730  39.940  22.076  37.527  39.163  23.678  41.332
  40.052  24.786  41.862  39.884  23.674  42.119  39.891  25.872  41.595  39.796
  26.728  43.436  39.253  25.951  44.073  39.709  25.179  44.058  39.587  27.301
  43.809  38.808  28.034  43.647  40.563  27.562  45.469  39.678  27.349  45.801
  40.419  26.837  43.414  37.712  25.841  42.604  37.036  26.477  44.365  37.166
  25.121  45.045  37.724  24.628  44.666  35.726  25.337  43.723  35.184  25.422
  45.453  35.174  24.058  45.778  34.176  24.379  46.336  35.796  23.943  44.663
  35.144  22.905  45.317  34.960  22.212  45.455  35.468  26.635  45.808  34.268
  26.818  45.828  36.515  27.348  45.562  37.443  27.028  46.277  36.331  28.737
  46.462  35.282  28.980  47.575  37.057  29.107  47.626  37.928  28.455  48.408
  36.486  28.708  47.819  37.375  30.581  48.558  38.334  30.873  47.390  36.559
  31.426  45.168  36.831  29.699  44.868  38.015  29.866  44.648  35.905  30.466
  45.081  34.991  30.435  43.405  36.123  31.233  42.673  36.599  30.572  42.668
  34.782  31.516  41.683  35.014  31.931  42.382  33.976  30.219  41.928  33.013
  30.466  41.870  34.499  29.416  43.347  33.664  29.816  43.521  34.020  32.550
  43.582  34.562  33.492  44.538  33.978  32.162  43.054  32.598  32.963  42.012
  32.551  32.651  43.565  31.827  32.379  42.951  32.393  34.026  43.551  37.019
  32.490  42.528  37.355  33.134  44.737  37.356  32.876  45.500  37.113  32.263
  45.161  38.159  34.042  44.993  37.511  34.902  46.682  38.446  33.847  46.879
  39.023  32.937  47.166  39.149  35.104  48.256  39.151  35.035  46.843  40.192
  35.082  46.891  38.724  36.071  47.293  37.182  33.858  47.374  36.859  32.952
  44.441  39.495  34.090  43.931  39.822  35.150  44.146  40.142  32.954  44.638
  39.927  32.093  43.274  41.347  32.935  43.695  42.074  33.632  43.247  41.928
  31.447  42.714  42.872  31.499  44.255  42.086  31.077  42.687  41.263  30.790
  41.816  41.044  33.440  41.398  41.709  34.375  41.125  40.050  32.839  41.595
  39.468  32.163  39.796  39.685  33.284  39.049  40.458  33.080  39.381  38.418
  32.504  38.552  37.991  33.067  40.205  37.721  32.417  38.903  38.724  31.204
  39.701  39.033  30.774  39.774  39.285  34.740  38.903  39.691  35.472  40.732
  38.494  35.193  41.405  38.240  34.481  40.971  38.142  36.626  40.089  37.561
  36.901  42.236  37.275  36.767  43.096  37.743  36.304  41.972  35.868  36.138
  42.899  35.303  36.248  41.163  35.421  36.721  41.834  36.015  35.067  42.766
  37.051  38.236  43.611  36.374  38.169  43.096  38.043  38.561  41.929  36.745
  38.857  41.076  39.343  37.519  40.494  39.291  38.595  41.740  40.393  37.110
  42.233  40.298  36.237  41.955  41.603  37.943  42.102  41.336  38.995  43.386
  42.148  37.534  43.415  43.220  37.720  43.487  42.113  36.444  44.528  41.591
  38.342  44.324  41.187  39.450  45.733  41.406  37.845  45.939  41.752  36.919
  46.355  40.900  38.457  40.691  42.451  37.921  40.584  43.334  38.791  39.662
  42.088  37.144  39.892  41.308  36.533  38.317  42.570  37.348  38.517  43.545
  37.804  37.660  42.988  36.088  37.789  42.217  35.337  38.243  43.839  35.762
  35.903  43.360  36.127  37.428  41.677  38.217  36.959  42.154  39.235  37.356
  40.334  37.956  37.737  39.871  37.149  36.586  39.410  38.764  35.527  39.666
  38.699  36.772  37.971  38.202  36.203  37.314  38.855  36.443  37.890  37.175
  37.820  37.675  38.247  36.879  39.449  40.331  35.965  39.406  41.129  38.154
  39.874  40.646  38.809  39.990  39.889  38.756  40.018  41.969  38.414  39.168
  42.573  40.297  40.287  41.964  40.548  40.758  42.905  40.607  41.046  41.241
  41.128  39.041  41.893  40.758  38.284  41.196  41.274  38.643  42.898  42.547
  39.394  41.378  43.037  40.228  41.883  42.340  39.642  40.336  43.560  38.239
  41.495  44.275  38.433  40.697  43.092  37.260  41.381  44.369  38.180  42.759
  44.913  37.325  42.686  45.084  38.885  42.734  43.856  38.205  43.623  38.059
  41.133  42.720  37.959  41.090  43.972  37.490  42.147  41.981  37.552  42.133
  40.971  36.651  43.248  42.393  36.921  43.500  43.418  36.933  44.495  41.534
  36.332  45.314  41.928  36.624  44.303  40.509  38.386  45.044  41.446  39.179
  44.335  41.199  38.637  45.515  42.397  38.535  46.088  40.340  37.710  46.796
  40.458  38.464  45.636  39.357  39.851  46.880  40.390  40.726  46.225  40.431
  39.891  47.353  41.363  39.989  47.895  39.315  40.794  48.491  39.441  40.199
  47.432  38.439  39.173  48.500  39.233  35.178  42.849  42.420  34.568  43.057
  43.472  34.635  42.079  41.444  35.198  41.875  40.633  33.212  41.638  41.392
  32.618  42.552  41.354  32.917  40.972  40.053  33.540  40.086  39.909  31.373
  40.472  40.001  31.282  39.761  39.171  31.075  39.845  40.842  30.708  41.325
  39.865  33.323  41.813  38.818  34.414  41.916  38.828  32.910  42.827  38.878
  32.938  41.108  37.470  33.335  41.654  36.610  33.331  40.095  37.491  31.857
  41.133  37.338  32.687  40.898  42.666  31.765  41.324  43.377  33.463  39.879
  43.083  34.298  39.686  42.549  33.105  38.996  44.178  32.082  38.670  44.000
  34.067  37.818  44.096  34.136  37.474  43.060  35.463  38.155  44.560  35.902
  38.862  43.857  35.464  38.737  45.483  36.027  37.232  44.628  33.585  36.642
  44.965  34.219  35.757  44.892  33.545  36.857  46.033  32.591  36.275  44.678
  33.081  39.664  45.549  32.495  39.171  46.500  33.491  40.943  45.679  33.828
  41.420  44.860  33.346  41.781  46.919  33.037  41.083  47.701  34.674  42.309
  47.432  34.585  42.723  48.437  35.114  43.087  46.818  35.647  41.272  47.428
  36.231  41.358  46.662  32.283  42.877  46.813  32.185  43.699  47.693  31.514
  42.897  45.729  31.614  42.148  45.068  30.370  43.873  45.565  30.718  44.893
  45.699  29.948  43.886  44.068  29.450  42.956  43.794  30.815  44.082  43.438
  28.873  44.871  43.873  27.701  44.469  43.918  29.231  46.087  43.744  29.196
  43.693  46.487  28.758  44.596  47.218  28.598  42.498  46.547  28.878  41.738
  45.945  27.774  42.049  47.700  27.122  42.867  47.994  28.458  41.805  48.518
  26.933  40.871  47.402  25.947  40.726  48.032  27.250  40.124  46.339  27.837
  40.551  45.629  26.509  38.856  46.092  25.975  38.622  47.019  25.503  39.168
  44.996  25.975  39.102  44.013  25.151  40.202  45.115  24.267  38.286  44.997
  24.010  37.602  46.038  23.468  38.317  43.913  23.794  38.673  43.025  22.586
  37.835  44.016  27.478  37.644  45.740  26.998  36.554  45.458  28.781  37.828
  45.918  29.180  38.680  46.293  29.631  36.649  45.666  29.300  35.849  46.320
  30.654  36.925  45.885  29.726  36.020  44.284  29.463  36.759  43.326  30.045
  34.735  44.098  30.338  34.193  44.903  30.101  34.186  42.735  30.580  34.874
  42.042  30.923  32.901  42.785  30.811  32.379  41.833  30.514  32.254  43.567
  32.376  33.125  43.041  32.436  33.398  44.087  32.807  33.944  42.457  33.383
  31.702  42.582  33.098  31.540  40.836  32.055  31.463  40.525  33.449  32.400
  40.262  33.589  30.652  40.444  28.705  34.078  42.127  28.574  33.743  40.993
  27.693  34.404  42.831  27.903  34.735  43.765  26.369  34.515  42.250  26.060
  33.523  41.926  25.400  34.827  43.384  24.478  35.116  42.877  25.641  35.762
  43.889  25.171  33.742  44.440  24.333  32.865  44.238  25.939  33.711  45.494
  26.556  34.509  45.639  25.582  33.264  46.323  26.267  35.490  41.048  25.280
  35.377  40.287  27.182  36.421  40.858  28.007  36.513  41.441  27.049  37.348
  39.757  26.175  37.957  39.986  28.287  38.301  39.854  28.255  39.000  39.015
  28.198  38.834  40.798  29.213  37.724  39.855  26.804  36.750  38.327  26.012
  37.295  37.535  27.474  35.612  38.076  28.128  35.317  38.785  27.389  34.835
  36.777  27.257  35.546  35.969  28.661  34.043  36.517  28.590  33.422  35.626
  28.713  33.334  37.347  29.817  34.975  36.446  30.244  35.738  35.402  29.638
  35.880  34.515  31.253  36.556  35.744  31.572  37.204  35.032  31.632  36.351
  37.084  32.672  36.884  37.868  33.274  37.705  37.483  32.968  36.310  39.164
  33.725  36.594  39.884  32.144  35.241  39.584  32.348  34.782  40.539  31.054
  34.727  38.780  30.491  33.886  39.165  30.728  35.313  37.534  26.280  33.830
  36.559  26.081  32.953  37.432  25.632  33.929  35.423  25.940  34.547  34.682
  24.484  33.004  35.184  23.941  33.020  36.128  23.507  33.435  34.026  22.935
  34.342  34.238  24.096  33.363  32.662  23.353  33.658  31.924  25.041  33.907
  32.727  24.407  32.338  32.433  22.311  32.454  34.068  21.656  32.737  33.250
  22.622  31.429  33.879  21.669  32.719  34.910  24.992  31.558  35.009  24.430
  30.639  35.586  26.236  31.311  34.413  26.757  32.021  33.919  26.858  29.979
  34.575  26.229  29.266  34.040  28.223  29.981  33.914  28.757  29.029  33.993
  28.117  30.288  32.871  28.852  30.714  34.420  27.035  29.387  36.012  26.658
  28.182  36.201  27.458  30.197  36.988  27.623  31.163  36.744  27.586  29.714
  38.344  28.139  28.770  38.322  28.429  30.710  39.164  27.887  31.617  39.446
  29.196  31.095  38.483  29.035  30.202  40.426  30.151  29.376  40.538  30.822
  29.051  39.757  30.319  29.023  41.902  30.896  28.263  42.227  29.440  29.690
  42.700  29.271  29.700  44.101  29.982  29.203  44.742  28.139  30.315  44.702
  27.967  30.220  45.755  27.246  30.899  43.791  26.261  31.250  44.064  27.425
  30.859  42.360  26.644  31.347  41.800  28.536  30.284  41.779  26.198  29.432
  38.938  25.954  28.329  39.365  25.224  30.347  38.864  25.477  31.220  38.430
  23.817  30.283  39.346  23.785  30.218  40.437  23.012  31.474  38.956  21.942
  31.333  39.087  23.176  31.719  37.902  23.457  32.711  39.727  24.368  33.200
  39.383  23.712  32.363  40.729  22.396  33.811  39.930  22.826  34.597  40.557
  21.529  33.525  40.521  21.890  34.348  38.657  20.956  34.051  38.428  22.488
  35.122  37.802  21.922  35.492  36.692  21.008  35.223  36.372  22.392  36.171
  36.099  23.664  35.617  38.026  24.189  35.425  38.875  24.144  36.297  37.443
  22.996  29.064  38.998  22.230  28.711  39.849  23.163  28.527  37.784  23.882
  28.975  37.232  22.271  27.623  37.073  21.454  27.318  37.734  21.547  28.363
  35.909  21.186  27.596  35.222  22.318  29.002  35.464  20.306  29.098  36.379
  20.338  29.949  37.258  19.219  28.797  35.781  19.079  27.941  35.274  18.424
  29.413  35.840  23.029  26.313  36.674  22.320  25.403  36.322  24.378  26.253
  36.644  24.877  27.074  36.980  25.166  25.120  36.093  24.491  24.266  36.170
  25.547  25.369  34.647  26.229  24.570  34.342  26.201  26.222  34.460  24.420
  25.483  33.624  23.717  26.281  33.879  23.784  24.608  33.741  24.769  25.600
  32.110  23.941  25.267  31.480  25.602  24.922  31.932  25.096  26.944  31.819
  24.926  27.586  32.582  25.011  27.590  30.691  24.729  27.077  29.550  24.622
  26.067  29.554  24.377  27.629  28.785  25.080  28.880  30.743  25.190  29.212
  31.698  25.128  29.459  29.925  26.380  24.723  36.929  26.802  23.590  36.891
  26.863  25.621  37.763  26.579  26.583  37.753  27.897  25.176  38.681  28.348
  24.219  38.410  29.104  26.089  38.710  29.808  25.794  39.498  28.693  27.036
  39.050  29.984  26.343  37.199  27.236  24.949  40.090  27.495  23.946  40.731
  26.467  25.902  40.613  26.237  26.635  39.955  26.058  25.923  41.986  26.933
  25.995  42.628  25.288  27.210  42.135  24.422  27.017  41.495  25.870  28.020
  41.700  24.961  27.472  43.605  25.858  27.783  44.143  24.470  26.662  44.139
  24.030  28.699  43.686  23.045  28.441  43.297  24.400  29.468  43.012  24.015
  29.308  45.088  25.000  29.646  45.416  23.696  28.570  45.820  23.012  30.374
  45.022  22.791  30.579  45.991  23.375  31.227  44.617  22.166  29.975  44.644
  25.272  24.713  42.358  24.384  24.270  41.651  25.667  24.165  43.453  26.414
  24.686  43.890  25.094  22.958  44.143  24.042  22.881  43.873  25.203  23.001
  45.222  25.722  21.628  43.736  25.672  20.688  44.509  26.343  21.608  42.561
  26.625  22.460  42.088  26.930  20.466  41.932  26.235  19.631  41.978  27.130
  20.694  40.427  27.219  19.717  39.949  25.838  21.185  39.790  24.960  20.828
  40.322  25.765  22.264  39.717  25.847  20.751  38.786  28.203  21.552  40.027
  27.800  22.397  40.239  28.334  20.295  42.613  28.865  21.151  43.307  28.944
  19.186  42.253  28.445  18.522  41.675  30.216  18.756  42.878  30.157  19.209
  43.863  30.357  17.268  43.117  30.426  16.685  42.194  29.550  16.922  43.768
  31.610  16.869  43.832  31.903  15.648  43.926  32.429  17.747  44.134  31.435
  19.458  42.149  32.235  18.882  41.371  31.475  20.799  42.291  30.692  21.221
  42.772  32.315  21.723  41.472  32.176  21.620  40.405  32.028  23.200  41.825
  32.807  23.707  41.252  30.689  23.862  41.327  30.698  24.935  41.533  30.460
  23.710  40.271  29.789  23.444  41.780  32.182  23.529  43.310  31.493  22.992
  43.962  33.173  23.247  43.676  32.121  24.611  43.436  33.755  21.466  41.644
  34.594  22.031  40.970  34.195  20.514  42.524  33.526  20.006  43.076  35.623
  20.115  42.548  36.219  21.020  42.481  35.859  19.461  43.885  35.453  18.465
  44.021  35.288  19.995  44.652  37.381  19.385  44.214  37.818  20.383  44.267
  37.921  18.841  43.426  37.678  18.842  45.629  37.791  19.584  46.608  37.731
  17.504  45.826  37.610  16.904  45.025  38.145  17.222  46.697  36.078  19.217
  41.426  37.234  19.232  40.926  35.128  18.534  40.772  34.192  18.695  41.128
  35.343  17.667  39.592  35.719  16.709  39.952  33.917  17.480  39.066  34.046
  16.946  38.132  33.349  16.893  39.788  33.413  18.442  38.947  36.208  18.236
  38.457  37.221  17.624  38.087  35.823  19.443  38.034  35.029  19.835  38.516
  36.521  20.295  37.038  36.480  19.842  36.044  35.759  21.629  36.926  36.359
  22.267  36.283  35.730  22.103  37.910  34.393  21.420  36.329  33.301  21.628
  37.105  33.341  22.012  38.120  32.192  21.246  36.379  31.246  21.417  36.704
  32.519  20.568  35.225  31.787  19.841  34.331  30.767  19.591  34.562  32.354
  19.471  33.091  31.835  18.934  32.312  33.665  19.889  32.825  34.087  19.813
  31.833  34.458  20.576  33.810  35.468  20.846  33.548  33.920  20.897  35.060
  38.017  20.601  37.492  38.814  21.066  36.729  38.473  20.214  38.673  37.794
  19.726  39.245  39.926  20.169  39.073  40.651  20.264  38.275  40.302  21.320
  40.074  41.293  21.038  40.440  40.405  22.619  39.296  40.835  23.395  39.933
  40.907  22.483  38.344  39.397  23.035  39.199  39.482  21.273  41.342  39.689
  20.307  41.803  38.441  21.466  41.087  39.916  22.342  42.294  39.233  22.348
  43.140  40.908  22.111  42.679  39.961  23.367  41.930  40.392  18.784  39.687
  41.544  18.682  40.080  39.503  17.758  39.538  38.532  17.902  39.314  39.945
  16.328  39.783  40.533  16.326  40.699  38.799  15.337  39.846  39.152  14.304
  39.836  38.153  15.480  38.979  37.990  15.519  41.100  37.375  16.411  40.953
  38.618  15.756  41.952  37.144  14.368  41.402  37.739  13.476  41.559  36.486
  14.202  40.549  36.366  14.690  42.654  36.813  14.609  43.561  35.090  15.021
  42.789  34.281  14.983  41.756  34.582  14.758  40.817  33.293  15.171  41.871
  34.631  15.359  43.919  35.215  15.055  44.688  33.704  15.766  43.951  40.893
  15.866  38.632  40.888  16.402  37.535  41.729  14.874  38.918  41.732  14.406
  39.815  42.758  14.395  38.016  42.259  14.067  37.105  43.185  13.457  38.376
  43.943  15.443  37.683  45.007  14.912  37.392  43.823  16.746  37.817  42.927
  17.174  37.998  44.939  17.698  37.766  45.591  17.333  36.975  44.487  19.157
  37.470  45.308  19.736  37.056  44.157  19.602  38.407  43.169  19.360  36.257
  45.789  17.649  39.080  45.207  17.548  40.176  47.130  17.680  39.099  47.632
  17.545  38.226  47.981  18.009  40.208  47.328  18.115  41.072  49.044  16.875
  40.394  49.758  16.949  39.568  48.517  15.926  40.271  49.785  16.838  41.749
  50.370  15.925  41.897  49.021  16.873  42.515  50.714  17.994  41.966  50.982
  17.856  43.016  50.150  18.927  41.839  51.877  17.945  41.078  52.138  17.048
  40.708  52.640  18.894  40.629  53.703  18.697  39.893  53.835  17.722  39.655
  54.297  19.469  39.638  52.351  20.139  40.865  51.597  20.362  41.498  53.064
  20.811  40.630  48.518  19.413  39.965  49.272  19.545  39.007  48.121  20.336
  40.756  47.566  20.091  41.564  48.381  21.795  40.764  48.037  22.255  39.841
  47.474  22.346  41.894  47.722  23.387  42.099  47.697  21.827  42.820  45.952
  22.463  41.635  45.462  22.917  42.493  45.619  23.329  40.416  44.653  23.808
  40.587  46.344  24.142  40.299  45.618  22.786  39.473  45.241  21.103  41.328
  44.180  21.258  41.145  45.691  20.728  40.410  45.381  20.342  42.098  49.845
  22.196  40.848  50.490  21.854  41.827  50.322  22.860  39.915  29.588  39.367
  36.460  28.785  38.836  35.273  27.954  39.820  34.336  29.877  38.533  37.098
  28.997  40.010  37.116  30.499  39.907  36.175  28.100  38.004  35.469  29.546
  38.333  34.653  27.384  39.254  33.598  28.645  40.519  33.852  27.152  40.382
  34.825
  42.388  32.575  22.730  41.960  33.160  23.445  43.070  33.192  22.314  41.659
  32.283  22.090  42.990  31.328  23.303  43.398  30.880  22.396  44.162  31.591
  24.289  43.855  32.167  25.163  44.974  32.167  23.843  44.715  30.255  24.953
  44.880  29.482  24.203  43.908  29.963  25.635  45.964  30.466  25.779  45.718
  31.249  26.490  46.772  30.798  25.137  46.348  29.182  26.505  46.364  28.332
  25.827  45.571  28.890  27.206  47.548  29.423  27.321  47.657  28.743  28.050
  48.321  29.366  26.675  47.550  30.369  27.687  41.917  30.467  23.915  40.978
  30.985  24.516  41.953  29.173  23.684  42.532  28.776  22.955  41.282  28.243
  24.594  40.592  28.789  25.242  40.305  27.260  23.807  40.784  26.992  22.867
  38.919  27.939  23.509  38.356  27.255  22.874  38.339  28.138  24.412  38.963
  28.860  22.925  40.030  26.015  24.658  39.220  25.515  24.112  40.905  25.368
  24.750  39.712  26.293  25.657  42.353  27.615  25.454  43.363  27.038  24.973
  42.156  27.746  26.754  41.252  28.109  27.036  42.888  27.065  27.817  43.936
  27.030  27.508  42.717  27.796  29.148  42.929  27.167  30.016  41.681  28.118
  29.263  43.540  29.059  29.172  42.976  30.187  28.671  41.952  30.043  28.362
  43.757  31.368  28.556  43.311  32.215  28.058  45.033  31.385  29.155  45.631
  32.279  29.116  45.537  30.249  29.787  46.521  30.186  30.239  44.786  29.076
  29.781  45.200  28.148  30.171  42.427  25.653  28.082  41.251  25.271  27.838
  43.483  24.839  28.505  44.388  25.243  28.661  43.325  23.489  29.076  44.323
  23.102  29.263  42.792  22.834  28.381  42.528  23.617  30.432  42.733  24.566
  31.156  41.710  22.579  30.735  41.637  21.839  30.056  41.069  22.345  32.044
  40.359  23.106  32.349  40.386  20.971  32.070  41.158  20.212  31.955  39.708
  20.865  31.228  39.735  20.658  33.471  39.086  21.460  33.825  40.501  20.522
  34.236  38.832  19.445  33.317  38.235  19.577  32.420  38.221  19.564  34.221
  39.529  18.098  33.371  39.467  17.546  32.529  40.063  17.539  34.414  40.751
  16.391  34.345  40.789  15.858  33.492  41.144  15.919  35.149  40.059  18.057
  35.617  39.579  18.934  35.808  40.490  17.513  36.341  42.100  22.431  33.164
  41.936  23.227  34.083  43.192  21.679  33.085  43.229  20.978  32.355  44.233
  21.756  34.185  43.772  21.835  35.178  45.161  20.507  34.245  45.949  20.601
  34.997  45.671  20.368  33.292  44.339  18.930  34.586  45.074  23.036  34.048
  45.647  23.495  35.027  45.170  23.648  32.888  44.957  23.058  32.099  45.939
  24.856  32.603  46.942  24.783  33.016  46.179  25.132  31.137  45.239  25.485
  30.700  46.516  24.202  30.668  47.316  26.147  30.812  48.214  25.623  31.132
  47.080  27.008  31.431  47.378  26.584  29.355  46.370  26.483  28.575  48.469
  27.059  29.008  45.287  26.092  33.231  46.030  26.933  33.742  43.947  26.136
  33.272  43.377  25.425  32.838  43.204  27.243  33.923  43.763  28.177  33.884
  41.809  27.366  33.263  41.095  26.639  33.651  41.878  27.249  32.174  41.306
  28.796  33.607  41.688  29.077  34.589  41.915  29.694  32.508  41.446  30.671
  32.658  42.988  29.894  32.525  41.483  29.315  31.587  39.788  28.992  33.647
  39.419  30.017  33.726  39.366  28.483  32.779  39.340  28.458  34.489  43.134
  26.926  35.458  43.220  27.876  36.194  42.986  25.684  35.938  42.773  25.006
  35.230  43.195  25.363  37.321  42.476  25.988  37.848  42.804  23.931  37.606
  42.642  23.848  38.679  41.877  23.662  37.088  43.615  23.278  37.288  44.585
  25.798  37.882  44.611  26.542  38.851  45.585  25.517  37.108  45.432  24.926
  36.297  46.963  26.057  37.357  47.168  25.700  38.371  47.968  25.472  36.347
  49.022  25.744  36.473  47.999  24.405  36.522  47.672  25.760  35.335  47.078
  27.567  37.374  47.622  28.195  38.280  46.486  28.317  36.368  46.194  27.719
  35.609  46.569  29.775  36.226  47.604  30.107  36.362  46.181  30.228  34.822
  46.281  31.305  34.705  46.850  29.770  34.093  45.156  29.924  34.606  45.765
  30.350  37.415  46.300  31.117  38.219  44.473  29.975  37.592  44.001  29.350
  36.955  43.608  30.589  38.630  43.557  31.657  38.435  42.211  30.030  38.471
  41.532  30.468  39.191  42.160  28.940  38.468  41.674  30.525  37.098  42.222
  30.117  36.249  41.843  31.592  37.001  39.859  30.230  36.899  39.198  31.796
  36.182  38.173  31.630  35.843  39.142  32.577  36.941  39.793  32.077  35.322
  44.219  30.444  40.037  43.975  31.231  40.998  44.911  29.391  40.307  45.098
  28.709  39.575  45.672  29.303  41.591  45.052  29.671  42.412  45.901  27.826
  41.981  46.569  27.270  41.313  44.945  27.343  41.837  46.332  27.654  43.470
  45.572  28.091  44.121  47.200  28.279  43.693  46.551  26.188  43.870  47.220
  25.701  43.151  45.634  25.634  43.716  47.064  26.134  45.316  47.990  26.697
  45.410  47.335  25.095  45.529  46.077  26.668  46.237  45.946  27.668  46.134
  45.151  26.333  46.011  46.213  26.401  47.200  47.000  30.072  41.678  47.444
  30.533  42.748  47.703  30.339  40.618  47.481  29.898  39.736  48.832  31.308
  40.563  49.428  31.085  41.442  49.710  31.042  39.389  49.798  29.960  39.315
  50.735  31.355  39.606  49.476  31.815  38.090  49.547  32.896  38.213  48.519
  31.508  37.673  50.563  31.498  37.025  51.529  31.666  37.504  50.382  32.158
  36.166  50.707  30.151  36.603  51.265  29.523  37.158  50.291  29.538  35.506
  49.607  30.041  34.554  49.377  31.023  34.552  49.584  29.429  33.744  50.567
  28.253  35.362  51.249  27.886  36.012  50.415  27.781  34.481  48.439  32.735
  40.816  49.250  33.426  41.379  47.179  33.113  40.482  46.519  32.502  40.026
  46.524  34.383  40.749  47.262  35.187  40.810  45.579  34.836  39.640  45.330
  35.871  39.847  44.604  34.356  39.706  46.307  34.878  38.263  45.723  34.566
  37.033  46.549  34.964  36.089  46.507  34.689  35.044  47.659  35.481  36.622
  48.516  35.676  36.131  47.491  35.503  38.013  48.201  35.858  38.752  45.967
  34.410  42.164  45.339  35.411  42.504  46.144  33.370  42.997  46.593  32.492
  42.776  45.515  33.296  44.354  45.848  34.230  44.818  46.014  32.571  45.011
  43.975  33.262  44.399  43.418  33.643  45.448  43.242  32.903  43.330  43.681
  32.477  42.533  41.771  32.818  43.375  41.394  33.728  43.845  41.236  32.542
  41.953  40.192  32.231  41.897  41.784  31.720  41.511  41.319  33.726  40.945
  42.380  33.955  40.852  40.733  33.342  39.616  40.617  34.234  39.003  41.432
  32.668  39.119  39.779  32.822  39.692  40.544  34.890  41.355  40.575  35.679
  40.603  39.530  34.480  41.390  40.836  35.262  42.337  41.259  31.677  44.326
  40.175  31.805  44.884  41.959  30.582  44.466  42.917  30.658  44.166  41.645
  29.447  45.316  40.767  28.881  45.002  42.846  28.545  45.278  43.774  29.080
  45.512  42.925  28.288  44.221  42.568  27.088  45.963  41.521  26.778  46.647
  43.499  26.247  45.837  41.444  30.050  46.709  42.305  30.730  47.281  40.226
  29.780  47.244  39.536  29.278  46.717  39.751  30.223  48.522  38.747  29.812
  48.487  40.464  29.453  49.657  41.489  29.757  49.893  40.501  28.389  49.432
  39.745  29.400  50.974  38.574  29.163  51.128  40.426  29.599  52.056  41.426
  29.618  51.976  39.952  29.437  52.932  39.658  31.719  48.801  39.432  32.098
  49.977  39.747  32.552  47.737  39.825  32.098  46.833  39.592  34.055  47.837
  40.103  34.314  48.768  40.288  34.681  46.621  39.976  34.339  45.639  41.358
  34.512  46.774  40.113  36.203  46.650  39.271  36.818  45.738  38.649  36.204
  45.093  39.085  38.230  45.749  38.443  38.695  45.018  39.731  39.057  46.641
  39.663  40.426  46.512  39.924  40.826  47.344  40.504  38.465  47.663  40.977
  39.111  48.390  40.740  37.002  47.663  41.452  36.606  48.382  38.117  34.470
  47.904  37.285  34.016  47.088  37.774  35.210  48.986  38.532  35.472  49.595
  36.379  35.330  49.417  36.371  35.695  50.441  35.560  36.364  48.469  34.504
  36.498  48.706  35.477  35.831  47.527  36.332  37.724  48.282  35.800  38.257
  47.498  37.348  37.658  47.883  36.251  38.505  49.631  35.662  37.951  50.364
  35.619  39.380  49.544  37.461  38.873  50.315  37.879  38.148  50.882  38.143
  39.988  50.372  38.003  40.886  49.460  37.226  40.724  48.839  38.512  41.761
  49.483  39.093  40.241  51.210  38.975  39.695  52.049  39.472  41.169  51.283
  35.736  33.948  49.553  34.473  33.818  49.396  36.440  32.908  50.042  37.375
  33.104  50.381  35.822  31.701  50.485  34.828  31.906  50.881  36.366  31.298
  51.337  35.672  30.585  49.353  35.335  29.505  49.822  35.742  30.805  48.019
  36.167  31.666  47.682  35.373  29.783  47.037  34.721  29.077  47.554  34.629
  30.443  45.834  34.325  29.685  45.108  35.331  31.088  45.318  33.411  31.291
  46.242  32.096  30.764  46.262  32.013  29.711  46.018  31.026  31.548  46.550
  30.051  31.087  46.485  31.232  32.902  46.888  30.172  33.744  47.045  30.483
  34.548  47.461  32.558  33.450  46.958  32.791  34.453  47.301  33.627  32.634
  46.611  34.621  33.033  46.526  36.592  28.936  46.669  37.585  29.551  46.271
  36.542  27.661  46.998  35.855  27.348  47.669  37.255  26.612  46.217  38.119
  26.394  46.853  36.353  25.361  46.194  35.382  25.674  45.798  36.198  24.987
  47.211  37.016  24.401  45.342  37.425  23.766  45.938  37.576  26.938  44.749
  36.703  27.364  43.951  38.849  26.639  44.312  39.412  26.285  45.063  39.369
  26.774  42.985  39.608  27.830  42.858  40.690  26.010  42.885  40.452  24.965
  43.082  41.421  26.443  43.572  41.358  25.973  41.499  40.677  25.400  40.874
  41.627  27.422  40.935  41.987  27.303  39.914  40.763  28.080  40.873  42.496
  27.861  41.421  42.703  25.262  41.668  43.173  25.213  40.684  43.324  25.787
  42.385  42.506  24.249  42.014  38.374  26.317  41.891  38.222  27.024  40.872
  37.606  25.238  42.144  37.790  24.810  43.048  36.672  24.604  41.221  36.178
  23.776  41.718  37.191  24.325  40.301  35.608  25.549  40.867  35.127  25.447
  39.762  35.145  26.477  41.767  35.563  26.496  42.683  33.960  27.283  41.446
  33.229  26.536  41.123  33.517  27.957  42.700  32.974  28.878  42.471  34.346
  28.298  43.308  32.627  27.138  43.600  31.579  26.643  43.217  32.858  27.095
  44.889  33.715  27.463  45.276  32.100  26.781  45.471  34.329  28.223  40.299
  33.502  28.417  39.363  35.592  28.659  40.201  36.245  28.293  40.881  36.132
  29.589  39.172  35.438  30.392  38.906  37.453  30.194  39.691  37.714  30.971
  38.968  38.296  29.495  39.644  37.371  30.815  41.013  37.967  30.396  42.184
  38.539  29.483  42.323  37.885  31.382  43.191  38.432  31.310  44.037  37.262
  32.521  42.719  36.959  33.684  43.375  37.290  33.866  44.389  36.152  34.591
  42.649  35.945  35.521  43.157  35.788  34.395  41.345  35.180  35.103  40.799
  36.060  33.143  40.691  35.840  33.059  39.634  36.807  32.176  41.378  36.394
  28.867  37.850  36.079  29.334  36.776  36.922  27.583  37.915  37.297  27.342
  38.815  37.063  26.694  36.746  37.450  27.167  35.846  38.043  25.508  36.985
  37.505  24.954  37.758  38.345  24.736  35.724  38.908  23.834  35.992  37.398
  24.438  35.276  38.945  25.330  35.029  39.433  25.933  37.546  39.959  25.104
  38.024  39.961  26.476  36.774  39.347  26.596  38.398  35.664  26.259  36.225
  35.452  26.203  34.988  34.730  26.151  37.075  34.940  26.274  38.062  33.383
  25.797  36.642  33.469  25.015  35.893  32.549  25.313  37.857  32.413  26.056
  38.637  33.125  24.494  38.294  30.948  24.622  37.432  32.679  27.044  35.930
  32.098  26.883  34.847  32.935  28.288  36.369  33.174  28.390  37.346  32.310
  29.445  35.738  31.257  29.213  35.591  32.470  30.726  36.558  33.474  31.146
  36.532  31.754  31.457  36.173  32.258  30.543  37.612  32.849  29.578  34.301
  32.091  29.512  33.409  34.157  29.552  34.030  34.833  29.566  34.783  34.746
  29.616  32.693  34.360  30.492  32.174  36.230  29.855  32.906  36.760  29.636
  31.975  36.373  30.889  33.230  36.640  29.213  33.682  34.415  28.395  31.754
  34.346  28.528  30.512  34.219  27.196  32.364  34.198  27.171  33.374  33.711
  25.960  31.666  34.431  25.662  30.904  33.617  24.725  32.575  32.936  24.884
  33.419  34.618  24.500  32.940  32.959  23.560  31.858  31.980  23.925  31.552
  32.727  22.732  32.533  33.693  22.995  30.640  34.702  22.699  30.925  33.684
  23.784  29.878  32.926  21.814  30.074  31.866  21.951  29.872  33.064  21.003
  30.785  33.651  21.318  28.855  33.611  22.028  28.135  34.601  21.113  29.099
  33.289  20.495  28.400  32.287  26.185  31.036  32.084  25.959  29.821  31.339
  26.606  31.858  31.588  26.698  32.834  29.958  26.884  31.466  29.774  26.361
  30.525  29.064  26.479  32.610  28.025  26.777  32.455  29.466  26.919  33.520
  29.010  24.982  32.743  28.553  24.170  31.659  28.319  24.618  30.714  28.431
  22.823  31.840  28.118  22.164  31.042  28.895  22.156  32.966  28.715  21.099
  33.083  29.461  22.875  33.990  29.764  22.426  34.924  29.573  24.282  33.848
  29.966  24.881  34.666  29.677  28.269  30.978  28.711  28.417  30.194  30.539
  29.285  31.225  31.283  29.128  31.891  30.555  30.555  30.526  29.477  30.725
  30.524  31.204  31.760  31.293  31.416  32.608  30.628  32.163  31.345  31.611
  30.399  32.246  32.533  30.972  32.989  33.097  30.358  31.458  33.285  29.002
  32.806  32.247  28.602  32.871  31.040  28.233  33.107  33.170  31.022  30.429
  29.124  30.257  30.784  28.245  32.245  29.944  28.880  32.860  29.719  29.648
  32.896  30.138  27.591  32.192  30.484  26.832  33.998  31.231  27.805  33.449
  32.169  27.956  34.571  31.342  26.888  34.844  30.878  28.853  34.757  31.599
  29.483  33.660  28.914  27.122  34.382  28.982  26.135  33.515  27.756  27.841
  32.881  27.693  28.618  34.400  26.582  27.530  34.451  25.884  28.370  33.912
  25.829  26.316  34.219  26.312  25.396  32.823  25.850  26.335  34.298  24.394
  26.263  34.610  23.725  27.211  34.252  23.867  25.051  33.841  24.430  24.317
  34.501  22.902  24.883  35.884  26.986  27.411  36.622  26.556  26.531  36.310
  27.836  28.315  35.588  28.103  28.967  37.657  28.455  28.464  37.551  29.169
  29.284  38.752  27.462  28.969  39.453  28.093  29.513  39.311  27.054  28.120
  38.331  26.411  29.968  38.424  24.994  29.608  38.802  24.696  28.649  38.012
  24.011  30.486  37.989  22.976  30.172  37.465  24.325  31.707  37.274  23.547
  32.430  37.402  25.721  32.057  37.063  25.979  33.046  37.774  26.724  31.189
  37.607  27.760  31.465  38.145  29.253  27.297  39.385  29.429  27.134  37.264
  29.870  26.526  36.303  29.602  26.719  37.533  30.770  25.350  38.445  30.504
  24.816  36.421  30.566  24.313  35.498  30.872  24.797  36.398  29.521  24.008
  36.468  31.397  23.050  37.344  32.185  22.831  35.569  31.271  22.110  34.746
  30.774  22.405  35.607  31.818  21.261  37.550  32.236  25.748  36.520  32.744
  26.240  38.656  32.904  25.609  39.499  32.383  25.429  38.921  34.344  25.795
  38.403  34.673  26.695  40.387  34.713  25.996  40.509  35.775  26.180  41.040
  33.974  27.182  40.770  32.917  27.210  42.130  34.042  27.071  40.783  34.441
  28.127  41.004  34.420  24.805  41.370  35.272  24.559  38.341  35.314  24.716
  38.286  36.558  24.958  37.856  34.772  23.598  37.737  33.773  23.624  37.136
  35.604  22.602  37.387  36.654  22.764  37.700  35.248  21.202  37.289  35.880
  20.416  37.667  34.194  20.918  39.213  35.583  21.183  39.611  35.205  20.235
  39.694  35.000  21.968  39.440  37.104  21.379  38.753  37.962  20.802  40.242
  37.520  22.296  40.801  36.883  22.850  40.283  38.522  22.451  35.595  35.530
  22.677  34.944  36.135  21.873  35.030  35.052  23.769  35.571  34.527  24.442
  33.619  34.738  23.976  33.197  34.309  23.066  33.540  33.807  25.181  32.557
  33.358  25.266  34.302  33.039  25.115  33.574  34.410  26.092  32.843  36.020
  24.204  33.179  36.928  25.008  31.659  36.092  23.594  31.336  35.268  23.119
  30.870  37.367  23.432  31.014  38.048  24.271  31.377  38.224  22.185  30.590
  38.886  21.832  32.609  39.028  22.602  33.492  38.389  22.563  32.642  39.939
  21.998  32.501  39.385  23.618  31.890  37.433  21.141  32.431  38.020  20.608
  29.385  37.068  23.220  28.980  36.606  22.120  28.606  37.262  24.284  29.067
  37.659  25.094  27.203  37.113  24.109  26.940  36.621  23.168  26.772  36.103
  25.197  26.855  36.467  26.221  27.424  35.227  25.225  25.336  35.615  25.077
  24.901  34.796  24.233  24.358  36.155  25.818  24.591  36.755  26.598  23.404
  35.911  25.610  26.437  38.403  24.276  26.762  39.193  25.182  25.531  38.658
  23.381  25.248  37.921  22.744  24.922  39.980  23.116  25.553  40.741  23.590
  24.779  40.049  21.576  24.307  39.147  21.174  25.767  40.213  21.165  23.968
  41.321  21.215  22.971  41.238  21.655  23.629  41.299  20.178  24.535  42.742
  21.599  25.043  42.641  22.556  23.835  43.533  21.863  25.441  43.257  20.523
  26.366  42.876  20.370  24.976  43.795  19.399  25.667  43.832  18.292  26.625
  43.534  18.368  25.293  44.203  17.430  23.751  44.267  19.363  23.291  44.544
  20.213  23.434  44.456  18.423  23.568  40.054  23.798  22.688  39.267  23.497
  23.386  41.068  24.644  24.143  41.732  24.698  22.154  41.271  25.402  21.798
  40.299  25.730  22.504  42.156  26.616  21.621  42.433  27.210  22.919  43.066
  26.199  23.536  41.540  27.546  24.695  41.645  27.304  23.137  40.758  28.522
  22.148  40.730  28.711  23.903  40.155  28.804  21.025  42.050  24.591  21.228
  42.421  23.403  19.872  42.300  25.208  19.669  42.067  26.173  18.815  43.091
  24.575  18.875  43.055  23.485  17.461  42.460  24.947  16.573  42.973  24.577
  17.343  41.053  24.458  16.371  40.606  24.654  17.523  40.966  23.388  18.132
  40.483  24.950  17.165  42.613  26.297  16.481  41.993  26.523  18.821  44.595
  24.803  17.773  45.149  24.414  19.873  45.224  25.384  20.638  44.588  25.517
  20.000  46.629  25.843  19.263  47.300  25.399  19.985  46.712  27.392  19.034
  46.327  27.746  19.997  47.776  27.646  21.175  46.042  28.111  22.093  45.364
  27.503  21.298  46.269  29.337  21.272  47.270  25.352  21.907  48.133  25.993
  21.738  46.828  24.174  21.117  46.285  23.597  22.947  47.287  23.566  22.938
  48.378  23.630  23.006  47.101  22.488  24.230  46.886  24.311  25.339  47.219
  23.866  24.140  46.031  25.314  23.181  45.854  25.566  25.272  45.512  26.092
  26.167  46.121  25.915  25.116  45.556  27.613  24.537  46.426  27.915  26.070
  45.525  28.145  24.399  44.489  28.005  23.479  44.695  27.850  25.704  44.149
  25.508  24.921  43.457  24.865  26.942  43.721  25.784  27.493  44.354  26.329
  27.546  42.459  25.397  26.747  41.744  25.184  28.416  42.513  24.158  29.224
  43.226  24.260  28.950  41.191  23.773  29.451  41.192  22.798  29.624  40.867
  24.562  28.092  40.518  23.670  27.490  42.826  23.091  26.869  43.457  23.458
  28.412  41.949  26.587  29.116  42.702  27.299  28.233  40.685  26.937  27.444
  40.197  26.551  29.164  39.990  27.839  29.328  40.651  28.688  28.447  38.745
  28.434  29.147  38.188  29.056  28.133  38.086  27.626  27.238  39.139  29.259
  26.261  38.380  29.379  27.283  40.129  29.944  30.514  39.567  27.213  30.549
  38.842  26.233  31.703  39.954  27.747  31.626  40.586  28.538  32.946  39.851
  27.037  32.792  39.329  26.096  33.469  41.294  26.891  34.547  41.212  26.763
  33.402  41.898  27.793  32.957  42.112  25.754  33.453  41.948  24.431  34.094
  41.090  24.308  33.090  42.675  23.294  33.338  42.318  22.307  32.132  43.687
  23.477  31.929  44.432  22.348  31.458  45.259  22.490  31.595  43.871  24.790
  30.793  44.591  24.886  31.937  43.074  25.878  31.356  43.173  26.792  33.995
  39.082  27.799  34.016  39.121  29.059  34.761  38.442  26.952  34.644  38.548
  25.951  35.764  37.476  27.217  36.504  37.929  27.864  36.303  37.098  26.338
  35.380  36.262  28.069  34.209  36.066  28.242  36.377  35.511  28.611  37.282
  35.963  28.646  36.309  34.120  29.202  35.836  33.464  28.476  37.798  33.680
  29.505  38.310  33.751  28.550  38.665  34.636  30.434  38.543  35.693  30.179
  38.523  34.483  31.497  39.722  34.384  30.308  37.917  32.245  29.946  37.544
  31.646  29.118  37.344  32.134  30.862  39.374  31.704  30.121  39.367  30.669
  30.466  39.874  31.595  29.158  40.035  32.326  30.726  35.449  34.007  30.462
  34.890  32.896  30.703  35.366  35.109  31.216  35.881  35.910  30.900  34.458
  35.246  32.433  34.131  34.243  32.730  35.264  35.846  33.597  34.551  35.785
  34.414  35.612  36.859  33.359  36.520  35.039  33.987  37.295  35.151  33.229
  36.276  33.503  34.102  37.235  33.099  34.440  35.460  33.321  34.792  36.113
  33.040  33.130  36.998  35.684  35.294  37.746  35.064  35.786  37.446  36.667
  35.105  36.175  35.753  36.000  33.112  35.954  32.104  32.282  36.106  33.019
  32.894  36.277  30.801  33.626  36.080  30.147  31.595  36.843  30.344  31.739
  37.156  29.308  30.494  35.802  30.269  29.557  36.318  30.040  30.419  35.388
  31.276  30.805  34.763  29.202  30.168  33.902  29.390  31.864  34.534  29.306
  30.327  35.237  27.829  29.124  35.115  27.541  31.185  35.777  27.003  32.111
  35.993  27.352  30.802  36.178  26.160  31.195  38.158  31.098  30.131  38.277
  31.696  32.125  39.092  31.246  33.020  38.926  30.801  31.904  40.326  32.050
  31.291  40.175  32.938  33.284  40.682  32.703  34.005  40.533  31.908  33.432
  42.079  33.271  34.476  42.342  33.438  33.064  42.833  32.573  32.851  42.119
  34.186  33.663  39.624  33.755  33.599  38.638  33.300  33.031  39.663  34.650
  35.088  39.629  34.322  35.480  40.571  34.695  35.238  38.919  35.132  35.748
  39.330  33.501  31.199  41.442  31.340  31.523  41.823  30.241  30.089  41.961
  31.902  29.794  41.658  32.820  29.098  42.698  31.040  28.975  42.265  30.047
  27.684  42.662  31.733  27.708  43.216  32.675  27.345  41.637  31.842  26.693
  43.398  30.781  26.505  44.590  30.805  26.088  42.690  29.887  26.278  41.698
  29.910  25.527  43.175  29.205  29.472  44.202  30.865  29.757  44.934  31.811
  29.195  44.667  29.660  28.913  43.970  28.983  29.624  45.956  29.177  30.609
  46.083  29.626  29.800  45.882  27.646  30.350  44.944  27.535  30.355  46.741
  27.279  28.493  45.716  27.070  28.178  46.564  26.741  28.800  47.142  29.677
  29.177  48.272  29.257  27.725  46.953  30.459  27.447  46.009  30.686  26.900
  48.050  31.001  27.124  48.960  30.455  25.435  47.721  30.849  25.141  46.822
  31.375  25.234  47.438  29.814  24.470  48.827  31.261  24.594  49.758  30.706
  24.601  48.962  32.338  23.053  48.269  31.132  22.838  47.318  31.628  22.892
  48.144  30.065  22.126  49.185  31.647  22.568  49.978  32.081  20.845  49.293
  31.317  20.270  48.497  30.553  20.739  47.716  30.121  19.299  48.613  30.330
  20.159  50.288  31.858  20.690  50.912  32.454  19.198  50.413  31.585  27.166
  48.379  32.454  26.931  49.499  32.949  27.903  47.461  33.111  28.341  46.680
  32.648  28.237  47.579  34.536  27.890  48.490  35.036  27.372  46.526  35.150
  27.510  46.441  36.230  27.709  45.558  34.781  25.870  46.588  34.952  25.136
  45.784  34.190  25.503  45.001  33.559  23.809  46.077  34.248  23.041  45.500
  33.923  23.567  47.202  35.034  22.427  47.967  35.353  21.559  47.697  34.774
  22.536  49.040  36.266  21.674  49.623  36.555  23.794  49.267  36.901  23.848
  50.087  37.599  24.923  48.512  36.572  25.849  48.571  37.123  24.875  47.477
  35.568  29.738  47.379  34.846  30.282  48.235  35.568  30.423  46.434  34.244
  30.001  45.857  33.526  31.714  45.989  34.779  31.936  46.392  35.761  31.581
  44.503  34.972  32.462  44.112  35.480  31.457  43.960  34.041  30.714  44.260
  35.586  32.919  46.384  33.852  34.007  46.740  34.317  32.648  46.386  32.504
  31.771  46.049  32.127  33.604  46.952  31.497  34.335  47.514  32.072  34.196
  45.805  30.729  34.518  45.174  31.555  35.116  46.180  30.295  33.038  44.860
  29.673  33.027  48.024  30.586  31.827  48.095  30.526  33.799  48.877  29.907
  34.799  48.739  30.010  33.381  49.908  28.985  32.302  50.028  29.003  34.107
  51.217  29.379  35.186  51.056  29.342  33.829  51.484  30.398  33.862  52.446
  28.503  32.820  52.738  27.968  34.927  53.163  28.283  35.809  52.971  28.728
  34.820  53.996  27.722  33.774  49.442  27.558  34.942  49.546  27.206  32.813
  49.118  26.661  31.867  49.312  26.967  33.057  48.775  25.234  34.073  48.365
  25.221  32.152  47.588  24.890  31.495  47.196  25.662  32.812  46.748  24.666
  31.125  47.811  23.765  31.289  47.283  22.612  30.235  48.615  24.062  32.962
  50.073  24.376  33.021  50.035  23.186  32.538  51.196  24.963  32.488  51.252
  25.973  32.295  52.488  24.246  32.918  52.569  23.359  32.509  53.287  24.952
  30.892  52.744  23.715  30.414  53.850  23.803  30.217  51.780  23.045  30.608
  50.856  23.065  28.883  51.984  22.434  28.693  53.054  22.320  29.026  51.481
  21.000  29.965  51.806  20.556  28.195  51.921  20.430  28.799  49.949  20.754
  27.961  49.606  21.357  29.636  49.346  21.086  28.442  49.552  19.323  29.101
  50.035  18.600  27.434  49.898  19.087  28.487  48.109  19.204  29.118  47.622
  19.836  27.932  47.312  18.351  28.220  46.020  18.447  28.885  45.835  19.184
  28.107  45.429  17.637  26.987  47.599  17.525  26.698  48.563  17.633  26.486
  46.955  16.939  27.776  51.498  23.321  26.661  52.008  23.263  28.033  50.467
  24.104  28.949  50.028  24.122  27.058  49.992  25.190  26.189  49.474  24.775
  27.658  49.022  26.259  28.595  49.330  26.736  26.633  48.637  27.274  27.091
  47.841  27.862  26.497  49.459  27.983  25.589  48.503  26.975  28.031  47.848
  25.583  28.748  48.083  24.993  26.587  51.278  25.915  27.458  51.898  26.528
  25.241  51.651  25.922  24.079  51.171  25.189  23.648  50.415  25.844  24.276
  50.596  24.286  23.219  52.396  24.969  22.166  52.174  24.801  23.668  52.960
  24.146  23.388  53.154  26.256  22.760  52.681  26.999  23.087  54.195  26.143
  24.888  52.953  26.476  25.440  53.689  25.900  25.282  53.041  27.971  25.138
  52.033  28.667  25.876  54.200  28.299  26.125  54.776  27.508  26.172  54.608
  29.660  25.209  54.992  29.993  26.840  55.470  29.531  26.731  53.577  30.631
  26.201  53.529  31.786  27.811  52.831  30.302  28.193  52.904  29.367  28.308
  51.750  31.194  27.523  51.041  31.431  29.354  51.008  30.425  30.060  51.797
  30.167  28.872  50.570  29.556  29.872  50.035  31.275  29.770  49.199  30.818
  28.866  52.344  32.510  29.456  53.457  32.448  28.905  51.447  33.453  28.425
  50.579  33.260  29.182  51.905  34.844  29.352  52.984  34.837  28.077  51.501
  35.890  28.360  51.963  36.841  28.116  50.411  35.886  26.599  51.873  35.678
  26.032  51.430  36.509  26.296  51.511  34.696  26.333  53.395  35.628  26.629
  53.858  34.688  26.994  53.810  36.386  24.949  53.752  35.915  24.777  53.689
  36.907  24.085  54.207  35.006  24.254  54.177  33.744  25.097  53.813  33.332
  23.533  54.585  33.165  22.911  54.465  35.432  22.710  54.482  36.424  22.098
  54.654  34.867  30.580  51.338  35.230  31.162  51.707  36.229  31.254  50.468
  34.387  30.713  50.033  33.658  32.741  50.271  34.216  32.876  49.381  33.588
  33.385  51.473  33.403  33.399  52.373  34.019  32.809  51.685  32.494  34.839
  51.134  33.025  35.362  50.114  33.415  35.561  51.986  32.275  35.136  52.825
  31.917  36.475  51.761  31.901  33.362  50.147  35.643  34.184  50.955  36.054
  32.830  49.224  36.481  32.101  48.645  36.106  33.091  49.033  37.912  33.304
  50.026  38.285  31.881  48.395  38.642  32.209  48.277  39.681  31.618  47.422
  38.239  30.681  49.357  38.669  30.244  49.597  37.699  29.543  48.811  39.507
  28.658  49.449  39.456  29.170  47.830  39.205  29.762  48.774  40.566  31.019
  50.654  39.357  30.226  51.391  39.263  31.077  50.490  40.429  31.902  51.201
  39.011  34.385  48.253  38.132  34.724  48.037  39.292  35.174  48.010  37.098
  34.816  48.070  36.150  36.632  47.678  37.190  36.950  47.550  38.219  36.793
  46.267  36.610  37.823  46.011  36.854  36.654  46.303  35.530  35.727  45.009
  37.358  37.576  48.670  36.587  38.783  48.388  36.550  37.053  49.797  36.065
  36.063  49.935  35.942  37.907  50.840  35.442  37.153  51.584  35.208  38.714
  51.529  36.585  39.490  50.816  36.868  38.114  51.758  37.467  39.512  52.744
  36.059  39.010  53.395  35.144  40.601  53.172  36.624  40.923  52.681  37.438
  41.193  53.849  36.158  38.663  50.424  34.211  39.755  50.999  33.883  38.246
  49.348  33.521  37.334  48.959  33.694  38.880  48.725  32.364  39.663  49.371
  31.977  39.579  47.362  32.638  39.867  47.024  31.640  40.810  47.782  33.471
  41.495  46.969  33.717  41.373  48.518  32.885  40.432  48.070  34.450  38.825
  46.251  33.481  37.766  46.459  33.318  39.055  46.305  34.538  39.157  44.850
  32.929  38.846  44.124  33.682  38.706  44.630  31.966  40.236  44.759  32.910
  37.848  48.527  31.216  36.665  48.131  31.392  38.241  48.955  29.986  39.523
  49.497  29.566  40.401  48.954  29.927  39.666  50.472  30.021  39.530  49.555
  28.075  39.978  48.664  27.624  40.025  50.444  27.678  38.069  49.675  27.796
  37.796  49.293  26.814  37.729  50.709  27.864  37.409  48.777  28.866  36.395
  49.061  29.151  37.411  47.250  28.458  38.357  46.526  28.781  36.370  46.741
  27.795  35.703  47.412  27.431  36.114  45.338  27.488  36.247  44.821  28.445
  34.647  45.056  27.035  34.465  43.985  26.913  34.432  45.483  26.061  33.222
  45.823  27.927  37.190  44.794  26.556  37.438  43.571  26.502  37.820  45.556
  25.719  37.489  46.497  25.618  39.071  45.233  25.013  38.937  44.384  24.346
  39.618  46.568  24.318  39.300  46.675  23.279  40.709  46.597  24.348  39.175
  47.741  24.955  39.498  48.511  24.470  40.134  44.706  25.941  40.912  43.912
  25.476  40.128  44.996  27.227  39.488  45.697  27.573  41.160  44.408  28.097
  42.159  44.593  27.695  41.140  45.248  29.385  41.951  44.808  29.954  41.257
  46.282  29.068  40.222  45.015  29.926  40.929  42.896  28.501  41.883  42.169
  28.603  39.645  42.478  28.479  38.977  43.119  28.075  39.093  41.146  28.673
  39.557  40.725  29.566  37.535  41.184  28.847  37.139  40.233  29.204  37.091
  41.595  27.945  37.004  42.066  29.989  37.412  43.070  29.820  35.495  42.260
  29.929  35.278  42.835  30.823  35.182  42.790  29.034  34.985  41.295  29.928
  37.542  41.652  31.390  37.286  42.425  32.111  37.204  40.648  31.628  38.631
  41.631  31.351  39.343  40.176  27.495  39.332  38.938  27.594  39.668  40.686
  26.315  39.727  41.694  26.249  39.980  39.915  25.123  39.381  39.001  25.162
  39.468  40.803  23.954  39.706  40.346  22.989  39.958  41.778  23.926  37.941
  41.057  23.954  37.594  41.624  24.819  37.508  41.864  22.786  36.440  42.026
  22.843  37.979  42.851  22.837  37.735  41.299  21.882  37.108  39.765  23.951
  36.098  40.060  23.645  37.294  39.051  23.150  37.152  39.269  24.928  41.416
  39.629  24.995  41.986  39.538  23.911  42.156  39.628  26.098  41.684  39.696
  26.981  43.563  39.206  26.192  44.028  39.528  25.253  44.300  39.807  27.416
  43.912  39.264  28.288  44.080  40.870  27.413  45.686  39.611  27.237  45.915
  40.168  26.487  43.606  37.634  26.065  42.784  36.889  26.603  44.605  37.103
  25.353  45.157  37.750  24.799  44.921  35.640  25.372  44.014  35.048  25.289
  45.817  35.303  24.119  46.258  34.320  24.240  46.654  35.995  24.121  45.076
  35.262  22.916  45.737  34.957  22.295  45.599  35.274  26.702  45.690  34.076
  26.959  46.085  36.211  27.504  46.052  37.167  27.180  46.367  36.149  28.922
  46.840  35.209  29.192  47.500  37.182  29.157  47.225  38.148  28.725  48.412
  36.865  28.643  47.744  37.361  30.592  48.188  38.472  30.922  47.493  36.516
  31.447  45.066  36.354  29.751  44.353  37.287  29.484  44.828  35.532  30.805
  45.554  34.889  31.088  43.616  35.596  31.665  42.782  35.825  30.999  43.270
  34.330  32.377  42.326  34.467  32.914  42.970  33.277  31.315  42.315  32.489
  31.673  42.607  33.777  30.421  43.944  32.854  31.053  44.256  33.947  33.494
  44.120  34.631  34.326  45.294  34.063  33.183  43.948  32.599  34.117  42.901
  32.623  34.396  44.124  31.767  33.428  44.505  32.498  35.044  43.766  36.710
  32.688  42.755  37.198  33.200  45.032  37.142  32.940  45.743  36.677  32.391
  45.471  38.024  34.043  45.353  37.479  34.983  46.934  38.409  33.955  47.171
  38.963  33.054  47.472  39.172  35.159  48.542  39.319  34.987  46.992  40.138
  35.279  47.312  38.496  36.000  47.761  37.229  33.865  47.651  36.957  32.959
  44.643  39.303  34.082  44.268  39.773  35.208  44.318  39.878  32.876  44.596
  39.443  32.010  43.520  41.155  32.814  43.933  41.823  33.571  43.705  41.863
  31.412  43.103  42.778  31.354  44.767  42.083  31.439  43.491  41.182  30.584
  42.043  41.056  33.269  41.658  41.843  34.141  41.269  40.017  32.851  41.767
  39.363  32.246  39.890  39.697  33.298  39.258  40.593  33.251  39.191  38.581
  32.431  38.123  38.564  32.651  39.675  37.661  32.770  39.321  38.739  31.047
  40.248  38.509  30.952  39.798  39.200  34.787  38.968  39.510  35.580  40.824
  38.456  35.179  41.475  38.189  34.457  41.012  38.004  36.544  40.092  37.589
  36.968  42.255  37.105  36.736  43.046  37.670  36.241  42.006  35.688  36.119
  42.730  34.904  36.344  41.075  35.303  36.513  41.927  35.743  35.029  42.556
  36.875  38.267  43.462  36.298  38.417  42.710  37.850  38.731  41.695  36.360
  38.702  41.172  39.236  37.424  40.713  39.328  38.567  41.928  40.272  36.982
  42.100  40.376  35.989  42.137  41.473  37.813  42.422  41.075  38.786  43.341
  42.235  37.391  43.183  43.280  37.637  43.491  42.148  36.310  44.633  41.853
  38.065  44.938  42.425  39.104  45.490  40.907  37.571  45.287  40.426  36.710
  46.351  40.665  38.027  40.928  42.349  38.081  40.853  43.093  39.000  39.859
  42.187  37.262  40.107  41.712  36.407  38.476  42.674  37.498  38.550  43.553
  38.134  37.858  43.090  36.177  38.104  42.346  35.416  38.225  44.062  35.839
  36.051  43.328  36.220  37.655  41.765  38.419  36.877  42.245  39.239  37.841
  40.432  38.317  38.522  40.145  37.615  37.077  39.419  38.998  36.065  39.523
  38.616  37.560  38.019  38.675  36.947  37.242  39.122  37.539  37.824  37.608
  38.612  37.923  38.937  37.032  39.622  40.506  36.036  39.372  41.199  38.191
  40.059  41.049  38.986  40.042  40.422  38.397  40.378  42.453  37.933  39.529
  42.940  39.880  40.369  42.800  39.911  40.534  43.877  40.423  41.166  42.303
  40.664  39.075  42.432  40.514  38.961  41.355  40.311  38.248  43.047  42.167
  39.272  42.516  42.568  39.543  43.498  42.427  39.999  41.763  42.771  37.911
  42.190  42.469  37.659  41.167  42.268  37.145  42.776  44.213  37.861  42.448
  44.552  36.926  42.299  44.723  38.437  41.795  44.404  38.173  43.392  37.674
  41.584  43.042  37.404  41.574  44.225  37.256  42.555  42.201  37.405  42.260
  41.244  36.370  43.729  42.512  36.613  44.181  43.483  36.710  44.758  41.363
  35.958  45.547  41.408  36.577  44.305  40.381  38.059  45.449  41.561  38.802
  44.653  41.686  38.072  46.032  42.482  38.337  46.348  40.375  37.544  47.105
  40.301  38.383  45.695  39.504  39.735  46.977  40.533  40.509  46.222  40.698
  39.748  47.502  41.496  40.154  47.888  39.476  41.128  48.121  39.624  40.152
  47.385  38.593  39.593  48.724  39.539  34.914  43.202  42.442  34.084  43.403
  43.357  34.547  42.301  41.469  35.249  42.163  40.755  33.208  41.641  41.281
  32.578  42.528  41.363  33.029  40.861  39.883  33.730  40.034  39.849  31.624
  40.375  39.923  31.400  39.764  39.044  31.475  39.720  40.784  30.972  41.251
  39.876  33.357  41.770  38.667  34.293  42.333  38.760  32.604  42.567  38.652
  33.317  41.001  37.328  33.825  41.524  36.516  33.809  40.027  37.398  32.273
  40.847  37.050  32.901  40.781  42.496  31.848  41.040  43.092  33.736  39.900
  42.972  34.652  39.775  42.565  33.407  39.000  44.078  32.364  38.689  44.012
  34.325  37.760  44.018  34.351  37.275  43.045  35.740  38.061  44.321  36.071
  38.786  43.567  35.853  38.494  45.314  36.413  37.205  44.378  33.802  36.679
  44.979  34.150  35.681  44.701  34.193  36.800  45.984  32.713  36.750  44.998
  33.336  39.631  45.460  32.758  39.030  46.394  33.809  40.849  45.628  34.236
  41.293  44.827  33.718  41.658  46.847  33.679  41.032  47.746  35.006  42.467
  46.913  34.960  43.051  47.835  35.085  43.154  46.072  36.189  41.716  46.924
  36.613  41.899  46.077  32.557  42.649  46.822  32.182  43.318  47.836  31.868
  42.798  45.606  32.065  42.214  44.803  30.855  43.834  45.340  31.327  44.783
  45.572  30.443  43.896  43.842  30.230  42.883  43.509  31.320  44.138  43.241
  29.311  44.933  43.627  28.174  44.489  43.294  29.615  46.144  43.857  29.582
  43.760  46.242  29.197  44.781  46.721  29.125  42.570  46.674  29.613  41.819
  46.221  28.111  42.375  47.686  27.449  43.241  47.629  28.551  42.416  48.682
  27.158  41.181  47.512  26.143  41.111  48.173  27.371  40.354  46.522  28.139
  40.608  45.912  26.536  39.127  46.188  25.782  38.996  46.977  25.816  39.314
  44.832  26.538  39.155  44.027  25.335  40.288  44.781  24.705  38.342  44.626
  24.118  37.871  45.538  24.182  38.129  43.423  24.707  38.321  42.576  23.277
  37.687  43.378  27.384  37.868  46.129  26.936  36.767  46.469  28.672  37.971
  45.806  29.090  38.875  45.669  29.589  36.859  45.614  29.317  36.052  46.289
  30.546  37.245  45.940  29.732  36.386  44.160  29.280  37.036  43.184  30.329
  35.188  44.002  30.590  34.617  44.788  30.391  34.508  42.691  30.940  35.092
  41.968  31.078  33.181  42.735  30.825  32.720  41.784  30.629  32.587  43.528
  32.592  33.350  42.919  32.923  33.561  43.933  33.013  34.075  42.224  33.243
  31.669  42.648  33.006  31.554  40.831  31.972  31.529  40.481  33.608  32.270
  40.285  33.374  30.566  40.543  28.984  34.352  42.106  28.971  34.125  40.899
  27.832  34.613  42.763  28.002  34.756  43.749  26.448  34.678  42.214  26.275
  33.665  41.860  25.562  35.065  43.426  24.561  35.269  43.052  25.836  36.029
  43.860  25.341  34.002  44.464  24.749  32.944  44.225  25.804  34.197  45.707
  26.215  35.058  46.041  25.443  33.530  46.360  26.187  35.634  41.042  25.141
  35.584  40.382  27.131  36.439  40.642  28.006  36.458  41.134  26.882  37.396
  39.600  26.030  38.038  39.828  28.091  38.433  39.513  27.723  39.227  38.865
  28.284  38.926  40.475  29.024  38.019  39.141  26.653  36.707  38.202  25.919
  37.141  37.322  27.490  35.666  37.969  27.994  35.343  38.780  27.491  34.847
  36.721  27.522  35.595  35.930  28.865  34.193  36.659  28.841  33.550  35.778
  29.037  33.614  37.566  30.003  35.130  36.565  30.241  35.892  35.451  29.671
  35.704  34.549  31.361  36.704  35.649  31.829  37.219  34.917  31.821  36.609
  36.947  32.893  37.259  37.628  33.495  37.945  37.062  33.182  36.935  38.910
  33.932  37.505  39.435  32.457  35.921  39.541  32.762  35.522  40.505  31.355
  35.282  38.911  30.782  34.494  39.368  30.987  35.606  37.569  26.321  33.916
  36.605  26.003  33.194  37.569  25.749  33.774  35.433  26.100  34.451  34.779
  24.588  32.862  35.206  23.936  32.831  36.083  23.744  33.393  34.066  23.626
  34.449  34.331  24.319  33.137  32.704  23.738  33.712  31.981  25.342  33.517
  32.650  24.356  32.092  32.399  22.257  32.737  34.019  21.605  33.212  33.278
  22.445  31.692  33.803  21.767  32.906  34.981  25.023  31.424  34.984  24.307
  30.487  35.384  26.246  31.224  34.426  26.739  31.962  33.950  26.802  29.918
  34.350  26.092  29.286  33.826  28.126  29.953  33.587  28.515  28.947  33.449
  27.941  30.370  32.593  28.768  30.636  34.152  27.049  29.376  35.756  26.810
  28.202  36.015  27.446  30.236  36.710  27.653  31.180  36.414  27.684  29.824
  38.084  28.185  28.849  38.074  28.710  30.726  38.832  28.201  31.654  39.072
  29.526  30.928  38.141  29.215  30.179  40.065  30.278  29.320  40.159  30.807
  28.942  39.289  30.578  29.127  41.469  31.335  28.575  41.840  29.630  29.668
  42.270  29.482  29.710  43.640  30.114  29.194  44.353  28.364  30.379  44.201
  28.154  30.477  45.261  27.453  31.045  43.369  26.683  31.551  43.928  27.611
  31.063  41.997  26.872  31.643  41.445  28.739  30.373  41.367  26.328  29.518
  38.811  26.233  28.478  39.437  25.333  30.335  38.578  25.477  31.165  38.034
  24.007  30.196  39.181  24.155  30.041  40.253  23.126  31.430  38.841  22.095
  31.133  39.025  23.241  31.804  37.824  23.327  32.583  39.862  24.330  32.983
  39.808  23.221  32.149  40.860  22.427  33.800  39.712  22.979  34.690  40.034
  21.470  33.686  40.203  22.018  34.104  38.351  21.318  33.524  37.916  22.550
  34.977  37.554  22.042  35.245  36.394  21.146  34.849  36.108  22.534  35.911
  35.820  23.559  35.653  37.915  24.066  35.491  38.783  23.862  36.442  37.360
  23.242  28.997  38.756  22.622  28.345  39.541  23.188  28.719  37.470  23.609
  29.375  36.837  22.362  27.588  36.924  21.714  27.166  37.697  21.377  28.061
  35.806  21.043  27.294  35.110  21.917  28.706  35.112  20.169  28.851  36.365
  20.236  29.704  37.282  19.041  28.435  35.891  19.008  27.754  35.152  18.218
  28.898  36.252  23.116  26.324  36.476  22.482  25.363  36.026  24.446  26.282
  36.525  24.867  27.104  36.939  25.271  25.157  36.064  24.602  24.293  36.013
  25.780  25.401  34.616  26.683  24.810  34.466  26.080  26.447  34.548  24.776
  24.934  33.531  23.854  25.447  33.822  24.606  23.856  33.569  25.206  25.199
  32.114  24.575  24.664  31.407  26.211  24.846  31.900  25.188  26.655  31.802
  24.750  27.299  32.457  25.494  27.275  30.680  25.898  26.526  29.647  25.950
  25.528  29.812  26.194  26.890  28.759  25.476  28.604  30.571  25.078  29.198
  31.285  26.052  28.907  29.791  26.414  24.689  36.971  26.862  23.553  36.834
  26.701  25.512  37.966  26.210  26.387  37.998  27.777  25.196  38.982  28.286
  24.248  38.801  28.936  26.183  38.837  29.718  25.815  39.495  28.679  27.142
  39.285  29.863  26.330  37.246  27.269  25.093  40.448  27.596  24.150  41.139
  26.493  26.097  40.890  26.224  26.820  40.242  25.965  26.183  42.264  26.862
  26.263  42.885  25.158  27.501  42.281  24.311  27.319  41.622  25.813  28.310
  41.954  24.694  27.797  43.731  25.589  27.777  44.354  23.999  27.028  44.059
  24.038  29.174  43.777  23.133  29.204  43.165  24.782  29.892  43.420  23.783
  29.458  45.245  24.748  29.446  45.737  23.070  28.731  45.652  23.217  30.795
  45.321  22.918  31.082  46.239  23.910  31.433  44.965  22.404  30.954  44.745
  25.127  24.956  42.639  24.216  24.553  41.873  25.471  24.330  43.786  26.249
  24.730  44.293  24.992  23.012  44.320  23.903  23.023  44.339  25.331  22.984
  45.357  25.553  21.686  43.594  25.428  20.576  44.232  26.204  21.752  42.427
  26.481  22.696  42.191  26.907  20.595  41.778  26.399  19.652  41.926  27.075
  20.771  40.273  27.492  19.910  39.752  25.704  21.176  39.670  24.973  20.622
  40.274  25.596  22.249  39.835  25.621  20.801  38.656  27.972  21.817  39.900
  27.754  22.568  40.471  28.299  20.281  42.360  28.913  21.104  43.013  28.935
  19.170  42.081  28.325  18.451  41.727  30.226  18.746  42.626  30.149  19.181
  43.620  30.373  17.207  42.827  30.370  16.752  41.834  29.513  16.783  43.351
  31.678  16.946  43.639  31.938  15.747  43.865  32.489  17.843  43.899  31.376
  19.453  41.855  32.114  18.835  41.087  31.622  20.696  42.214  31.002  21.133
  42.893  32.475  21.637  41.483  32.274  21.554  40.415  32.383  23.066  41.952
  33.235  23.612  41.557  31.024  23.642  41.496  30.747  24.659  41.773  31.014
  23.566  40.417  30.172  23.066  41.872  32.338  23.298  43.450  31.348  23.023
  43.793  33.085  22.617  43.863  32.601  24.320  43.722  33.981  21.243  41.495
  34.787  21.613  40.642  34.310  20.353  42.405  33.638  19.726  42.831  35.687
  19.921  42.509  36.405  20.734  42.481  36.001  19.177  43.798  35.710  18.148
  43.626  35.413  19.684  44.556  37.526  19.319  44.212  37.787  20.376  44.204
  38.105  18.851  43.414  37.772  18.696  45.549  37.828  19.332  46.630  37.760
  17.397  45.629  37.787  16.815  44.807  37.865  17.020  46.563  36.017  19.029
  41.199  37.193  18.843  40.892  35.015  18.497  40.426  34.079  18.651  40.782
  35.197  17.648  39.317  35.732  16.789  39.715  33.809  17.275  38.885  33.756
  16.811  37.902  33.310  16.682  39.658  33.217  18.179  38.747  35.972  18.234
  38.141  36.700  17.517  37.475  35.874  19.591  37.912  35.244  20.106  38.500
  36.752  20.318  36.893  36.748  19.724  35.982  36.101  21.618  36.500  36.586
  21.930  35.581  36.355  22.318  37.307  34.620  21.582  36.433  33.681  21.885
  37.388  33.914  22.407  38.308  32.434  21.482  37.045  31.611  21.718  37.579
  32.487  20.853  35.833  31.612  20.020  35.073  30.574  19.984  35.353  32.026
  19.498  33.837  31.276  18.967  33.282  33.325  19.758  33.322  33.732  19.261
  32.455  34.228  20.392  34.154  35.286  20.398  33.935  33.845  20.964  35.389
  38.246  20.409  37.259  39.071  20.658  36.377  38.653  20.063  38.490  37.926
  19.770  39.131  40.046  19.946  38.940  40.700  20.077  38.082  40.356  21.157
  39.859  41.419  21.181  40.109  40.023  22.509  39.102  40.466  23.285  39.727
  40.563  22.380  38.169  38.943  22.628  39.000  39.558  21.135  41.187  39.621
  20.130  41.591  38.508  21.312  40.973  39.996  22.057  42.289  39.542  21.806
  43.247  41.086  21.947  42.331  39.754  23.086  42.056  40.487  18.550  39.466
  41.678  18.362  39.728  39.590  17.552  39.689  38.611  17.800  39.604  40.068
  16.190  39.875  40.795  16.154  40.679  38.911  15.165  40.180  39.280  14.140
  40.102  38.234  15.299  39.334  38.124  15.293  41.536  38.026  16.367  41.731
  38.737  14.909  42.346  36.835  14.543  41.418  36.913  13.470  41.234  36.202
  14.978  40.638  36.128  14.769  42.682  36.594  14.598  43.560  34.913  15.133
  42.857  33.986  15.228  41.914  34.215  14.932  40.976  33.122  15.562  42.297
  34.577  15.454  44.036  35.120  15.110  44.806  33.589  15.517  44.233  40.943
  15.664  38.705  40.727  16.069  37.581  42.048  14.936  38.946  42.152  14.529
  39.861  42.943  14.412  37.895  42.354  14.225  37.003  43.318  13.464  38.276
  44.069  15.346  37.501  45.152  14.841  37.239  43.813  16.670  37.594  42.888
  16.894  37.929  44.834  17.672  37.740  45.566  17.613  36.934  44.186  19.085
  37.485  44.853  19.937  37.357  43.686  19.294  38.437  43.005  19.226  36.133
  45.654  17.523  39.035  45.101  17.275  40.144  46.976  17.720  39.011  47.421
  18.003  38.152  47.898  17.908  40.140  47.346  17.897  41.075  48.957  16.807
  40.086  49.641  16.948  39.248  48.466  15.849  39.925  49.757  16.669  41.432
  50.428  15.820  41.278  49.123  16.458  42.300  50.672  17.807  41.837  50.941
  17.740  42.895  50.201  18.781  41.786  51.935  17.763  41.066  52.324  16.846
  40.886  52.661  18.761  40.705  53.753  18.520  39.998  54.103  17.585  39.879
  54.329  19.321  39.781  52.445  19.976  40.929  51.531  20.211  41.303  53.040
  20.736  40.632  48.439  19.319  39.884  49.053  19.558  38.845  48.247  20.226
  40.862  47.661  19.963  41.642  48.462  21.745  40.898  48.098  22.164  39.955
  47.547  22.320  41.988  47.907  23.357  42.009  47.630  21.793  42.945  46.045
  22.458  41.569  45.565  22.737  42.500  45.789  23.728  40.683  44.739  23.894
  40.440  46.053  24.614  41.257  46.431  23.638  39.808  45.347  21.255  40.933
  44.289  21.524  40.869  45.676  21.067  39.913  45.545  20.403  41.584  49.947
  22.201  40.968  50.701  21.778  41.908  50.445  22.822  39.994  29.396  39.862
  36.250  28.450  39.058  35.330  27.651  40.012  34.393  30.113  39.141  36.654
  28.778  40.429  36.947  29.919  40.618  35.644  27.831  38.464  36.005  28.928
  38.353  34.636  26.990  39.497  33.687  28.412  40.546  33.808  27.104  40.795
  34.937
