{"items": [{"smiles": "CCCCC(c1ccccc1)", "logP": 3.4193000000000024, "TPSA": 0.0, "MW": 148.24900000000014, "HBD": 0, "HBA": 0, "RotB": 5}, {"smiles": "CC=C", "logP": 1.1923000000000001, "TPSA": 0.0, "MW": 42.08100000000002, "HBD": 0, "HBA": 0, "RotB": 1}, {"smiles": "C=C", "logP": 0.8022, "TPSA": 0.0, "MW": 28.053999999999995, "HBD": 0, "HBA": 0, "RotB": 0}, {"smiles": "CCCl", "logP": 1.2451, "TPSA": 0.0, "MW": 64.51500000000001, "HBD": 0, "HBA": 0, "RotB": 1}]}